contig_id,feature_type,start,end,strand,length_bp,locus_tag,gene,product,protein_id,ec_number,db_xref,inference,cumulative_start,cumulative_end
S1A_contig_001,CDS,247,988,+,741,PROKKA_00001,,ubiquinone/menaquinone biosynthesis methyltransferase,BS:PROKKA_00001,,,ab initio prediction:Prodigal:2.6;protein motif:CLUSTERS:PRK00216,247,988
S1A_contig_001,CDS,1148,2696,-,1548,PROKKA_00002,yheS_1,putative ABC transporter ATP-binding protein YheS,BS:PROKKA_00002,,,ab initio prediction:Prodigal:2.6;similar to AA sequence:UniProtKB:P63389,1148,2696
S1A_contig_001,CDS,3074,4013,+,939,PROKKA_00003,,ADP-ribosylglycohydrolase,BS:PROKKA_00003,,,ab initio prediction:Prodigal:2.6;protein motif:Pfam:PF03747.8,3074,4013
S1A_contig_001,CDS,4090,4690,+,600,PROKKA_00004,sipT,Signal peptidase I T,BS:PROKKA_00004,3.4.21.89,,ab initio prediction:Prodigal:2.6;similar to AA sequence:UniProtKB:P71013,4090,4690
S1A_contig_001,CDS,4975,5308,-,333,PROKKA_00005,,hypothetical protein,BS:PROKKA_00005,,,ab initio prediction:Prodigal:2.6,4975,5308
S1A_contig_001,CDS,5416,6160,-,744,PROKKA_00006,,hypothetical protein,BS:PROKKA_00006,,,ab initio prediction:Prodigal:2.6,5416,6160
S1A_contig_001,CDS,6178,6961,-,783,PROKKA_00007,epsH_1,Putative glycosyltransferase EpsH,BS:PROKKA_00007,2.4.-.-,,ab initio prediction:Prodigal:2.6;similar to AA sequence:UniProtKB:P71057,6178,6961
S1A_contig_001,CDS,7045,7804,-,759,PROKKA_00008,glcR_1,HTH-type transcriptional repressor GlcR,BS:PROKKA_00008,,,ab initio prediction:Prodigal:2.6;similar to AA sequence:UniProtKB:P94591,7045,7804
S1A_contig_001,CDS,8248,8935,+,687,PROKKA_00009,,hypothetical protein,BS:PROKKA_00009,,,ab initio prediction:Prodigal:2.6,8248,8935
S1A_contig_001,CDS,9677,11057,+,1380,PROKKA_00010,brnQ_1,Branched-chain amino acid transport system 2 carrier protein,BS:PROKKA_00010,,,ab initio prediction:Prodigal:2.6;similar to AA sequence:UniProtKB:P0AD99,9677,11057
S1A_contig_001,CDS,11207,12302,-,1095,PROKKA_00011,brpA_1,Biofilm regulatory protein A precursor,BS:PROKKA_00011,,,ab initio prediction:Prodigal:2.6;similar to AA sequence:UniProtKB:Q8DVR0,11207,12302
S1A_contig_001,CDS,12430,14230,+,1800,PROKKA_00012,pepF1_1,"Oligoendopeptidase F, plasmid",BS:PROKKA_00012,3.4.24.-,,ab initio prediction:Prodigal:2.6;similar to AA sequence:UniProtKB:P54124,12430,14230
S1A_contig_001,CDS,14226,15108,+,882,PROKKA_00013,garR_1,2-hydroxy-3-oxopropionate reductase,BS:PROKKA_00013,1.1.1.60,,ab initio prediction:Prodigal:2.6;similar to AA sequence:UniProtKB:P0ABQ2,14226,15108
S1A_contig_001,CDS,15104,15953,+,849,PROKKA_00014,,phosphodiesterase,BS:PROKKA_00014,,,ab initio prediction:Prodigal:2.6;protein motif:CLUSTERS:PRK09453,15104,15953
S1A_contig_001,CDS,16024,16822,-,798,PROKKA_00015,znuB,High-affinity zinc uptake system membrane protein ZnuB,BS:PROKKA_00015,,,ab initio prediction:Prodigal:2.6;similar to AA sequence:UniProtKB:P39832,16024,16822
S1A_contig_001,CDS,16818,17538,-,720,PROKKA_00016,znuC_1,Zinc import ATP-binding protein ZnuC,BS:PROKKA_00016,3.6.3.-,,ab initio prediction:Prodigal:2.6;similar to AA sequence:UniProtKB:Q8ZNV7,16818,17538
S1A_contig_001,CDS,17611,17956,-,345,PROKKA_00017,,hypothetical protein,BS:PROKKA_00017,,,ab initio prediction:Prodigal:2.6,17611,17956
S1A_contig_001,CDS,18204,19557,-,1353,PROKKA_00018,gntT,High-affinity gluconate transporter,BS:PROKKA_00018,,,ab initio prediction:Prodigal:2.6;similar to AA sequence:UniProtKB:P39835,18204,19557
S1A_contig_001,CDS,19741,21310,-,1569,PROKKA_00019,xylB_1,Xylulose kinase,BS:PROKKA_00019,2.7.1.17,,ab initio prediction:Prodigal:2.6;similar to AA sequence:UniProtKB:P35850,19741,21310
S1A_contig_001,CDS,21379,22285,-,906,PROKKA_00020,gndA,"6-phosphogluconate dehydrogenase, NADP(+)-dependent, decarboxylating",BS:PROKKA_00020,1.1.1.44,,ab initio prediction:Prodigal:2.6;similar to AA sequence:UniProtKB:P80859,21379,22285
S1A_contig_001,CDS,22587,23430,+,843,PROKKA_00021,murR_1,HTH-type transcriptional regulator MurR,BS:PROKKA_00021,,,ab initio prediction:Prodigal:2.6;similar to AA sequence:UniProtKB:P77245,22587,23430
S1A_contig_001,CDS,23646,24036,-,390,PROKKA_00022,,Tautomerase enzyme,BS:PROKKA_00022,,,ab initio prediction:Prodigal:2.6;protein motif:Pfam:PF01361.1,23646,24036
S1A_contig_001,CDS,24073,24946,-,873,PROKKA_00023,iolJ_1,6-phospho-5-dehydro-2-deoxy-D-gluconate aldolase,BS:PROKKA_00023,4.1.2.29,,ab initio prediction:Prodigal:2.6;similar to AA sequence:UniProtKB:P42420,24073,24946
S1A_contig_001,CDS,24968,25865,-,897,PROKKA_00024,iolE,Inosose dehydratase,BS:PROKKA_00024,4.2.1.44,,ab initio prediction:Prodigal:2.6;similar to AA sequence:UniProtKB:Q88S37,24968,25865
S1A_contig_001,CDS,25866,26919,-,1053,PROKKA_00025,idhA,Inositol 2-dehydrogenase,BS:PROKKA_00025,1.1.1.18,,ab initio prediction:Prodigal:2.6;similar to AA sequence:UniProtKB:O68965,25866,26919
S1A_contig_001,CDS,26956,27997,-,1041,PROKKA_00026,iolG,Inositol 2-dehydrogenase/D-chiro-inositol 3-dehydrogenase,BS:PROKKA_00026,1.1.1.18,,ab initio prediction:Prodigal:2.6;similar to AA sequence:UniProtKB:P26935,26956,27997
S1A_contig_001,CDS,28010,29966,-,1956,PROKKA_00027,iolD,"3D-(3,5/4)-trihydroxycyclohexane-1,2-dione hydrolase",BS:PROKKA_00027,3.7.1.-,,ab initio prediction:Prodigal:2.6;similar to AA sequence:UniProtKB:P42415,28010,29966
S1A_contig_001,CDS,29962,30943,-,981,PROKKA_00028,iolC,5-dehydro-2-deoxygluconokinase,BS:PROKKA_00028,2.7.1.92,,ab initio prediction:Prodigal:2.6;similar to AA sequence:UniProtKB:Q9KAG8,29962,30943
S1A_contig_001,CDS,30979,31795,-,816,PROKKA_00029,iolB,5-deoxy-glucuronate isomerase,BS:PROKKA_00029,5.3.1.-,,ab initio prediction:Prodigal:2.6;similar to AA sequence:UniProtKB:P42413,30979,31795
S1A_contig_001,CDS,31839,33318,-,1479,PROKKA_00030,iolA,Methylmalonate semialdehyde dehydrogenase [acylating],BS:PROKKA_00030,1.2.1.27,,ab initio prediction:Prodigal:2.6;similar to AA sequence:UniProtKB:P42412,31839,33318
S1A_contig_001,CDS,33394,34885,-,1491,PROKKA_00031,iolT_1,Major myo-inositol transporter IolT,BS:PROKKA_00031,,,ab initio prediction:Prodigal:2.6;similar to AA sequence:UniProtKB:O34718,33394,34885
S1A_contig_001,CDS,35428,36235,+,807,PROKKA_00032,srlR_1,Glucitol operon repressor,BS:PROKKA_00032,,,ab initio prediction:Prodigal:2.6;similar to AA sequence:UniProtKB:P15082,35428,36235
S1A_contig_001,CDS,36421,37282,-,861,PROKKA_00033,yvgN,Glyoxal reductase,BS:PROKKA_00033,1.1.1.-,,ab initio prediction:Prodigal:2.6;similar to AA sequence:UniProtKB:O32210,36421,37282
S1A_contig_001,CDS,37478,38231,-,753,PROKKA_00034,,Aspartate racemase,BS:PROKKA_00034,5.1.1.13,,ab initio prediction:Prodigal:2.6;similar to AA sequence:UniProtKB:H8L901,37478,38231
S1A_contig_001,CDS,38236,39790,-,1554,PROKKA_00035,murE,UDP-N-acetylmuramoyl-L-alanyl-D-glutamate--L- lysine ligase,BS:PROKKA_00035,6.3.2.7,,ab initio prediction:Prodigal:2.6;similar to AA sequence:UniProtKB:Q9A196,38236,39790
S1A_contig_001,CDS,39931,40399,-,468,PROKKA_00036,greA_1,Transcription elongation factor GreA,BS:PROKKA_00036,,,ab initio prediction:Prodigal:2.6;similar to AA sequence:UniProtKB:P80240,39931,40399
S1A_contig_001,CDS,40530,41841,-,1311,PROKKA_00037,dacA,D-alanyl-D-alanine carboxypeptidase DacA precursor,BS:PROKKA_00037,3.4.16.4,,ab initio prediction:Prodigal:2.6;similar to AA sequence:UniProtKB:P08750,40530,41841
S1A_contig_001,CDS,41837,43028,-,1191,PROKKA_00038,walK,Sensor protein kinase WalK,BS:PROKKA_00038,2.7.13.3,,ab initio prediction:Prodigal:2.6;similar to AA sequence:UniProtKB:Q7A8E0,41837,43028
S1A_contig_001,CDS,43033,43720,-,687,PROKKA_00039,srrA_1,Transcriptional regulatory protein SrrA,BS:PROKKA_00039,,,ab initio prediction:Prodigal:2.6;similar to AA sequence:UniProtKB:Q9L524,43033,43720
S1A_contig_001,CDS,43874,44555,+,681,PROKKA_00040,,hypothetical protein,BS:PROKKA_00040,,,ab initio prediction:Prodigal:2.6,43874,44555
S1A_contig_001,CDS,44636,46124,-,1488,PROKKA_00041,guaB,Inosine-5'-monophosphate dehydrogenase,BS:PROKKA_00041,1.1.1.205,,ab initio prediction:Prodigal:2.6;similar to AA sequence:UniProtKB:P0C0H6,44636,46124
S1A_contig_001,CDS,46500,47322,-,822,PROKKA_00042,,hypothetical protein,BS:PROKKA_00042,,,ab initio prediction:Prodigal:2.6,46500,47322
S1A_contig_001,CDS,47353,48376,-,1023,PROKKA_00043,ychF,Ribosome-binding ATPase YchF,BS:PROKKA_00043,,,ab initio prediction:Prodigal:2.6;similar to AA sequence:UniProtKB:P44681,47353,48376
S1A_contig_001,CDS,48491,48674,-,183,PROKKA_00044,,hypothetical protein,BS:PROKKA_00044,,,ab initio prediction:Prodigal:2.6,48491,48674
S1A_contig_001,CDS,48838,49711,-,873,PROKKA_00045,spo0C,Chromosome-partitioning protein Spo0J,BS:PROKKA_00045,,,ab initio prediction:Prodigal:2.6;similar to AA sequence:UniProtKB:Q72H91,48838,49711
S1A_contig_001,CDS,49700,50468,-,768,PROKKA_00046,soj_1,Sporulation initiation inhibitor protein Soj,BS:PROKKA_00046,3.6.-.-,,ab initio prediction:Prodigal:2.6;similar to AA sequence:UniProtKB:P37522,49700,50468
S1A_contig_001,CDS,50477,51308,-,831,PROKKA_00047,noc,Nucleoid occlusion protein,BS:PROKKA_00047,,,ab initio prediction:Prodigal:2.6;similar to AA sequence:UniProtKB:P37524,50477,51308
S1A_contig_001,CDS,51311,52043,-,732,PROKKA_00048,rsmG,Ribosomal RNA small subunit methyltransferase G,BS:PROKKA_00048,2.1.1.-,,ab initio prediction:Prodigal:2.6;similar to AA sequence:UniProtKB:P64239,51311,52043
S1A_contig_001,CDS,52354,52735,+,381,PROKKA_00049,,hypothetical protein,BS:PROKKA_00049,,,ab initio prediction:Prodigal:2.6,52354,52735
S1A_contig_001,CDS,52867,53539,+,672,PROKKA_00050,,cobyric acid synthase,BS:PROKKA_00050,,,ab initio prediction:Prodigal:2.6;protein motif:CLUSTERS:PRK00784,52867,53539
S1A_contig_001,CDS,53618,54239,-,621,PROKKA_00051,,prephenate dehydrogenase,BS:PROKKA_00051,,,ab initio prediction:Prodigal:2.6;protein motif:CLUSTERS:PRK08655,53618,54239
S1A_contig_001,CDS,54386,55034,-,648,PROKKA_00052,pcp,Pyrrolidone-carboxylate peptidase,BS:PROKKA_00052,3.4.19.3,,ab initio prediction:Prodigal:2.6;similar to AA sequence:UniProtKB:Q5XDD4,54386,55034
S1A_contig_001,CDS,55049,55964,-,915,PROKKA_00053,,hypothetical protein,BS:PROKKA_00053,,,ab initio prediction:Prodigal:2.6,55049,55964
S1A_contig_001,CDS,55966,56644,-,678,PROKKA_00054,,hypothetical protein,BS:PROKKA_00054,,,ab initio prediction:Prodigal:2.6,55966,56644
S1A_contig_001,CDS,56951,57377,-,426,PROKKA_00055,,Alkaline shock protein 23,BS:PROKKA_00055,,,ab initio prediction:Prodigal:2.6;similar to AA sequence:UniProtKB:P0A0P8,56951,57377
S1A_contig_001,CDS,57411,57825,-,414,PROKKA_00056,,Alkaline shock protein 23,BS:PROKKA_00056,,,ab initio prediction:Prodigal:2.6;similar to AA sequence:UniProtKB:P0A0P8,57411,57825
S1A_contig_001,CDS,57833,58031,-,198,PROKKA_00057,,hypothetical protein,BS:PROKKA_00057,,,ab initio prediction:Prodigal:2.6,57833,58031
S1A_contig_001,CDS,58133,58673,-,540,PROKKA_00058,,hypothetical protein,BS:PROKKA_00058,,,ab initio prediction:Prodigal:2.6,58133,58673
S1A_contig_001,CDS,58686,58944,-,258,PROKKA_00059,,Transglycosylase associated protein,BS:PROKKA_00059,,,ab initio prediction:Prodigal:2.6;protein motif:Pfam:PF04226.7,58686,58944
S1A_contig_001,CDS,59176,59578,-,402,PROKKA_00060,,Pyridoxamine 5'-phosphate oxidase,BS:PROKKA_00060,,,ab initio prediction:Prodigal:2.6;protein motif:Pfam:PF01243.14,59176,59578
S1A_contig_001,CDS,60101,61064,+,963,PROKKA_00061,,Putative 2-hydroxyacid dehydrogenase,BS:PROKKA_00061,1.1.1.-,,ab initio prediction:Prodigal:2.6;similar to AA sequence:UniProtKB:Q99RW8,60101,61064
S1A_contig_001,CDS,61163,61358,-,195,PROKKA_00062,,hypothetical protein,BS:PROKKA_00062,,,ab initio prediction:Prodigal:2.6,61163,61358
S1A_contig_001,CDS,61354,61597,-,243,PROKKA_00063,,hypothetical protein,BS:PROKKA_00063,,,ab initio prediction:Prodigal:2.6,61354,61597
S1A_contig_001,CDS,61644,62112,-,468,PROKKA_00064,,Flavodoxin,BS:PROKKA_00064,,,ab initio prediction:Prodigal:2.6;similar to AA sequence:UniProtKB:Q01095,61644,62112
S1A_contig_001,CDS,62279,62585,-,306,PROKKA_00065,,hypothetical protein,BS:PROKKA_00065,,,ab initio prediction:Prodigal:2.6,62279,62585
S1A_contig_001,CDS,62741,63248,+,507,PROKKA_00066,,hypothetical protein,BS:PROKKA_00066,,,ab initio prediction:Prodigal:2.6,62741,63248
S1A_contig_001,CDS,63496,63703,+,207,PROKKA_00067,,hypothetical protein,BS:PROKKA_00067,,,ab initio prediction:Prodigal:2.6,63496,63703
S1A_contig_001,CDS,63790,64165,-,375,PROKKA_00068,,hypothetical protein,BS:PROKKA_00068,,,ab initio prediction:Prodigal:2.6,63790,64165
S1A_contig_001,CDS,64164,65007,-,843,PROKKA_00069,,hypothetical protein,BS:PROKKA_00069,,,ab initio prediction:Prodigal:2.6;protein motif:CLUSTERS:PRK10621,64164,65007
S1A_contig_001,CDS,65131,66445,-,1314,PROKKA_00070,,hypothetical protein,BS:PROKKA_00070,,,ab initio prediction:Prodigal:2.6,65131,66445
S1A_contig_001,CDS,66630,67263,-,633,PROKKA_00071,,hypothetical protein,BS:PROKKA_00071,,,ab initio prediction:Prodigal:2.6,66630,67263
S1A_contig_001,CDS,67273,68635,-,1362,PROKKA_00072,nox_1,NADH oxidase,BS:PROKKA_00072,1.6.99.3,,ab initio prediction:Prodigal:2.6;similar to AA sequence:UniProtKB:P37061,67273,68635
S1A_contig_001,CDS,68780,70622,+,1842,PROKKA_00073,,hypothetical protein,BS:PROKKA_00073,,,ab initio prediction:Prodigal:2.6,68780,70622
S1A_contig_001,CDS,71088,71982,-,894,PROKKA_00074,,Helix-turn-helix domain protein,BS:PROKKA_00074,,,ab initio prediction:Prodigal:2.6;protein motif:Pfam:PF12844.1,71088,71982
S1A_contig_001,CDS,72096,73677,+,1581,PROKKA_00075,,Putative multidrug export ATP-binding/permease protein,BS:PROKKA_00075,3.6.3.-,,ab initio prediction:Prodigal:2.6;similar to AA sequence:UniProtKB:Q99T13,72096,73677
S1A_contig_001,CDS,73896,75033,-,1137,PROKKA_00076,,hypothetical protein,BS:PROKKA_00076,,,ab initio prediction:Prodigal:2.6,73896,75033
S1A_contig_001,CDS,75189,75657,-,468,PROKKA_00077,,NUDIX domain protein,BS:PROKKA_00077,,,ab initio prediction:Prodigal:2.6;protein motif:Pfam:PF00293.1,75189,75657
S1A_contig_001,CDS,75705,76182,-,477,PROKKA_00078,,hypothetical protein,BS:PROKKA_00078,,,ab initio prediction:Prodigal:2.6,75705,76182
S1A_contig_001,CDS,76178,76853,-,675,PROKKA_00079,yxlF_1,putative ABC transporter ATP-binding protein YxlF,BS:PROKKA_00079,3.6.3.-,,ab initio prediction:Prodigal:2.6;similar to AA sequence:UniProtKB:P94374,76178,76853
S1A_contig_001,CDS,76833,77568,-,735,PROKKA_00080,,hypothetical protein,BS:PROKKA_00080,,,ab initio prediction:Prodigal:2.6,76833,77568
S1A_contig_001,CDS,77573,78278,-,705,PROKKA_00081,,hypothetical protein,BS:PROKKA_00081,,,ab initio prediction:Prodigal:2.6,77573,78278
S1A_contig_001,CDS,78281,79070,-,789,PROKKA_00082,,hypothetical protein,BS:PROKKA_00082,,,ab initio prediction:Prodigal:2.6,78281,79070
S1A_contig_001,CDS,79472,81098,-,1626,PROKKA_00083,dppE_1,Dipeptide-binding protein DppE precursor,BS:PROKKA_00083,,,ab initio prediction:Prodigal:2.6;similar to AA sequence:UniProtKB:P26906,79472,81098
S1A_contig_001,CDS,81342,83724,-,2382,PROKKA_00084,xpkA_1,Xylulose-5-phosphate phosphoketolase,BS:PROKKA_00084,4.1.2.9,,ab initio prediction:Prodigal:2.6;similar to AA sequence:UniProtKB:Q937F6,81342,83724
S1A_contig_001,CDS,83983,84130,+,147,PROKKA_00085,,hypothetical protein,BS:PROKKA_00085,,,ab initio prediction:Prodigal:2.6,83983,84130
S1A_contig_001,CDS,84397,85846,+,1449,PROKKA_00086,bmr3_1,Multidrug resistance protein 3,BS:PROKKA_00086,,,ab initio prediction:Prodigal:2.6;similar to AA sequence:UniProtKB:P96712,84397,85846
S1A_contig_001,CDS,86045,86615,+,570,PROKKA_00087,,hypothetical protein,BS:PROKKA_00087,,,ab initio prediction:Prodigal:2.6,86045,86615
S1A_contig_001,CDS,86621,89567,+,2946,PROKKA_00088,smc_1,Chromosome partition protein Smc,BS:PROKKA_00088,,,ab initio prediction:Prodigal:2.6;protein motif:HAMAP:MF_01894,86621,89567
S1A_contig_001,CDS,89617,89914,-,297,PROKKA_00089,,hypothetical protein,BS:PROKKA_00089,,,ab initio prediction:Prodigal:2.6,89617,89914
S1A_contig_001,CDS,89968,90697,-,729,PROKKA_00090,pdg_1,Ultraviolet N-glycosylase/AP lyase,BS:PROKKA_00090,,,ab initio prediction:Prodigal:2.6;similar to AA sequence:UniProtKB:P46303,89968,90697
S1A_contig_001,CDS,90912,91737,+,825,PROKKA_00091,pphA,Serine/threonine-protein phosphatase 1,BS:PROKKA_00091,3.1.3.16,,ab initio prediction:Prodigal:2.6;similar to AA sequence:UniProtKB:Q8ZNY9,90912,91737
S1A_contig_001,CDS,91837,93028,-,1191,PROKKA_00092,ackA_1,Acetate kinase,BS:PROKKA_00092,2.7.2.1,,ab initio prediction:Prodigal:2.6;similar to AA sequence:UniProtKB:P37877,91837,93028
S1A_contig_001,CDS,93085,94432,-,1347,PROKKA_00093,rarA_1,Replication-associated recombination protein A,BS:PROKKA_00093,,,ab initio prediction:Prodigal:2.6;similar to AA sequence:UniProtKB:P0AAZ4,93085,94432
S1A_contig_001,CDS,94612,94942,+,330,PROKKA_00094,,hypothetical protein,BS:PROKKA_00094,,,ab initio prediction:Prodigal:2.6,94612,94942
S1A_contig_001,CDS,95014,96001,-,987,PROKKA_00095,,hypothetical protein,BS:PROKKA_00095,,,ab initio prediction:Prodigal:2.6,95014,96001
S1A_contig_001,CDS,96141,97602,-,1461,PROKKA_00096,,Mga helix-turn-helix domain protein,BS:PROKKA_00096,,,ab initio prediction:Prodigal:2.6;protein motif:Pfam:PF05043.7,96141,97602
S1A_contig_001,CDS,97598,97832,-,234,PROKKA_00097,,hypothetical protein,BS:PROKKA_00097,,,ab initio prediction:Prodigal:2.6,97598,97832
S1A_contig_001,CDS,98056,99136,-,1080,PROKKA_00098,,hypothetical protein,BS:PROKKA_00098,,,ab initio prediction:Prodigal:2.6,98056,99136
S1A_contig_001,CDS,99260,100004,-,744,PROKKA_00099,,hypothetical protein,BS:PROKKA_00099,,,ab initio prediction:Prodigal:2.6,99260,100004
S1A_contig_001,CDS,100155,100929,-,774,PROKKA_00100,,hypothetical protein,BS:PROKKA_00100,,,ab initio prediction:Prodigal:2.6,100155,100929
S1A_contig_001,CDS,100932,101292,-,360,PROKKA_00101,,hypothetical protein,BS:PROKKA_00101,,,ab initio prediction:Prodigal:2.6,100932,101292
S1A_contig_001,CDS,101307,103350,-,2043,PROKKA_00102,,hypothetical protein,BS:PROKKA_00102,,,ab initio prediction:Prodigal:2.6,101307,103350
S1A_contig_001,CDS,103705,104281,+,576,PROKKA_00103,,hypothetical protein,BS:PROKKA_00103,,,ab initio prediction:Prodigal:2.6,103705,104281
S1A_contig_001,CDS,104534,104831,-,297,PROKKA_00104,,hypothetical protein,BS:PROKKA_00104,,,ab initio prediction:Prodigal:2.6,104534,104831
S1A_contig_001,CDS,105023,105998,+,975,PROKKA_00105,mhqA_1,Putative ring-cleaving dioxygenase MhqA,BS:PROKKA_00105,1.13.11.-,,ab initio prediction:Prodigal:2.6;similar to AA sequence:UniProtKB:O34689,105023,105998
S1A_contig_001,CDS,106069,106393,-,324,PROKKA_00106,,DsrE/DsrF-like family protein,BS:PROKKA_00106,,,ab initio prediction:Prodigal:2.6;protein motif:Pfam:PF02635.1,106069,106393
S1A_contig_001,CDS,106533,107991,-,1458,PROKKA_00107,purP,putative adenine permease PurP,BS:PROKKA_00107,,,ab initio prediction:Prodigal:2.6;similar to AA sequence:UniProtKB:P31466,106533,107991
S1A_contig_001,CDS,108185,108536,+,351,PROKKA_00108,,hypothetical protein,BS:PROKKA_00108,,,ab initio prediction:Prodigal:2.6,108185,108536
S1A_contig_001,CDS,108832,109195,+,363,PROKKA_00109,,hypothetical protein,BS:PROKKA_00109,,,ab initio prediction:Prodigal:2.6,108832,109195
S1A_contig_001,CDS,109319,110252,-,933,PROKKA_00110,,galactitol-1-phosphate dehydrogenase,BS:PROKKA_00110,,,ab initio prediction:Prodigal:2.6;protein motif:CLUSTERS:PRK10309,109319,110252
S1A_contig_001,CDS,110362,110869,+,507,PROKKA_00111,,hypothetical protein,BS:PROKKA_00111,,,ab initio prediction:Prodigal:2.6,110362,110869
S1A_contig_001,CDS,111030,111327,+,297,PROKKA_00112,,hypothetical protein,BS:PROKKA_00112,,,ab initio prediction:Prodigal:2.6,111030,111327
S1A_contig_001,CDS,111409,112411,-,1002,PROKKA_00113,,D-2-hydroxyisocaproate dehydrogenase,BS:PROKKA_00113,1.1.1.-,,ab initio prediction:Prodigal:2.6;similar to AA sequence:UniProtKB:P17584,111409,112411
S1A_contig_001,CDS,112477,112969,-,492,PROKKA_00114,adaB,"Methylated-DNA--protein-cysteine methyltransferase, inducible",BS:PROKKA_00114,2.1.1.63,,ab initio prediction:Prodigal:2.6;similar to AA sequence:UniProtKB:P19220,112477,112969
S1A_contig_001,CDS,113142,114216,+,1074,PROKKA_00115,ddl,D-alanine--D-alanine ligase,BS:PROKKA_00115,6.3.2.4,,ab initio prediction:Prodigal:2.6;similar to AA sequence:UniProtKB:Q81Q29,113142,114216
S1A_contig_001,CDS,114369,114621,-,252,PROKKA_00116,,hypothetical protein,BS:PROKKA_00116,,,ab initio prediction:Prodigal:2.6,114369,114621
S1A_contig_001,CDS,114842,115919,+,1077,PROKKA_00117,mccF,Microcin C7 self-immunity protein MccF,BS:PROKKA_00117,,,ab initio prediction:Prodigal:2.6;similar to AA sequence:UniProtKB:Q47511,114842,115919
S1A_contig_001,CDS,116136,117117,+,981,PROKKA_00118,,PAP2 superfamily protein,BS:PROKKA_00118,,,ab initio prediction:Prodigal:2.6;protein motif:Pfam:PF01569.15,116136,117117
S1A_contig_001,CDS,117306,117591,+,285,PROKKA_00119,,hypothetical protein,BS:PROKKA_00119,,,ab initio prediction:Prodigal:2.6,117306,117591
S1A_contig_001,CDS,117583,117694,+,111,PROKKA_00120,,hypothetical protein,BS:PROKKA_00120,,,ab initio prediction:Prodigal:2.6,117583,117694
S1A_contig_001,CDS,117739,117862,+,123,PROKKA_00121,,hypothetical protein,BS:PROKKA_00121,,,ab initio prediction:Prodigal:2.6,117739,117862
S1A_contig_001,CDS,118549,119911,+,1362,PROKKA_00122,,6-hydroxy-D-nicotine oxidase,BS:PROKKA_00122,1.5.3.6,,ab initio prediction:Prodigal:2.6;similar to AA sequence:UniProtKB:P08159,118549,119911
S1A_contig_001,CDS,120144,120909,-,765,PROKKA_00123,,phosphodiesterase,BS:PROKKA_00123,,,ab initio prediction:Prodigal:2.6;protein motif:CLUSTERS:PRK09453,120144,120909
S1A_contig_001,CDS,121068,122418,-,1350,PROKKA_00124,,hypothetical protein,BS:PROKKA_00124,,,ab initio prediction:Prodigal:2.6,121068,122418
S1A_contig_001,CDS,122745,123354,+,609,PROKKA_00125,,hypothetical protein,BS:PROKKA_00125,,,ab initio prediction:Prodigal:2.6;protein motif:CLUSTERS:PRK04140,122745,123354
S1A_contig_001,CDS,123316,123439,-,123,PROKKA_00126,,hypothetical protein,BS:PROKKA_00126,,,ab initio prediction:Prodigal:2.6,123316,123439
S1A_contig_001,CDS,123665,125849,-,2184,PROKKA_00127,nrdD,Anaerobic ribonucleoside-triphosphate reductase,BS:PROKKA_00127,1.17.4.2,,ab initio prediction:Prodigal:2.6;similar to AA sequence:UniProtKB:P28903,123665,125849
S1A_contig_001,CDS,126162,126924,-,762,PROKKA_00128,,ABC-2 family transporter protein,BS:PROKKA_00128,,,ab initio prediction:Prodigal:2.6;protein motif:Pfam:PF12730.1,126162,126924
S1A_contig_001,CDS,126920,127850,-,930,PROKKA_00129,yxlF_2,putative ABC transporter ATP-binding protein YxlF,BS:PROKKA_00129,3.6.3.-,,ab initio prediction:Prodigal:2.6;similar to AA sequence:UniProtKB:P94374,126920,127850
S1A_contig_001,CDS,127846,128062,-,216,PROKKA_00130,yxlE,Negative regulatory protein YxlE,BS:PROKKA_00130,,,ab initio prediction:Prodigal:2.6;similar to AA sequence:UniProtKB:P94373,127846,128062
S1A_contig_001,CDS,128128,129250,-,1122,PROKKA_00131,,transcriptional repressor DicA,BS:PROKKA_00131,,,ab initio prediction:Prodigal:2.6;protein motif:CLUSTERS:PRK09706,128128,129250
S1A_contig_001,CDS,129697,130576,-,879,PROKKA_00132,benM,HTH-type transcriptional regulator BenM,BS:PROKKA_00132,,,ab initio prediction:Prodigal:2.6;similar to AA sequence:UniProtKB:O68014,129697,130576
S1A_contig_001,CDS,130820,133241,+,2421,PROKKA_00133,mgtA_1,"Magnesium-transporting ATPase, P-type 1",BS:PROKKA_00133,3.6.3.2,,ab initio prediction:Prodigal:2.6;similar to AA sequence:UniProtKB:P0ABB8,130820,133241
S1A_contig_001,CDS,133327,133678,-,351,PROKKA_00134,,hypothetical protein,BS:PROKKA_00134,,,ab initio prediction:Prodigal:2.6;similar to AA sequence:UniProtKB:Q55940,133327,133678
S1A_contig_001,CDS,133772,135632,-,1860,PROKKA_00135,zosA_1,Zinc-transporting ATPase,BS:PROKKA_00135,3.6.3.-,,ab initio prediction:Prodigal:2.6;similar to AA sequence:UniProtKB:O31688,133772,135632
S1A_contig_001,CDS,135940,137236,-,1296,PROKKA_00136,purA,Adenylosuccinate synthetase,BS:PROKKA_00136,6.3.4.4,,ab initio prediction:Prodigal:2.6;similar to AA sequence:UniProtKB:P65887,135940,137236
S1A_contig_001,CDS,137720,138590,+,870,PROKKA_00137,ybbH_1,putative HTH-type transcriptional regulator YbbH,BS:PROKKA_00137,,,ab initio prediction:Prodigal:2.6;similar to AA sequence:UniProtKB:Q45581,137720,138590
S1A_contig_001,CDS,138827,139757,+,930,PROKKA_00138,murQ_1,N-acetylmuramic acid 6-phosphate etherase,BS:PROKKA_00138,4.2.1.126,,ab initio prediction:Prodigal:2.6;similar to AA sequence:UniProtKB:P44862,138827,139757
S1A_contig_001,CDS,139743,141735,+,1992,PROKKA_00139,,PTS system EIIBC component,BS:PROKKA_00139,,,ab initio prediction:Prodigal:2.6;similar to AA sequence:UniProtKB:Q7A804,139743,141735
S1A_contig_001,CDS,142202,143366,-,1164,PROKKA_00140,,hypothetical protein,BS:PROKKA_00140,,,ab initio prediction:Prodigal:2.6,142202,143366
S1A_contig_001,CDS,143431,144820,-,1389,PROKKA_00141,dnaC,Replicative DNA helicase,BS:PROKKA_00141,3.6.4.12,,ab initio prediction:Prodigal:2.6;similar to AA sequence:UniProtKB:P37469,143431,144820
S1A_contig_001,CDS,145061,145517,-,456,PROKKA_00142,rplI,50S ribosomal protein L9,BS:PROKKA_00142,,,ab initio prediction:Prodigal:2.6;similar to AA sequence:UniProtKB:P02417,145061,145517
S1A_contig_001,CDS,145532,147539,-,2007,PROKKA_00143,nrnA_1,Bifunctional oligoribonuclease and PAP phosphatase NrnA,BS:PROKKA_00143,3.1.-.-,,ab initio prediction:Prodigal:2.6;similar to AA sequence:UniProtKB:Q5SM25,145532,147539
S1A_contig_001,CDS,147850,148150,-,300,PROKKA_00144,,hypothetical protein,BS:PROKKA_00144,,,ab initio prediction:Prodigal:2.6,147850,148150
S1A_contig_001,CDS,148235,148823,-,588,PROKKA_00145,,Phospholipase A2,BS:PROKKA_00145,,,ab initio prediction:Prodigal:2.6;protein motif:Pfam:PF00068.1,148235,148823
S1A_contig_001,CDS,149158,150025,-,867,PROKKA_00146,,EamA-like transporter family protein,BS:PROKKA_00146,,,ab initio prediction:Prodigal:2.6;protein motif:Pfam:PF00892.14,149158,150025
S1A_contig_001,CDS,150017,150431,-,414,PROKKA_00147,,hypothetical protein,BS:PROKKA_00147,,,ab initio prediction:Prodigal:2.6;protein motif:CLUSTERS:PRK08999,150017,150431
S1A_contig_001,CDS,150717,151095,-,378,PROKKA_00148,,hypothetical protein,BS:PROKKA_00148,,,ab initio prediction:Prodigal:2.6,150717,151095
S1A_contig_001,CDS,151290,152349,-,1059,PROKKA_00149,asd,Aspartate-semialdehyde dehydrogenase,BS:PROKKA_00149,1.2.1.11,,ab initio prediction:Prodigal:2.6;similar to AA sequence:UniProtKB:Q04797,151290,152349
S1A_contig_001,CDS,152352,153360,-,1008,PROKKA_00150,dapF,Diaminopimelate epimerase,BS:PROKKA_00150,5.1.1.7,,ab initio prediction:Prodigal:2.6;similar to AA sequence:UniProtKB:Q1WTU5,152352,153360
S1A_contig_001,CDS,153361,154741,-,1380,PROKKA_00151,yclM_1,Aspartokinase 3,BS:PROKKA_00151,2.7.2.4,,ab initio prediction:Prodigal:2.6;similar to AA sequence:UniProtKB:P94417,153361,154741
S1A_contig_001,CDS,155456,156803,+,1347,PROKKA_00152,lysA,Diaminopimelate decarboxylase,BS:PROKKA_00152,4.1.1.20,,ab initio prediction:Prodigal:2.6;similar to AA sequence:UniProtKB:P0A5M4,155456,156803
S1A_contig_001,CDS,156813,157518,+,705,PROKKA_00153,dapH,"2,3,4,5-tetrahydropyridine-2,6-dicarboxylate N-acetyltransferase",BS:PROKKA_00153,2.3.1.89,,ab initio prediction:Prodigal:2.6;similar to AA sequence:UniProtKB:Q836H8,156813,157518
S1A_contig_001,CDS,157525,158677,+,1152,PROKKA_00154,,N-acetyldiaminopimelate deacetylase,BS:PROKKA_00154,3.5.1.47,,ab initio prediction:Prodigal:2.6;similar to AA sequence:UniProtKB:D5E0A1,157525,158677
S1A_contig_001,CDS,158820,159726,+,906,PROKKA_00155,dapA_1,4-hydroxy-tetrahydrodipicolinate synthase,BS:PROKKA_00155,4.3.3.7,,ab initio prediction:Prodigal:2.6;similar to AA sequence:UniProtKB:Q97R25,158820,159726
S1A_contig_001,CDS,159722,160490,+,768,PROKKA_00156,dapB,4-hydroxy-tetrahydrodipicolinate reductase,BS:PROKKA_00156,1.17.1.8,,ab initio prediction:Prodigal:2.6;similar to AA sequence:UniProtKB:P63895,159722,160490
S1A_contig_001,CDS,160915,161422,-,507,PROKKA_00157,,hypothetical protein,BS:PROKKA_00157,,,ab initio prediction:Prodigal:2.6,160915,161422
S1A_contig_001,CDS,161710,162220,-,510,PROKKA_00158,,hypothetical protein,BS:PROKKA_00158,,,ab initio prediction:Prodigal:2.6,161710,162220
S1A_contig_001,CDS,162438,163161,+,723,PROKKA_00159,,hypothetical protein,BS:PROKKA_00159,,,ab initio prediction:Prodigal:2.6,162438,163161
S1A_contig_001,CDS,163144,163519,-,375,PROKKA_00160,,hypothetical protein,BS:PROKKA_00160,,,ab initio prediction:Prodigal:2.6,163144,163519
S1A_contig_001,CDS,163640,164219,-,579,PROKKA_00161,,DNA-binding transcriptional regulator EnvR,BS:PROKKA_00161,,,ab initio prediction:Prodigal:2.6;protein motif:CLUSTERS:PRK09975,163640,164219
S1A_contig_001,CDS,164377,166204,+,1827,PROKKA_00162,stp_1,Multidrug resistance protein stp,BS:PROKKA_00162,,,ab initio prediction:Prodigal:2.6;similar to AA sequence:UniProtKB:P71879,164377,166204
S1A_contig_001,CDS,166335,167478,-,1143,PROKKA_00163,,hypothetical protein,BS:PROKKA_00163,,,ab initio prediction:Prodigal:2.6,166335,167478
S1A_contig_001,CDS,168308,169334,+,1026,PROKKA_00164,trpD,Anthranilate phosphoribosyltransferase,BS:PROKKA_00164,2.4.2.18,,ab initio prediction:Prodigal:2.6;similar to AA sequence:UniProtKB:P00500,168308,169334
S1A_contig_001,CDS,169330,170113,+,783,PROKKA_00165,trpC,Indole-3-glycerol phosphate synthase,BS:PROKKA_00165,4.1.1.48,,ab initio prediction:Prodigal:2.6;similar to AA sequence:UniProtKB:A0QX95,169330,170113
S1A_contig_001,CDS,170140,170740,+,600,PROKKA_00166,trpF,N-(5'-phosphoribosyl)anthranilate isomerase,BS:PROKKA_00166,5.3.1.24,,ab initio prediction:Prodigal:2.6;similar to AA sequence:UniProtKB:Q56320,170140,170740
S1A_contig_001,CDS,170723,171944,+,1221,PROKKA_00167,trpB,Tryptophan synthase beta chain,BS:PROKKA_00167,4.2.1.20,,ab initio prediction:Prodigal:2.6;similar to AA sequence:UniProtKB:Q81TL8,170723,171944
S1A_contig_001,CDS,171936,172731,+,795,PROKKA_00168,trpA,Tryptophan synthase alpha chain,BS:PROKKA_00168,4.2.1.20,,ab initio prediction:Prodigal:2.6;similar to AA sequence:UniProtKB:O67502,171936,172731
S1A_contig_001,CDS,173344,174004,-,660,PROKKA_00169,aadR,Transcriptional activatory protein AadR,BS:PROKKA_00169,,,ab initio prediction:Prodigal:2.6;similar to AA sequence:UniProtKB:Q01980,173344,174004
S1A_contig_001,CDS,174052,174637,-,585,PROKKA_00170,,hypothetical protein,BS:PROKKA_00170,,,ab initio prediction:Prodigal:2.6,174052,174637
S1A_contig_001,CDS,174784,175012,-,228,PROKKA_00171,,zinc/cadmium/mercury/lead-transporting ATPase,BS:PROKKA_00171,,,ab initio prediction:Prodigal:2.6;protein motif:CLUSTERS:PRK11033,174784,175012
S1A_contig_001,CDS,175031,176888,-,1857,PROKKA_00172,zosA_2,Zinc-transporting ATPase,BS:PROKKA_00172,3.6.3.-,,ab initio prediction:Prodigal:2.6;similar to AA sequence:UniProtKB:O31688,175031,176888
S1A_contig_001,CDS,177232,177454,+,222,PROKKA_00173,,hypothetical protein,BS:PROKKA_00173,,,ab initio prediction:Prodigal:2.6,177232,177454
S1A_contig_001,CDS,177519,178173,+,654,PROKKA_00174,,CAAX amino terminal protease self- immunity,BS:PROKKA_00174,,,ab initio prediction:Prodigal:2.6;protein motif:Pfam:PF02517.10,177519,178173
S1A_contig_001,CDS,178796,180050,+,1254,PROKKA_00175,opuCA_1,Carnitine transport ATP-binding protein OpuCA,BS:PROKKA_00175,3.6.3.32,,ab initio prediction:Prodigal:2.6;similar to AA sequence:UniProtKB:Q9KHT9,178796,180050
S1A_contig_001,CDS,180052,180682,+,630,PROKKA_00176,opuCB,Carnitine transport permease protein OpuCB,BS:PROKKA_00176,,,ab initio prediction:Prodigal:2.6;similar to AA sequence:UniProtKB:Q9KHT8,180052,180682
S1A_contig_001,CDS,180693,181623,+,930,PROKKA_00177,opuCC,Glycine betaine/carnitine/choline-binding protein OpuCC precursor,BS:PROKKA_00177,,,ab initio prediction:Prodigal:2.6;similar to AA sequence:UniProtKB:O32243,180693,181623
S1A_contig_001,CDS,181622,182285,+,663,PROKKA_00178,opuCD,Carnitine transport permease protein OpuCD,BS:PROKKA_00178,,,ab initio prediction:Prodigal:2.6;similar to AA sequence:UniProtKB:Q9KHT6,181622,182285
S1A_contig_001,CDS,182498,182759,+,261,PROKKA_00179,,hypothetical protein,BS:PROKKA_00179,,,ab initio prediction:Prodigal:2.6,182498,182759
S1A_contig_001,CDS,183009,183612,+,603,PROKKA_00180,bm3R1_1,HTH-type transcriptional repressor Bm3R1,BS:PROKKA_00180,,,ab initio prediction:Prodigal:2.6;similar to AA sequence:UniProtKB:P43506,183009,183612
S1A_contig_001,CDS,183608,186920,+,3312,PROKKA_00181,ydgH,Putative membrane protein YdgH,BS:PROKKA_00181,,,ab initio prediction:Prodigal:2.6;similar to AA sequence:UniProtKB:P96706,183608,186920
S1A_contig_001,CDS,187084,187225,-,141,PROKKA_00182,,hypothetical protein,BS:PROKKA_00182,,,ab initio prediction:Prodigal:2.6,187084,187225
S1A_contig_001,CDS,187601,188975,+,1374,PROKKA_00183,bmr3_2,Multidrug resistance protein 3,BS:PROKKA_00183,,,ab initio prediction:Prodigal:2.6;similar to AA sequence:UniProtKB:P96712,187601,188975
S1A_contig_001,CDS,189312,190905,-,1593,PROKKA_00184,msbA_1,Lipid A export ATP-binding/permease protein MsbA,BS:PROKKA_00184,3.6.3.-,,ab initio prediction:Prodigal:2.6;similar to AA sequence:UniProtKB:P63359,189312,190905
S1A_contig_001,CDS,190973,191873,+,900,PROKKA_00185,,Helix-turn-helix domain protein,BS:PROKKA_00185,,,ab initio prediction:Prodigal:2.6;protein motif:Pfam:PF12844.1,190973,191873
S1A_contig_001,CDS,192061,192382,-,321,PROKKA_00186,,hypothetical protein,BS:PROKKA_00186,,,ab initio prediction:Prodigal:2.6,192061,192382
S1A_contig_001,CDS,192446,192800,-,354,PROKKA_00187,,hypothetical protein,BS:PROKKA_00187,,,ab initio prediction:Prodigal:2.6,192446,192800
S1A_contig_001,CDS,193076,193769,-,693,PROKKA_00188,ydfH_1,putative HTH-type transcriptional regulator YdfH,BS:PROKKA_00188,,,ab initio prediction:Prodigal:2.6;similar to AA sequence:UniProtKB:P0ACM2,193076,193769
S1A_contig_001,CDS,194166,194817,+,651,PROKKA_00189,kdgA_1,KHG/KDPG aldolase,BS:PROKKA_00189,,,ab initio prediction:Prodigal:2.6;similar to AA sequence:UniProtKB:P50846,194166,194817
S1A_contig_001,CDS,195332,196037,+,705,PROKKA_00190,,CAAX amino terminal protease self- immunity,BS:PROKKA_00190,,,ab initio prediction:Prodigal:2.6;protein motif:Pfam:PF02517.10,195332,196037
S1A_contig_001,CDS,196150,196264,-,114,PROKKA_00191,,hypothetical protein,BS:PROKKA_00191,,,ab initio prediction:Prodigal:2.6,196150,196264
S1A_contig_001,CDS,196363,196579,+,216,PROKKA_00192,,hypothetical protein,BS:PROKKA_00192,,,ab initio prediction:Prodigal:2.6,196363,196579
S1A_contig_001,CDS,197012,197801,+,789,PROKKA_00193,,CAAX amino terminal protease self- immunity,BS:PROKKA_00193,,,ab initio prediction:Prodigal:2.6;protein motif:Pfam:PF02517.10,197012,197801
S1A_contig_001,CDS,198152,198368,+,216,PROKKA_00194,,hypothetical protein,BS:PROKKA_00194,,,ab initio prediction:Prodigal:2.6,198152,198368
S1A_contig_001,CDS,198720,199011,+,291,PROKKA_00195,,hypothetical protein,BS:PROKKA_00195,,,ab initio prediction:Prodigal:2.6,198720,199011
S1A_contig_001,CDS,199248,199578,-,330,PROKKA_00196,,Branched-chain amino acid transport protein (AzlD),BS:PROKKA_00196,,,ab initio prediction:Prodigal:2.6;protein motif:Pfam:PF05437.6,199248,199578
S1A_contig_001,CDS,199564,200275,-,711,PROKKA_00197,ygaZ,Inner membrane protein YgaZ,BS:PROKKA_00197,,,ab initio prediction:Prodigal:2.6;similar to AA sequence:UniProtKB:P76630,199564,200275
S1A_contig_001,CDS,200625,200835,+,210,PROKKA_00198,,hypothetical protein,BS:PROKKA_00198,,,ab initio prediction:Prodigal:2.6,200625,200835
S1A_contig_001,CDS,200855,201062,+,207,PROKKA_00199,,hypothetical protein,BS:PROKKA_00199,,,ab initio prediction:Prodigal:2.6,200855,201062
S1A_contig_001,CDS,201030,202770,+,1740,PROKKA_00200,,hypothetical protein,BS:PROKKA_00200,,,ab initio prediction:Prodigal:2.6,201030,202770
S1A_contig_001,CDS,203014,203488,-,474,PROKKA_00201,,hypothetical protein,BS:PROKKA_00201,,,ab initio prediction:Prodigal:2.6,203014,203488
S1A_contig_001,CDS,203844,204456,+,612,PROKKA_00202,,hypothetical protein,BS:PROKKA_00202,,,ab initio prediction:Prodigal:2.6,203844,204456
S1A_contig_001,CDS,204628,205261,-,633,PROKKA_00203,,hypothetical protein,BS:PROKKA_00203,,,ab initio prediction:Prodigal:2.6,204628,205261
S1A_contig_001,CDS,205455,206898,-,1443,PROKKA_00204,pepD,Dipeptidase,BS:PROKKA_00204,3.4.-.-,,ab initio prediction:Prodigal:2.6;similar to AA sequence:UniProtKB:Q8G6Z9,205455,206898
S1A_contig_001,CDS,207138,207498,+,360,PROKKA_00205,,hypothetical protein,BS:PROKKA_00205,,,ab initio prediction:Prodigal:2.6,207138,207498
S1A_contig_001,CDS,208140,209517,-,1377,PROKKA_00206,mntH_1,Divalent metal cation transporter MntH,BS:PROKKA_00206,,,ab initio prediction:Prodigal:2.6;similar to AA sequence:UniProtKB:Q93V04,208140,209517
S1A_contig_001,CDS,209568,209727,-,159,PROKKA_00207,,hypothetical protein,BS:PROKKA_00207,,,ab initio prediction:Prodigal:2.6,209568,209727
S1A_contig_001,CDS,209745,210384,+,639,PROKKA_00208,yvdT,putative HTH-type transcriptional regulator YvdT,BS:PROKKA_00208,,,ab initio prediction:Prodigal:2.6;similar to AA sequence:UniProtKB:O07001,209745,210384
S1A_contig_001,CDS,210432,211326,+,894,PROKKA_00209,,CorA-like Mg2+ transporter protein,BS:PROKKA_00209,,,ab initio prediction:Prodigal:2.6;protein motif:Pfam:PF01544.12,210432,211326
S1A_contig_001,CDS,211490,212168,-,678,PROKKA_00210,,Rhomboid family protein,BS:PROKKA_00210,,,ab initio prediction:Prodigal:2.6;protein motif:Pfam:PF01694.16,211490,212168
S1A_contig_001,CDS,212323,212548,-,225,PROKKA_00211,,hypothetical protein,BS:PROKKA_00211,,,ab initio prediction:Prodigal:2.6,212323,212548
S1A_contig_001,CDS,212887,213493,-,606,PROKKA_00212,,hypothetical protein,BS:PROKKA_00212,,,ab initio prediction:Prodigal:2.6,212887,213493
S1A_contig_001,CDS,213670,214444,+,774,PROKKA_00213,,hypothetical protein,BS:PROKKA_00213,,,ab initio prediction:Prodigal:2.6;protein motif:CLUSTERS:PRK10621,213670,214444
S1A_contig_001,CDS,214788,216939,+,2151,PROKKA_00214,,Putative peptidoglycan binding domain protein,BS:PROKKA_00214,,,ab initio prediction:Prodigal:2.6;protein motif:Pfam:PF01471.12,214788,216939
S1A_contig_001,CDS,216958,217462,+,504,PROKKA_00215,,hypothetical protein,BS:PROKKA_00215,,,ab initio prediction:Prodigal:2.6,216958,217462
S1A_contig_001,CDS,217394,218075,-,681,PROKKA_00216,,hypothetical protein,BS:PROKKA_00216,,,ab initio prediction:Prodigal:2.6,217394,218075
S1A_contig_001,CDS,218300,218621,-,321,PROKKA_00217,,hypothetical protein,BS:PROKKA_00217,,,ab initio prediction:Prodigal:2.6,218300,218621
S1A_contig_001,CDS,218625,219432,-,807,PROKKA_00218,ybiV,Sugar phosphatase YbiV,BS:PROKKA_00218,3.1.3.23,,ab initio prediction:Prodigal:2.6;similar to AA sequence:UniProtKB:P75792,218625,219432
S1A_contig_001,CDS,219475,220027,-,552,PROKKA_00219,,hypothetical protein,BS:PROKKA_00219,,,ab initio prediction:Prodigal:2.6,219475,220027
S1A_contig_001,CDS,220306,221008,+,702,PROKKA_00220,,putative ABC transporter ATP-binding protein/MT1014,BS:PROKKA_00220,,,ab initio prediction:Prodigal:2.6;similar to AA sequence:UniProtKB:O53899,220306,221008
S1A_contig_001,CDS,221020,223594,+,2574,PROKKA_00221,,FtsX-like permease family protein,BS:PROKKA_00221,,,ab initio prediction:Prodigal:2.6;protein motif:Pfam:PF02687.15,221020,223594
S1A_contig_001,CDS,223797,225033,+,1236,PROKKA_00222,,N-acetylmuramoyl-L-alanine amidase domain-containing protein precursor,BS:PROKKA_00222,,,ab initio prediction:Prodigal:2.6;similar to AA sequence:UniProtKB:Q2G222,223797,225033
S1A_contig_001,CDS,225521,225701,+,180,PROKKA_00223,,hypothetical protein,BS:PROKKA_00223,,,ab initio prediction:Prodigal:2.6,225521,225701
S1A_contig_001,CDS,225751,225934,+,183,PROKKA_00224,,hypothetical protein,BS:PROKKA_00224,,,ab initio prediction:Prodigal:2.6,225751,225934
S1A_contig_001,CDS,226013,226871,+,858,PROKKA_00225,,CAAX amino terminal protease self- immunity,BS:PROKKA_00225,,,ab initio prediction:Prodigal:2.6;protein motif:Pfam:PF02517.10,226013,226871
S1A_contig_001,CDS,227149,227452,+,303,PROKKA_00226,,hypothetical protein,BS:PROKKA_00226,,,ab initio prediction:Prodigal:2.6,227149,227452
S1A_contig_001,CDS,228456,229050,+,594,PROKKA_00227,,hypothetical protein,BS:PROKKA_00227,,,ab initio prediction:Prodigal:2.6,228456,229050
S1A_contig_001,CDS,229122,229347,-,225,PROKKA_00228,,hypothetical protein,BS:PROKKA_00228,,,ab initio prediction:Prodigal:2.6,229122,229347
S1A_contig_001,CDS,229343,230363,-,1020,PROKKA_00229,cydB_1,Cytochrome bd-I ubiquinol oxidase subunit 2,BS:PROKKA_00229,1.10.3.10,,ab initio prediction:Prodigal:2.6;similar to AA sequence:UniProtKB:P0ABK2,229343,230363
S1A_contig_001,CDS,230355,231834,-,1479,PROKKA_00230,appC,Cytochrome bd-II ubiquinol oxidase subunit 1,BS:PROKKA_00230,1.10.3.10,,ab initio prediction:Prodigal:2.6;similar to AA sequence:UniProtKB:P26459,230355,231834
S1A_contig_001,CDS,232275,232512,-,237,PROKKA_00231,rpsR,30S ribosomal protein S18,BS:PROKKA_00231,,,ab initio prediction:Prodigal:2.6;similar to AA sequence:UniProtKB:P66468,232275,232512
S1A_contig_001,CDS,232598,233195,-,597,PROKKA_00232,ssb_1,Single-stranded DNA-binding protein ssb,BS:PROKKA_00232,,,ab initio prediction:Prodigal:2.6;similar to AA sequence:UniProtKB:P37455,232598,233195
S1A_contig_001,CDS,233225,233522,-,297,PROKKA_00233,rpsF,30S ribosomal protein S6,BS:PROKKA_00233,,,ab initio prediction:Prodigal:2.6;similar to AA sequence:UniProtKB:P21468,233225,233522
S1A_contig_001,CDS,233649,234081,-,432,PROKKA_00234,ssb_2,Single-stranded DNA-binding protein ssb,BS:PROKKA_00234,,,ab initio prediction:Prodigal:2.6;similar to AA sequence:UniProtKB:P37455,233649,234081
S1A_contig_001,CDS,234263,234968,+,705,PROKKA_00235,deoC2,Deoxyribose-phosphate aldolase 2,BS:PROKKA_00235,4.1.2.4,,ab initio prediction:Prodigal:2.6;similar to AA sequence:UniProtKB:P99174,234263,234968
S1A_contig_001,CDS,235072,237694,-,2622,PROKKA_00236,gyrA,DNA gyrase subunit A,BS:PROKKA_00236,5.99.1.3,,ab initio prediction:Prodigal:2.6;similar to AA sequence:UniProtKB:P05653,235072,237694
S1A_contig_001,CDS,237755,239717,-,1962,PROKKA_00237,gyrB,DNA gyrase subunit B,BS:PROKKA_00237,5.99.1.3,,ab initio prediction:Prodigal:2.6;similar to AA sequence:UniProtKB:P66937,237755,239717
S1A_contig_001,CDS,239969,241085,-,1116,PROKKA_00238,recF,DNA replication and repair protein RecF,BS:PROKKA_00238,,,ab initio prediction:Prodigal:2.6;similar to AA sequence:UniProtKB:Q9RVE0,239969,241085
S1A_contig_001,CDS,241081,241294,-,213,PROKKA_00239,,ribosome-associated protein,BS:PROKKA_00239,,,ab initio prediction:Prodigal:2.6;protein motif:CLUSTERS:PRK11507,241081,241294
S1A_contig_001,CDS,241864,242047,+,183,PROKKA_00240,,hypothetical protein,BS:PROKKA_00240,,,ab initio prediction:Prodigal:2.6,241864,242047
S1A_contig_001,CDS,242146,243286,-,1140,PROKKA_00241,dnaN,DNA polymerase III subunit beta,BS:PROKKA_00241,2.7.7.7,,ab initio prediction:Prodigal:2.6;similar to AA sequence:UniProtKB:P99103,242146,243286
S1A_contig_001,CDS,243458,244808,-,1350,PROKKA_00242,dnaA,Chromosomal replication initiator protein DnaA,BS:PROKKA_00242,,,ab initio prediction:Prodigal:2.6;similar to AA sequence:UniProtKB:P05648,243458,244808
S1A_contig_001,CDS,245615,245756,+,141,PROKKA_00243,rpmH,50S ribosomal protein L34,BS:PROKKA_00243,,,ab initio prediction:Prodigal:2.6;similar to AA sequence:UniProtKB:P23376,245615,245756
S1A_contig_001,CDS,245916,246441,+,525,PROKKA_00244,rnpA,Ribonuclease P protein component,BS:PROKKA_00244,3.1.26.5,,ab initio prediction:Prodigal:2.6;similar to AA sequence:UniProtKB:P25814,245916,246441
S1A_contig_001,CDS,246585,247422,+,837,PROKKA_00245,misCA,Membrane protein insertase MisCA precursor,BS:PROKKA_00245,,,ab initio prediction:Prodigal:2.6;similar to AA sequence:UniProtKB:Q01625,246585,247422
S1A_contig_001,CDS,247439,248204,+,765,PROKKA_00246,,R3H domain protein,BS:PROKKA_00246,,,ab initio prediction:Prodigal:2.6;protein motif:Pfam:PF01424.16,247439,248204
S1A_contig_001,CDS,248626,250015,+,1389,PROKKA_00247,mnmE,tRNA modification GTPase MnmE,BS:PROKKA_00247,3.6.-.-,,ab initio prediction:Prodigal:2.6;similar to AA sequence:UniProtKB:Q8YN91,248626,250015
S1A_contig_001,CDS,250056,251958,+,1902,PROKKA_00248,mnmG,tRNA uridine 5-carboxymethylaminomethyl modification enzyme MnmG,BS:PROKKA_00248,,,ab initio prediction:Prodigal:2.6;similar to AA sequence:UniProtKB:P64230,250056,251958
S1A_contig_001,CDS,252220,252430,+,210,PROKKA_00249,,hypothetical protein,BS:PROKKA_00249,,,ab initio prediction:Prodigal:2.6,252220,252430
S1A_contig_001,CDS,252591,253356,+,765,PROKKA_00250,yjjP,Inner membrane protein YjjP,BS:PROKKA_00250,,,ab initio prediction:Prodigal:2.6;similar to AA sequence:UniProtKB:P0ADD5,252591,253356
S1A_contig_001,CDS,253357,253846,+,489,PROKKA_00251,,hypothetical protein,BS:PROKKA_00251,,,ab initio prediction:Prodigal:2.6,253357,253846
S1A_contig_001,CDS,253842,255042,+,1200,PROKKA_00252,amaA,N-acyl-L-amino acid amidohydrolase,BS:PROKKA_00252,3.5.1.14,,ab initio prediction:Prodigal:2.6;similar to AA sequence:UniProtKB:P37112,253842,255042
S1A_contig_001,CDS,255185,256271,-,1086,PROKKA_00253,gldA,Glycerol dehydrogenase,BS:PROKKA_00253,1.1.1.6,,ab initio prediction:Prodigal:2.6;similar to AA sequence:UniProtKB:Q9WYQ4,255185,256271
S1A_contig_001,CDS,256993,262666,+,5673,PROKKA_00254,,hypothetical protein,BS:PROKKA_00254,,,ab initio prediction:Prodigal:2.6,256993,262666
S1A_contig_001,CDS,262821,264012,-,1191,PROKKA_00255,macB_1,Macrolide export ATP-binding/permease protein MacB,BS:PROKKA_00255,3.6.3.-,,ab initio prediction:Prodigal:2.6;similar to AA sequence:UniProtKB:Q5MK06,262821,264012
S1A_contig_001,CDS,263998,264688,-,690,PROKKA_00256,macB_2,Macrolide export ATP-binding/permease protein MacB,BS:PROKKA_00256,3.6.3.-,,ab initio prediction:Prodigal:2.6;similar to AA sequence:UniProtKB:Q2EHL8,263998,264688
S1A_contig_001,CDS,264680,265745,-,1065,PROKKA_00257,,HlyD family secretion protein,BS:PROKKA_00257,,,ab initio prediction:Prodigal:2.6;protein motif:Pfam:PF12700.1,264680,265745
S1A_contig_001,CDS,266315,266492,-,177,PROKKA_00258,,hypothetical protein,BS:PROKKA_00258,,,ab initio prediction:Prodigal:2.6,266315,266492
S1A_contig_001,CDS,266502,266763,-,261,PROKKA_00259,,hypothetical protein,BS:PROKKA_00259,,,ab initio prediction:Prodigal:2.6,266502,266763
S1A_contig_001,CDS,267105,267891,-,786,PROKKA_00260,,Putative bifunctional phosphatase/peptidyl-prolyl cis-trans isomerase,BS:PROKKA_00260,,,ab initio prediction:Prodigal:2.6;similar to AA sequence:UniProtKB:Q5XAQ1,267105,267891
S1A_contig_001,CDS,268188,268899,-,711,PROKKA_00261,nagB,Glucosamine-6-phosphate deaminase,BS:PROKKA_00261,3.5.99.6,,ab initio prediction:Prodigal:2.6;similar to AA sequence:UniProtKB:Q8DV70,268188,268899
S1A_contig_001,CDS,269300,271127,+,1827,PROKKA_00262,mtlA_1,PTS system mannitol-specific EIICBA component,BS:PROKKA_00262,,,ab initio prediction:Prodigal:2.6;similar to AA sequence:UniProtKB:P00550,269300,271127
S1A_contig_001,CDS,271163,273221,+,2058,PROKKA_00263,mtlR_1,Transcriptional regulator MtlR,BS:PROKKA_00263,,,ab initio prediction:Prodigal:2.6;similar to AA sequence:UniProtKB:P96574,271163,273221
S1A_contig_001,CDS,273225,273669,+,444,PROKKA_00264,mtlF,Mannitol-specific phosphotransferase enzyme IIA component,BS:PROKKA_00264,2.7.1.-,,ab initio prediction:Prodigal:2.6;similar to AA sequence:UniProtKB:C0H3V2,273225,273669
S1A_contig_001,CDS,273672,274827,+,1155,PROKKA_00265,mtlD_1,Mannitol-1-phosphate 5-dehydrogenase,BS:PROKKA_00265,1.1.1.17,,ab initio prediction:Prodigal:2.6;similar to AA sequence:UniProtKB:P09424,273672,274827
S1A_contig_001,CDS,274944,275901,+,957,PROKKA_00266,lip2_1,Lipase 2,BS:PROKKA_00266,3.1.1.3,,ab initio prediction:Prodigal:2.6;similar to AA sequence:UniProtKB:P24484,274944,275901
S1A_contig_001,CDS,275997,276927,-,930,PROKKA_00267,,Alpha/beta hydrolase family protein,BS:PROKKA_00267,,,ab initio prediction:Prodigal:2.6;protein motif:Pfam:PF12695.1,275997,276927
S1A_contig_001,CDS,277126,278047,+,921,PROKKA_00268,prs_1,Ribose-phosphate pyrophosphokinase,BS:PROKKA_00268,2.7.6.1,,ab initio prediction:Prodigal:2.6;similar to AA sequence:UniProtKB:P14193,277126,278047
S1A_contig_001,tRNA,278415,278490,+,75,PROKKA_00269,,tRNA-Lys,,,,COORDINATES: profile:Aragorn:1.2,278415,278490
S1A_contig_001,CDS,278719,279649,+,930,PROKKA_00270,,hypothetical protein,BS:PROKKA_00270,,,ab initio prediction:Prodigal:2.6,278719,279649
S1A_contig_001,CDS,279728,281027,-,1299,PROKKA_00271,steT,Serine/threonine exchanger SteT,BS:PROKKA_00271,,,ab initio prediction:Prodigal:2.6;similar to AA sequence:UniProtKB:O34739,279728,281027
S1A_contig_001,CDS,281217,281616,+,399,PROKKA_00272,,hypothetical protein,BS:PROKKA_00272,,,ab initio prediction:Prodigal:2.6,281217,281616
S1A_contig_001,CDS,281735,282245,+,510,PROKKA_00273,,hypothetical protein,BS:PROKKA_00273,,,ab initio prediction:Prodigal:2.6,281735,282245
S1A_contig_001,CDS,282502,283360,+,858,PROKKA_00274,garR_2,2-hydroxy-3-oxopropionate reductase,BS:PROKKA_00274,1.1.1.60,,ab initio prediction:Prodigal:2.6;similar to AA sequence:UniProtKB:P0ABQ2,282502,283360
S1A_contig_001,CDS,283614,284304,-,690,PROKKA_00275,dcuR,Transcriptional regulatory protein DcuR,BS:PROKKA_00275,,,ab initio prediction:Prodigal:2.6;similar to AA sequence:UniProtKB:P0AD01,283614,284304
S1A_contig_001,CDS,284281,285826,-,1545,PROKKA_00276,dcuS,Sensor histidine kinase DcuS,BS:PROKKA_00276,2.7.13.3,,ab initio prediction:Prodigal:2.6;similar to AA sequence:UniProtKB:P0AEC8,284281,285826
S1A_contig_001,CDS,285978,287304,+,1326,PROKKA_00277,cimH,Citrate/malate transporter,BS:PROKKA_00277,,,ab initio prediction:Prodigal:2.6;similar to AA sequence:UniProtKB:P94363,285978,287304
S1A_contig_001,CDS,287496,288675,+,1179,PROKKA_00278,,NAD-dependent malic enzyme,BS:PROKKA_00278,1.1.1.38,,ab initio prediction:Prodigal:2.6;similar to AA sequence:UniProtKB:P16468,287496,288675
S1A_contig_001,CDS,289334,289754,+,420,PROKKA_00279,,hypothetical protein,BS:PROKKA_00279,,,ab initio prediction:Prodigal:2.6,289334,289754
S1A_contig_001,CDS,289865,290450,+,585,PROKKA_00280,,hypothetical protein,BS:PROKKA_00280,,,ab initio prediction:Prodigal:2.6,289865,290450
S1A_contig_001,CDS,290604,291999,+,1395,PROKKA_00281,aspA,Aspartate ammonia-lyase,BS:PROKKA_00281,4.3.1.1,,ab initio prediction:Prodigal:2.6;similar to AA sequence:UniProtKB:P0AC38,290604,291999
S1A_contig_001,CDS,292138,292933,-,795,PROKKA_00282,ybjI,Flavin mononucleotide phosphatase YbjI,BS:PROKKA_00282,3.1.3.-,,ab initio prediction:Prodigal:2.6;similar to AA sequence:UniProtKB:P75809,292138,292933
S1A_contig_001,CDS,292955,293603,-,648,PROKKA_00283,maa,Maltose O-acetyltransferase,BS:PROKKA_00283,2.3.1.79,,ab initio prediction:Prodigal:2.6;similar to AA sequence:UniProtKB:P77791,292955,293603
S1A_contig_001,CDS,293768,294878,-,1110,PROKKA_00284,pglJ,"N-acetylgalactosamine-N, N'-diacetylbacillosaminyl-diphospho-undecaprenol 4-alpha-N-acetylgalactosaminyltransferase",BS:PROKKA_00284,2.4.1.291,,ab initio prediction:Prodigal:2.6;similar to AA sequence:UniProtKB:Q0P9C7,293768,294878
S1A_contig_001,CDS,295357,297520,-,2163,PROKKA_00285,tgpA,Protein-glutamine gamma-glutamyltransferase,BS:PROKKA_00285,2.3.2.13,,ab initio prediction:Prodigal:2.6;similar to AA sequence:UniProtKB:Q9HZX3,295357,297520
S1A_contig_001,CDS,297512,298505,-,993,PROKKA_00286,,hypothetical protein,BS:PROKKA_00286,,,ab initio prediction:Prodigal:2.6,297512,298505
S1A_contig_001,CDS,298509,299445,-,936,PROKKA_00287,,ATPase family associated with various cellular activities (AAA),BS:PROKKA_00287,,,ab initio prediction:Prodigal:2.6;protein motif:Pfam:PF07726.5,298509,299445
S1A_contig_001,CDS,299811,300435,+,624,PROKKA_00288,,hypothetical protein,BS:PROKKA_00288,,,ab initio prediction:Prodigal:2.6,299811,300435
S1A_contig_001,CDS,300542,301091,-,549,PROKKA_00289,ydaF_1,Putative ribosomal N-acetyltransferase YdaF,BS:PROKKA_00289,2.3.1.-,,ab initio prediction:Prodigal:2.6;similar to AA sequence:UniProtKB:P96579,300542,301091
S1A_contig_001,CDS,301340,302756,+,1416,PROKKA_00290,glnH_1,Glutamine-binding periplasmic protein precursor,BS:PROKKA_00290,,,ab initio prediction:Prodigal:2.6;similar to AA sequence:UniProtKB:P0AEQ3,301340,302756
S1A_contig_001,CDS,302942,304409,+,1467,PROKKA_00291,glnH_2,Glutamine-binding periplasmic protein precursor,BS:PROKKA_00291,,,ab initio prediction:Prodigal:2.6;similar to AA sequence:UniProtKB:P0AEQ3,302942,304409
S1A_contig_001,CDS,304405,305146,+,741,PROKKA_00292,glnQ_1,Glutamine transport ATP-binding protein GlnQ,BS:PROKKA_00292,,,ab initio prediction:Prodigal:2.6;similar to AA sequence:UniProtKB:P27675,304405,305146
S1A_contig_001,CDS,305262,306132,-,870,PROKKA_00293,,Fructosamine kinase,BS:PROKKA_00293,,,ab initio prediction:Prodigal:2.6;protein motif:Pfam:PF03881.8,305262,306132
S1A_contig_001,CDS,306229,307006,-,777,PROKKA_00294,cbiO,Cobalt import ATP-binding protein CbiO,BS:PROKKA_00294,3.6.3.-,,ab initio prediction:Prodigal:2.6;similar to AA sequence:UniProtKB:Q05596,306229,307006
S1A_contig_001,CDS,306995,308561,-,1566,PROKKA_00295,,Bacterial membrane flanked domain protein,BS:PROKKA_00295,,,ab initio prediction:Prodigal:2.6;protein motif:Pfam:PF03703.8,306995,308561
S1A_contig_001,CDS,308550,309024,-,474,PROKKA_00296,,Bacterial membrane flanked domain protein,BS:PROKKA_00296,,,ab initio prediction:Prodigal:2.6;protein motif:Pfam:PF03703.8,308550,309024
S1A_contig_001,CDS,309205,309529,-,324,PROKKA_00297,,hypothetical protein,BS:PROKKA_00297,,,ab initio prediction:Prodigal:2.6,309205,309529
S1A_contig_001,CDS,309686,310025,+,339,PROKKA_00298,,hypothetical protein,BS:PROKKA_00298,,,ab initio prediction:Prodigal:2.6,309686,310025
S1A_contig_001,CDS,310097,310808,+,711,PROKKA_00299,,hypothetical protein,BS:PROKKA_00299,,,ab initio prediction:Prodigal:2.6,310097,310808
S1A_contig_001,CDS,310990,312262,+,1272,PROKKA_00300,ugpB_1,sn-glycerol-3-phosphate-binding periplasmic protein UgpB precursor,BS:PROKKA_00300,,,ab initio prediction:Prodigal:2.6;similar to AA sequence:UniProtKB:P0AG80,310990,312262
S1A_contig_001,CDS,312287,312542,+,255,PROKKA_00301,,hypothetical protein,BS:PROKKA_00301,,,ab initio prediction:Prodigal:2.6,312287,312542
S1A_contig_001,CDS,312613,313360,-,747,PROKKA_00302,artM,Arginine transport ATP-binding protein ArtM,BS:PROKKA_00302,,,ab initio prediction:Prodigal:2.6;similar to AA sequence:UniProtKB:P54537,312613,313360
S1A_contig_001,CDS,313363,314971,-,1608,PROKKA_00303,yecS_1,Inner membrane amino-acid ABC transporter permease protein YecS,BS:PROKKA_00303,,,ab initio prediction:Prodigal:2.6;similar to AA sequence:UniProtKB:P0AFT2,313363,314971
S1A_contig_001,CDS,315066,315228,-,162,PROKKA_00304,,hypothetical protein,BS:PROKKA_00304,,,ab initio prediction:Prodigal:2.6,315066,315228
S1A_contig_001,CDS,315673,316549,+,876,PROKKA_00305,,Helix-turn-helix domain protein,BS:PROKKA_00305,,,ab initio prediction:Prodigal:2.6;protein motif:Pfam:PF12844.1,315673,316549
S1A_contig_001,CDS,316545,317394,+,849,PROKKA_00306,,Helix-turn-helix domain protein,BS:PROKKA_00306,,,ab initio prediction:Prodigal:2.6;protein motif:Pfam:PF12844.1,316545,317394
S1A_contig_001,CDS,317549,318569,-,1020,PROKKA_00307,,Helix-turn-helix domain protein,BS:PROKKA_00307,,,ab initio prediction:Prodigal:2.6;protein motif:Pfam:PF12844.1,317549,318569
S1A_contig_001,CDS,318578,318698,-,120,PROKKA_00308,,hypothetical protein,BS:PROKKA_00308,,,ab initio prediction:Prodigal:2.6,318578,318698
S1A_contig_001,CDS,318803,320075,+,1272,PROKKA_00309,,Major Facilitator Superfamily protein,BS:PROKKA_00309,,,ab initio prediction:Prodigal:2.6;protein motif:Pfam:PF07690.10,318803,320075
S1A_contig_001,CDS,320309,321284,+,975,PROKKA_00310,manX_1,PTS system mannose-specific EIIAB component,BS:PROKKA_00310,,,ab initio prediction:Prodigal:2.6;similar to AA sequence:UniProtKB:Q5XAF5,320309,321284
S1A_contig_001,CDS,321311,322127,+,816,PROKKA_00311,manY_1,Mannose permease IIC component,BS:PROKKA_00311,,,ab initio prediction:Prodigal:2.6;similar to AA sequence:UniProtKB:P69801,321311,322127
S1A_contig_001,CDS,322144,323056,+,912,PROKKA_00312,manZ_1,Mannose permease IID component,BS:PROKKA_00312,,,ab initio prediction:Prodigal:2.6;similar to AA sequence:UniProtKB:P69805,322144,323056
S1A_contig_001,CDS,323317,323683,+,366,PROKKA_00313,,hypothetical protein,BS:PROKKA_00313,,,ab initio prediction:Prodigal:2.6,323317,323683
S1A_contig_001,CDS,323808,324738,-,930,PROKKA_00314,yhdN,General stress protein 69,BS:PROKKA_00314,1.1.1.-,,ab initio prediction:Prodigal:2.6;similar to AA sequence:UniProtKB:P80874,323808,324738
S1A_contig_001,CDS,324798,325992,-,1194,PROKKA_00315,yycB,putative transporter YycB,BS:PROKKA_00315,,,ab initio prediction:Prodigal:2.6;similar to AA sequence:UniProtKB:P37482,324798,325992
S1A_contig_001,CDS,326269,327691,-,1422,PROKKA_00316,emrB_1,Multidrug export protein EmrB,BS:PROKKA_00316,,,ab initio prediction:Prodigal:2.6;similar to AA sequence:UniProtKB:P0AEJ0,326269,327691
S1A_contig_001,CDS,327951,328575,-,624,PROKKA_00317,,Isochorismatase family protein,BS:PROKKA_00317,,,ab initio prediction:Prodigal:2.6;protein motif:Pfam:PF00857.14,327951,328575
S1A_contig_001,CDS,329007,329529,-,522,PROKKA_00318,,hypothetical protein,BS:PROKKA_00318,,,ab initio prediction:Prodigal:2.6;protein motif:CLUSTERS:PRK06762,329007,329529
S1A_contig_001,CDS,329525,329990,-,465,PROKKA_00319,nudB,Dihydroneopterin triphosphate pyrophosphatase,BS:PROKKA_00319,3.6.1.-,,ab initio prediction:Prodigal:2.6;similar to AA sequence:UniProtKB:P0AFC0,329525,329990
S1A_contig_001,CDS,330127,330679,+,552,PROKKA_00320,,hypothetical protein,BS:PROKKA_00320,,,ab initio prediction:Prodigal:2.6,330127,330679
S1A_contig_001,CDS,330822,331152,-,330,PROKKA_00321,licA_1,Lichenan-specific phosphotransferase enzyme IIA component,BS:PROKKA_00321,2.7.1.-,,ab initio prediction:Prodigal:2.6;similar to AA sequence:UniProtKB:P46319,330822,331152
S1A_contig_001,CDS,331151,331484,-,333,PROKKA_00322,licB_1,Lichenan-specific phosphotransferase enzyme IIB component,BS:PROKKA_00322,2.7.1.69,,ab initio prediction:Prodigal:2.6;similar to AA sequence:UniProtKB:P46318,331151,331484
S1A_contig_001,CDS,331600,332311,+,711,PROKKA_00323,treR_1,Trehalose operon transcriptional repressor,BS:PROKKA_00323,,,ab initio prediction:Prodigal:2.6;similar to AA sequence:UniProtKB:P39796,331600,332311
S1A_contig_001,CDS,332479,333838,+,1359,PROKKA_00324,gmuC_1,Oligo-beta-mannoside permease IIC component,BS:PROKKA_00324,,,ab initio prediction:Prodigal:2.6;similar to AA sequence:UniProtKB:O05507,332479,333838
S1A_contig_001,CDS,333893,334313,+,420,PROKKA_00325,,hypothetical protein,BS:PROKKA_00325,,,ab initio prediction:Prodigal:2.6,333893,334313
S1A_contig_001,CDS,334325,335426,+,1101,PROKKA_00326,,hypothetical protein,BS:PROKKA_00326,,,ab initio prediction:Prodigal:2.6,334325,335426
S1A_contig_001,CDS,335778,337161,-,1383,PROKKA_00327,argH1,Argininosuccinate lyase 1,BS:PROKKA_00327,4.3.2.1,,ab initio prediction:Prodigal:2.6;similar to AA sequence:UniProtKB:Q92MH1,335778,337161
S1A_contig_001,CDS,337153,338374,-,1221,PROKKA_00328,argG,Argininosuccinate synthase,BS:PROKKA_00328,6.3.4.5,,ab initio prediction:Prodigal:2.6;similar to AA sequence:UniProtKB:P77973,337153,338374
S1A_contig_001,CDS,338426,339875,-,1449,PROKKA_00329,artQ_1,Arginine transport system permease protein ArtQ,BS:PROKKA_00329,,,ab initio prediction:Prodigal:2.6;similar to AA sequence:UniProtKB:P54536,338426,339875
S1A_contig_001,CDS,339975,340650,-,675,PROKKA_00330,,putative hydrolase,BS:PROKKA_00330,3.-.-.-,,ab initio prediction:Prodigal:2.6;similar to AA sequence:UniProtKB:Q99R57,339975,340650
S1A_contig_001,CDS,341228,341942,+,714,PROKKA_00331,yycF_1,Transcriptional regulatory protein YycF,BS:PROKKA_00331,,,ab initio prediction:Prodigal:2.6;similar to AA sequence:UniProtKB:P37478,341228,341942
S1A_contig_001,CDS,341957,343868,+,1911,PROKKA_00332,yycG,Sensor histidine kinase YycG,BS:PROKKA_00332,2.7.13.3,,ab initio prediction:Prodigal:2.6;similar to AA sequence:UniProtKB:Q45614,341957,343868
S1A_contig_001,CDS,343857,345285,+,1428,PROKKA_00333,,YycH protein,BS:PROKKA_00333,,,ab initio prediction:Prodigal:2.6;protein motif:Pfam:PF07435.5,343857,345285
S1A_contig_001,CDS,345339,346137,+,798,PROKKA_00334,yycI,Two-component system YycFG regulatory protein,BS:PROKKA_00334,,,ab initio prediction:Prodigal:2.6;similar to AA sequence:UniProtKB:Q45612,345339,346137
S1A_contig_001,CDS,346215,347025,+,810,PROKKA_00335,yycJ,Putative metallo-hydrolase YycJ,BS:PROKKA_00335,3.-.-.-,,ab initio prediction:Prodigal:2.6;similar to AA sequence:UniProtKB:C0SP91,346215,347025
S1A_contig_001,CDS,347533,348862,+,1329,PROKKA_00336,htrA,Serine protease Do-like HtrA,BS:PROKKA_00336,3.4.21.107,,ab initio prediction:Prodigal:2.6;similar to AA sequence:UniProtKB:Q9LA06,347533,348862
S1A_contig_001,CDS,349473,349878,+,405,PROKKA_00337,,hypothetical protein,BS:PROKKA_00337,,,ab initio prediction:Prodigal:2.6,349473,349878
S1A_contig_001,CDS,350037,350475,+,438,PROKKA_00338,,Acid shock protein,BS:PROKKA_00338,,,ab initio prediction:Prodigal:2.6;similar to AA sequence:UniProtKB:P80485,350037,350475
S1A_contig_001,CDS,350841,352689,+,1848,PROKKA_00339,zosA_3,Zinc-transporting ATPase,BS:PROKKA_00339,3.6.3.-,,ab initio prediction:Prodigal:2.6;similar to AA sequence:UniProtKB:O31688,350841,352689
S1A_contig_001,CDS,352849,354022,-,1173,PROKKA_00340,,hypothetical protein,BS:PROKKA_00340,,,ab initio prediction:Prodigal:2.6,352849,354022
S1A_contig_001,CDS,354810,356421,+,1611,PROKKA_00341,oppA_1,Oligopeptide-binding protein OppA precursor,BS:PROKKA_00341,,,ab initio prediction:Prodigal:2.6;similar to AA sequence:UniProtKB:P24141,354810,356421
S1A_contig_001,CDS,356445,357789,+,1344,PROKKA_00342,dapE_1,Succinyl-diaminopimelate desuccinylase,BS:PROKKA_00342,3.5.1.18,,ab initio prediction:Prodigal:2.6;similar to AA sequence:UniProtKB:Q9KQ52,356445,357789
S1A_contig_001,CDS,357912,358743,-,831,PROKKA_00343,,hypothetical protein,BS:PROKKA_00343,,,ab initio prediction:Prodigal:2.6,357912,358743
S1A_contig_001,CDS,359118,360219,-,1101,PROKKA_00344,ybiR_1,Inner membrane protein YbiR,BS:PROKKA_00344,,,ab initio prediction:Prodigal:2.6;similar to AA sequence:UniProtKB:P75788,359118,360219
S1A_contig_001,CDS,360516,360996,+,480,PROKKA_00345,rlmH,Ribosomal RNA large subunit methyltransferase H,BS:PROKKA_00345,2.1.1.177,,ab initio prediction:Prodigal:2.6;similar to AA sequence:UniProtKB:Q45601,360516,360996
S1A_contig_001,CDS,361187,361649,+,462,PROKKA_00346,yafP,putative N-acetyltransferase YafP,BS:PROKKA_00346,2.3.1.-,,ab initio prediction:Prodigal:2.6;similar to AA sequence:UniProtKB:Q47158,361187,361649
S1A_contig_001,CDS,361735,362191,+,456,PROKKA_00347,yjaB,putative N-acetyltransferase YjaB,BS:PROKKA_00347,2.3.1.-,,ab initio prediction:Prodigal:2.6;similar to AA sequence:UniProtKB:P09163,361735,362191
S1A_contig_001,CDS,362281,362803,+,522,PROKKA_00348,,putative acyltransferase,BS:PROKKA_00348,,,ab initio prediction:Prodigal:2.6;protein motif:CLUSTERS:PRK09831,362281,362803
S1A_contig_001,CDS,362799,363555,+,756,PROKKA_00349,,hypothetical protein,BS:PROKKA_00349,,,ab initio prediction:Prodigal:2.6,362799,363555
S1A_contig_001,CDS,363537,364575,-,1038,PROKKA_00350,,Zinc-type alcohol dehydrogenase-like protein,BS:PROKKA_00350,,,ab initio prediction:Prodigal:2.6;similar to AA sequence:UniProtKB:P99173,363537,364575
S1A_contig_001,CDS,364805,365327,+,522,PROKKA_00351,gmhB,"D-glycero-beta-D-manno-heptose-1,7-bisphosphate 7-phosphatase",BS:PROKKA_00351,3.1.3.82,,ab initio prediction:Prodigal:2.6;similar to AA sequence:UniProtKB:P63228,364805,365327
S1A_contig_001,CDS,365337,365838,+,501,PROKKA_00352,,putative acetyltransferase,BS:PROKKA_00352,,,ab initio prediction:Prodigal:2.6;protein motif:CLUSTERS:PRK10562,365337,365838
S1A_contig_001,CDS,365874,366606,+,732,PROKKA_00353,,Acetyltransferase (GNAT) family protein,BS:PROKKA_00353,,,ab initio prediction:Prodigal:2.6;protein motif:Pfam:PF00583.18,365874,366606
S1A_contig_001,CDS,366695,367055,+,360,PROKKA_00354,,hypothetical protein,BS:PROKKA_00354,,,ab initio prediction:Prodigal:2.6,366695,367055
S1A_contig_001,CDS,367105,367726,+,621,PROKKA_00355,rutD,Putative aminoacrylate hydrolase RutD,BS:PROKKA_00355,,,ab initio prediction:Prodigal:2.6;protein motif:HAMAP:MF_00832,367105,367726
S1A_contig_001,CDS,367868,368123,+,255,PROKKA_00356,,hypothetical protein,BS:PROKKA_00356,,,ab initio prediction:Prodigal:2.6,367868,368123
S1A_contig_001,CDS,368293,368614,+,321,PROKKA_00357,sugE,Quaternary ammonium compound-resistance protein SugE,BS:PROKKA_00357,,,ab initio prediction:Prodigal:2.6;similar to AA sequence:UniProtKB:P69937,368293,368614
S1A_contig_001,CDS,368693,369443,+,750,PROKKA_00358,,hypothetical protein,BS:PROKKA_00358,,,ab initio prediction:Prodigal:2.6,368693,369443
S1A_contig_001,CDS,370022,370955,-,933,PROKKA_00359,nrnA_2,putative bifunctional oligoribonuclease and PAP phosphatase NrnA,BS:PROKKA_00359,3.1.-.-,,ab initio prediction:Prodigal:2.6;similar to AA sequence:UniProtKB:Q8DTN6,370022,370955
S1A_contig_001,CDS,371057,372125,+,1068,PROKKA_00360,,hypothetical protein,BS:PROKKA_00360,,,ab initio prediction:Prodigal:2.6;protein motif:CLUSTERS:PRK05421,371057,372125
S1A_contig_001,CDS,372451,373288,+,837,PROKKA_00361,agaC_1,N-acetylgalactosamine permease IIC component 1,BS:PROKKA_00361,,,ab initio prediction:Prodigal:2.6;similar to AA sequence:UniProtKB:P42910,372451,373288
S1A_contig_001,CDS,373280,374117,+,837,PROKKA_00362,manZ_2,Mannose permease IID component,BS:PROKKA_00362,,,ab initio prediction:Prodigal:2.6;similar to AA sequence:UniProtKB:P69805,373280,374117
S1A_contig_001,CDS,374183,374669,+,486,PROKKA_00363,sorB_1,Sorbose-specific phosphotransferase enzyme IIB component,BS:PROKKA_00363,2.7.1.69,,ab initio prediction:Prodigal:2.6;similar to AA sequence:UniProtKB:P37081,374183,374669
S1A_contig_001,CDS,374665,375598,+,933,PROKKA_00364,murR_2,HTH-type transcriptional regulator MurR,BS:PROKKA_00364,,,ab initio prediction:Prodigal:2.6;similar to AA sequence:UniProtKB:P77245,374665,375598
S1A_contig_001,CDS,375542,376442,+,900,PROKKA_00365,murQ_2,N-acetylmuramic acid 6-phosphate etherase,BS:PROKKA_00365,4.2.1.126,,ab initio prediction:Prodigal:2.6;similar to AA sequence:UniProtKB:P76535,375542,376442
S1A_contig_001,CDS,376428,377451,+,1023,PROKKA_00366,,putative periplasmic esterase,BS:PROKKA_00366,,,ab initio prediction:Prodigal:2.6;protein motif:CLUSTERS:PRK03642,376428,377451
S1A_contig_001,CDS,377438,378506,+,1068,PROKKA_00367,ykfB_1,L-Ala-D/L-Glu epimerase,BS:PROKKA_00367,5.1.1.-,,ab initio prediction:Prodigal:2.6;similar to AA sequence:UniProtKB:O34508,377438,378506
S1A_contig_001,CDS,378495,379281,+,786,PROKKA_00368,,hypothetical protein,BS:PROKKA_00368,,,ab initio prediction:Prodigal:2.6,378495,379281
S1A_contig_001,CDS,379694,385010,-,5316,PROKKA_00369,yicI_1,Alpha-xylosidase,BS:PROKKA_00369,3.2.1.177,,ab initio prediction:Prodigal:2.6;similar to AA sequence:UniProtKB:P31434,379694,385010
S1A_contig_001,CDS,385406,386138,+,732,PROKKA_00370,,bifunctional nicotinamide mononucleotide adenylyltransferase/ADP-ribose pyrophosphatase,BS:PROKKA_00370,,,ab initio prediction:Prodigal:2.6;protein motif:CLUSTERS:PRK05379,385406,386138
S1A_contig_001,CDS,386231,386792,+,561,PROKKA_00371,rutB_1,Peroxyureidoacrylate/ureidoacrylate amidohydrolase RutB,BS:PROKKA_00371,3.5.1.110,,ab initio prediction:Prodigal:2.6;similar to AA sequence:UniProtKB:P75897,386231,386792
S1A_contig_001,CDS,386825,388262,+,1437,PROKKA_00372,pncB2_1,Nicotinate phosphoribosyltransferase pncB2,BS:PROKKA_00372,6.3.4.21,,ab initio prediction:Prodigal:2.6;similar to AA sequence:UniProtKB:O53770,386825,388262
S1A_contig_001,CDS,388518,389637,+,1119,PROKKA_00373,malK_1,Maltose/maltodextrin import ATP-binding protein MalK,BS:PROKKA_00373,3.6.3.19,,ab initio prediction:Prodigal:2.6;similar to AA sequence:UniProtKB:Q1R3Q1,388518,389637
S1A_contig_001,CDS,389626,390559,+,933,PROKKA_00374,ugpA,sn-glycerol-3-phosphate transport system permease protein UgpA,BS:PROKKA_00374,,,ab initio prediction:Prodigal:2.6;similar to AA sequence:UniProtKB:P10905,389626,390559
S1A_contig_001,CDS,390555,391371,+,816,PROKKA_00375,araQ_1,L-arabinose transport system permease protein AraQ,BS:PROKKA_00375,,,ab initio prediction:Prodigal:2.6;similar to AA sequence:UniProtKB:P94530,390555,391371
S1A_contig_001,CDS,391367,392744,+,1377,PROKKA_00376,ugpB_2,sn-glycerol-3-phosphate-binding periplasmic protein UgpB precursor,BS:PROKKA_00376,,,ab initio prediction:Prodigal:2.6;similar to AA sequence:UniProtKB:P0AG80,391367,392744
S1A_contig_001,CDS,392910,393333,+,423,PROKKA_00377,arsC2,Arsenate-mycothiol transferase ArsC2,BS:PROKKA_00377,2.8.4.2,,ab initio prediction:Prodigal:2.6;similar to AA sequence:UniProtKB:P0DKS7,392910,393333
S1A_contig_001,CDS,393374,394073,+,699,PROKKA_00378,glpQ1_1,putative glycerophosphoryl diester phosphodiesterase 1,BS:PROKKA_00378,3.1.4.46,,ab initio prediction:Prodigal:2.6;similar to AA sequence:UniProtKB:P96236,393374,394073
S1A_contig_001,CDS,394157,394688,-,531,PROKKA_00379,,hypothetical protein,BS:PROKKA_00379,,,ab initio prediction:Prodigal:2.6,394157,394688
S1A_contig_001,CDS,394677,395922,-,1245,PROKKA_00380,,hypothetical protein,BS:PROKKA_00380,,,ab initio prediction:Prodigal:2.6,394677,395922
S1A_contig_001,CDS,396321,396879,+,558,PROKKA_00381,xre,HTH-type transcriptional regulator Xre,BS:PROKKA_00381,,,ab initio prediction:Prodigal:2.6;similar to AA sequence:UniProtKB:P23789,396321,396879
S1A_contig_001,CDS,396901,397120,+,219,PROKKA_00382,,hypothetical protein,BS:PROKKA_00382,,,ab initio prediction:Prodigal:2.6,396901,397120
S1A_contig_001,CDS,397338,397656,-,318,PROKKA_00383,,hypothetical protein,BS:PROKKA_00383,,,ab initio prediction:Prodigal:2.6,397338,397656
S1A_contig_001,CDS,397725,398043,-,318,PROKKA_00384,,hypothetical protein,BS:PROKKA_00384,,,ab initio prediction:Prodigal:2.6,397725,398043
S1A_contig_001,CDS,398256,398760,-,504,PROKKA_00385,rutB_2,Peroxyureidoacrylate/ureidoacrylate amidohydrolase RutB,BS:PROKKA_00385,3.5.1.110,,ab initio prediction:Prodigal:2.6;protein motif:HAMAP:MF_00830,398256,398760
S1A_contig_001,CDS,398873,399377,+,504,PROKKA_00386,,Acetyltransferase (GNAT) family protein,BS:PROKKA_00386,,,ab initio prediction:Prodigal:2.6;protein motif:Pfam:PF00583.18,398873,399377
S1A_contig_001,CDS,399617,401192,-,1575,PROKKA_00387,stp_2,Multidrug resistance protein stp,BS:PROKKA_00387,,,ab initio prediction:Prodigal:2.6;similar to AA sequence:UniProtKB:P71879,399617,401192
S1A_contig_001,CDS,401184,401757,-,573,PROKKA_00388,,Transcriptional regulator PadR-like family protein,BS:PROKKA_00388,,,ab initio prediction:Prodigal:2.6;protein motif:Pfam:PF03551.8,401184,401757
S1A_contig_001,CDS,402120,402618,+,498,PROKKA_00389,,acetyltransferase,BS:PROKKA_00389,,,ab initio prediction:Prodigal:2.6;protein motif:CLUSTERS:PRK07757,402120,402618
S1A_contig_001,CDS,402686,403721,-,1035,PROKKA_00390,,Alpha-L-fucosidase,BS:PROKKA_00390,,,ab initio prediction:Prodigal:2.6;protein motif:Pfam:PF01120.11,402686,403721
S1A_contig_001,CDS,403970,405173,-,1203,PROKKA_00391,ymfD,Bacillibactin exporter,BS:PROKKA_00391,,,ab initio prediction:Prodigal:2.6;similar to AA sequence:UniProtKB:O31762,403970,405173
S1A_contig_001,CDS,405525,407109,+,1584,PROKKA_00392,asD,Bifunctional aspartate aminotransferase and L-aspartate beta-decarboxylase,BS:PROKKA_00392,2.6.1.1,,ab initio prediction:Prodigal:2.6;similar to AA sequence:UniProtKB:Q53IZ1,405525,407109
S1A_contig_001,CDS,407109,407829,+,720,PROKKA_00393,gmuR_1,HTH-type transcriptional regulator GmuR,BS:PROKKA_00393,,,ab initio prediction:Prodigal:2.6;similar to AA sequence:UniProtKB:O05509,407109,407829
S1A_contig_001,CDS,407942,409283,+,1341,PROKKA_00394,,Putative dipeptidase,BS:PROKKA_00394,3.4.13.-,,ab initio prediction:Prodigal:2.6;similar to AA sequence:UniProtKB:Q7A522,407942,409283
S1A_contig_001,CDS,409380,410343,+,963,PROKKA_00395,,N(4)-(Beta-N-acetylglucosaminyl)-L-asparaginase precursor,BS:PROKKA_00395,3.5.1.26,,ab initio prediction:Prodigal:2.6;similar to AA sequence:UniProtKB:Q47898,409380,410343
S1A_contig_001,CDS,410402,411302,+,900,PROKKA_00396,bglK_1,Beta-glucoside kinase,BS:PROKKA_00396,2.7.1.85,,ab initio prediction:Prodigal:2.6;similar to AA sequence:UniProtKB:Q93LQ8,410402,411302
S1A_contig_001,CDS,411425,413813,-,2388,PROKKA_00397,xpkA_2,Xylulose-5-phosphate phosphoketolase,BS:PROKKA_00397,4.1.2.9,,ab initio prediction:Prodigal:2.6;similar to AA sequence:UniProtKB:Q937F6,411425,413813
S1A_contig_001,CDS,414073,414835,-,762,PROKKA_00398,srlR_2,Glucitol operon repressor,BS:PROKKA_00398,,,ab initio prediction:Prodigal:2.6;similar to AA sequence:UniProtKB:P15082,414073,414835
S1A_contig_001,CDS,415056,416148,+,1092,PROKKA_00399,gutB_1,Sorbitol dehydrogenase,BS:PROKKA_00399,1.1.1.14,,ab initio prediction:Prodigal:2.6;similar to AA sequence:UniProtKB:Q06004,415056,416148
S1A_contig_001,CDS,416204,416630,+,426,PROKKA_00400,manX_2,PTS system mannose-specific EIIAB component,BS:PROKKA_00400,,,ab initio prediction:Prodigal:2.6;similar to AA sequence:UniProtKB:Q5XAF5,416204,416630
S1A_contig_001,CDS,416649,417126,+,477,PROKKA_00401,levE_1,Fructose-specific phosphotransferase enzyme IIB component,BS:PROKKA_00401,2.7.1.69,,ab initio prediction:Prodigal:2.6;similar to AA sequence:UniProtKB:P26380,416649,417126
S1A_contig_001,CDS,417144,417906,+,762,PROKKA_00402,manY_2,Mannose permease IIC component,BS:PROKKA_00402,,,ab initio prediction:Prodigal:2.6;similar to AA sequence:UniProtKB:P69801,417144,417906
S1A_contig_001,CDS,417902,418781,+,879,PROKKA_00403,manZ_3,Mannose permease IID component,BS:PROKKA_00403,,,ab initio prediction:Prodigal:2.6;similar to AA sequence:UniProtKB:P69805,417902,418781
S1A_contig_001,CDS,418811,419471,+,660,PROKKA_00404,rpe_1,Ribulose-phosphate 3-epimerase,BS:PROKKA_00404,5.1.3.1,,ab initio prediction:Prodigal:2.6;similar to AA sequence:UniProtKB:P74061,418811,419471
S1A_contig_001,CDS,419618,420464,+,846,PROKKA_00405,lsrF,putative aldolase LsrF,BS:PROKKA_00405,4.1.2.-,,ab initio prediction:Prodigal:2.6;similar to AA sequence:UniProtKB:P76143,419618,420464
S1A_contig_001,CDS,420482,421535,+,1053,PROKKA_00406,yjmD,putative zinc-type alcohol dehydrogenase-like protein YjmD,BS:PROKKA_00406,1.-.-.-,,ab initio prediction:Prodigal:2.6;similar to AA sequence:UniProtKB:O35045,420482,421535
S1A_contig_001,CDS,421668,422358,+,690,PROKKA_00407,rpiA_1,Ribose-5-phosphate isomerase A,BS:PROKKA_00407,5.3.1.6,,ab initio prediction:Prodigal:2.6;similar to AA sequence:UniProtKB:Q8DTT9,421668,422358
S1A_contig_001,CDS,422785,423856,+,1071,PROKKA_00408,ulaG,putative L-ascorbate-6-phosphate lactonase UlaG,BS:PROKKA_00408,3.1.1.-,,ab initio prediction:Prodigal:2.6;similar to AA sequence:UniProtKB:P39300,422785,423856
S1A_contig_001,CDS,423993,424452,+,459,PROKKA_00409,ulaC_1,Ascorbate-specific phosphotransferase enzyme IIA component,BS:PROKKA_00409,2.7.1.-,,ab initio prediction:Prodigal:2.6;similar to AA sequence:UniProtKB:P69820,423993,424452
S1A_contig_001,CDS,424471,425992,+,1521,PROKKA_00410,ulaA_1,Ascorbate-specific permease IIC component UlaA,BS:PROKKA_00410,,,ab initio prediction:Prodigal:2.6;similar to AA sequence:UniProtKB:P39301,424471,425992
S1A_contig_001,CDS,426021,426315,+,294,PROKKA_00411,,PTS system ascorbate-specific transporter subunits IICB,BS:PROKKA_00411,,,ab initio prediction:Prodigal:2.6;protein motif:CLUSTERS:PRK09548,426021,426315
S1A_contig_001,CDS,426431,427073,+,642,PROKKA_00412,sgbH,3-keto-L-gulonate-6-phosphate decarboxylase SgbH,BS:PROKKA_00412,4.1.1.85,,ab initio prediction:Prodigal:2.6;similar to AA sequence:UniProtKB:P37678,426431,427073
S1A_contig_001,CDS,427108,427882,+,774,PROKKA_00413,srlR_3,Glucitol operon repressor,BS:PROKKA_00413,,,ab initio prediction:Prodigal:2.6;similar to AA sequence:UniProtKB:P15082,427108,427882
S1A_contig_001,CDS,428072,428942,+,870,PROKKA_00414,ulaE,L-ribulose-5-phosphate 3-epimerase UlaE,BS:PROKKA_00414,5.1.3.22,,ab initio prediction:Prodigal:2.6;similar to AA sequence:UniProtKB:Q8XDI5,428072,428942
S1A_contig_001,CDS,429035,429857,-,822,PROKKA_00415,yidA_1,Sugar phosphatase YidA,BS:PROKKA_00415,3.1.3.23,,ab initio prediction:Prodigal:2.6;similar to AA sequence:UniProtKB:P0A8Y5,429035,429857
S1A_contig_001,CDS,430056,430785,+,729,PROKKA_00416,araD_1,L-ribulose-5-phosphate 4-epimerase,BS:PROKKA_00416,5.1.3.4,,ab initio prediction:Prodigal:2.6;similar to AA sequence:UniProtKB:P94525,430056,430785
S1A_contig_001,CDS,431036,431837,+,801,PROKKA_00417,fabG_1,3-oxoacyl-[acyl-carrier-protein] reductase FabG,BS:PROKKA_00417,1.1.1.100,,ab initio prediction:Prodigal:2.6;similar to AA sequence:UniProtKB:P0A2C9,431036,431837
S1A_contig_001,CDS,431863,433732,+,1869,PROKKA_00418,licR_1,putative licABCH operon regulator,BS:PROKKA_00418,,,ab initio prediction:Prodigal:2.6;similar to AA sequence:UniProtKB:P46321,431863,433732
S1A_contig_001,CDS,433732,434242,+,510,PROKKA_00419,,DNA-binding transcriptional activator GutM,BS:PROKKA_00419,,,ab initio prediction:Prodigal:2.6;protein motif:CLUSTERS:PRK10234,433732,434242
S1A_contig_001,CDS,434259,434829,+,570,PROKKA_00420,srlA,Glucitol/sorbitol permease IIC component,BS:PROKKA_00420,,,ab initio prediction:Prodigal:2.6;similar to AA sequence:UniProtKB:P56579,434259,434829
S1A_contig_001,CDS,434970,436089,+,1119,PROKKA_00421,srlE,Glucitol/sorbitol-specific phosphotransferase enzyme IIB component,BS:PROKKA_00421,2.7.1.69,,ab initio prediction:Prodigal:2.6;similar to AA sequence:UniProtKB:P56580,434970,436089
S1A_contig_001,CDS,436115,436496,+,381,PROKKA_00422,,PTS system glucitol/sorbitol-specific transporter subunit IIA,BS:PROKKA_00422,,,ab initio prediction:Prodigal:2.6;protein motif:CLUSTERS:PRK10377,436115,436496
S1A_contig_001,CDS,436624,437296,+,672,PROKKA_00423,fsaA,Fructose-6-phosphate aldolase 1,BS:PROKKA_00423,4.1.2.-,,ab initio prediction:Prodigal:2.6;similar to AA sequence:UniProtKB:P78055,436624,437296
S1A_contig_001,CDS,437520,438156,-,636,PROKKA_00424,,hypothetical protein,BS:PROKKA_00424,,,ab initio prediction:Prodigal:2.6,437520,438156
S1A_contig_001,CDS,438139,438877,-,738,PROKKA_00425,ytrB_1,ABC transporter ATP-binding protein YtrB,BS:PROKKA_00425,,,ab initio prediction:Prodigal:2.6;similar to AA sequence:UniProtKB:O34641,438139,438877
S1A_contig_001,CDS,438869,439337,-,468,PROKKA_00426,,helix-turn-helix protein,BS:PROKKA_00426,,,ab initio prediction:Prodigal:2.6;protein motif:Pfam:PF01381.16,438869,439337
S1A_contig_001,CDS,439861,441733,+,1872,PROKKA_00427,mtlR_2,Transcriptional regulator MtlR,BS:PROKKA_00427,,,ab initio prediction:Prodigal:2.6;similar to AA sequence:UniProtKB:P96574,439861,441733
S1A_contig_001,CDS,441707,442064,+,357,PROKKA_00428,,hypothetical protein,BS:PROKKA_00428,,,ab initio prediction:Prodigal:2.6,441707,442064
S1A_contig_001,CDS,442243,442603,+,360,PROKKA_00429,,hypothetical protein,BS:PROKKA_00429,,,ab initio prediction:Prodigal:2.6,442243,442603
S1A_contig_001,CDS,442615,442984,+,369,PROKKA_00430,,hypothetical protein,BS:PROKKA_00430,,,ab initio prediction:Prodigal:2.6,442615,442984
S1A_contig_001,CDS,442985,443765,+,780,PROKKA_00431,,hypothetical protein,BS:PROKKA_00431,,,ab initio prediction:Prodigal:2.6,442985,443765
S1A_contig_001,CDS,443777,444476,+,699,PROKKA_00432,,hypothetical protein,BS:PROKKA_00432,,,ab initio prediction:Prodigal:2.6,443777,444476
S1A_contig_001,CDS,444642,445764,+,1122,PROKKA_00433,,dihydroorotase,BS:PROKKA_00433,,,ab initio prediction:Prodigal:2.6;protein motif:CLUSTERS:PRK09237,444642,445764
S1A_contig_001,CDS,445760,446861,+,1101,PROKKA_00434,selA,L-seryl-tRNA(Sec) selenium transferase,BS:PROKKA_00434,2.9.1.1,,ab initio prediction:Prodigal:2.6;similar to AA sequence:UniProtKB:O67140,445760,446861
S1A_contig_001,CDS,446875,447640,+,765,PROKKA_00435,,hypothetical protein,BS:PROKKA_00435,,,ab initio prediction:Prodigal:2.6,446875,447640
S1A_contig_001,CDS,447802,449872,-,2070,PROKKA_00436,licR_2,putative licABCH operon regulator,BS:PROKKA_00436,,,ab initio prediction:Prodigal:2.6;similar to AA sequence:UniProtKB:P46321,447802,449872
S1A_contig_001,CDS,449989,450622,-,633,PROKKA_00437,kdgA_2,KHG/KDPG aldolase,BS:PROKKA_00437,,,ab initio prediction:Prodigal:2.6;similar to AA sequence:UniProtKB:P50846,449989,450622
S1A_contig_001,CDS,450755,451655,-,900,PROKKA_00438,dapA_2,4-hydroxy-tetrahydrodipicolinate synthase,BS:PROKKA_00438,4.3.3.7,,ab initio prediction:Prodigal:2.6;similar to AA sequence:UniProtKB:Q04796,450755,451655
S1A_contig_001,CDS,451692,452952,-,1260,PROKKA_00439,ulaA_2,Ascorbate-specific permease IIC component UlaA,BS:PROKKA_00439,,,ab initio prediction:Prodigal:2.6;similar to AA sequence:UniProtKB:P39301,451692,452952
S1A_contig_001,CDS,452984,453281,-,297,PROKKA_00440,,PTS system ascorbate-specific transporter subunits IICB,BS:PROKKA_00440,,,ab initio prediction:Prodigal:2.6;protein motif:CLUSTERS:PRK09548,452984,453281
S1A_contig_001,CDS,453297,453753,-,456,PROKKA_00441,ulaC_2,Ascorbate-specific phosphotransferase enzyme IIA component,BS:PROKKA_00441,2.7.1.-,,ab initio prediction:Prodigal:2.6;similar to AA sequence:UniProtKB:P69820,453297,453753
S1A_contig_001,CDS,454032,454638,+,606,PROKKA_00442,kdsD,Arabinose 5-phosphate isomerase KdsD,BS:PROKKA_00442,5.3.1.13,,ab initio prediction:Prodigal:2.6;similar to AA sequence:UniProtKB:P45395,454032,454638
S1A_contig_001,CDS,454849,456577,-,1728,PROKKA_00443,zraR,Transcriptional regulatory protein ZraR,BS:PROKKA_00443,,,ab initio prediction:Prodigal:2.6;similar to AA sequence:UniProtKB:P14375,454849,456577
S1A_contig_001,CDS,456734,457736,+,1002,PROKKA_00444,kdgT,2-keto-3-deoxygluconate permease,BS:PROKKA_00444,,,ab initio prediction:Prodigal:2.6;similar to AA sequence:UniProtKB:P50847,456734,457736
S1A_contig_001,CDS,457722,458946,+,1224,PROKKA_00445,,hypothetical protein,BS:PROKKA_00445,,,ab initio prediction:Prodigal:2.6,457722,458946
S1A_contig_001,CDS,458948,459929,+,981,PROKKA_00446,pdxA2,4-hydroxythreonine-4-phosphate dehydrogenase 2,BS:PROKKA_00446,1.1.1.262,,ab initio prediction:Prodigal:2.6;similar to AA sequence:UniProtKB:P58718,458948,459929
S1A_contig_001,CDS,460244,462350,+,2106,PROKKA_00447,mtlR_3,Transcriptional regulator MtlR,BS:PROKKA_00447,,,ab initio prediction:Prodigal:2.6;similar to AA sequence:UniProtKB:P96574,460244,462350
S1A_contig_001,CDS,462327,462810,+,483,PROKKA_00448,,PTS system galactitol-specific transporter subunit IIA,BS:PROKKA_00448,,,ab initio prediction:Prodigal:2.6;protein motif:CLUSTERS:PRK09665,462327,462810
S1A_contig_001,CDS,462828,463266,+,438,PROKKA_00449,,hypothetical protein,BS:PROKKA_00449,,,ab initio prediction:Prodigal:2.6,462828,463266
S1A_contig_001,CDS,463277,463583,+,306,PROKKA_00450,gatB_1,Galactitol-specific phosphotransferase enzyme IIB component,BS:PROKKA_00450,2.7.1.69,,ab initio prediction:Prodigal:2.6;similar to AA sequence:UniProtKB:P37188,463277,463583
S1A_contig_001,CDS,463611,464883,+,1272,PROKKA_00451,gatC_1,Galactitol permease IIC component,BS:PROKKA_00451,,,ab initio prediction:Prodigal:2.6;similar to AA sequence:UniProtKB:P69831,463611,464883
S1A_contig_001,CDS,464933,465971,+,1038,PROKKA_00452,gutB_2,Sorbitol dehydrogenase,BS:PROKKA_00452,1.1.1.14,,ab initio prediction:Prodigal:2.6;similar to AA sequence:UniProtKB:Q06004,464933,465971
S1A_contig_001,CDS,466021,466750,+,729,PROKKA_00453,,hypothetical protein,BS:PROKKA_00453,,,ab initio prediction:Prodigal:2.6;protein motif:CLUSTERS:PRK06357,466021,466750
S1A_contig_001,CDS,467088,468222,+,1134,PROKKA_00454,,hypothetical protein,BS:PROKKA_00454,,,ab initio prediction:Prodigal:2.6;protein motif:CLUSTERS:PRK10494,467088,468222
S1A_contig_001,CDS,468568,470053,+,1485,PROKKA_00455,licR_3,putative licABCH operon regulator,BS:PROKKA_00455,,,ab initio prediction:Prodigal:2.6;similar to AA sequence:UniProtKB:P46321,468568,470053
S1A_contig_001,CDS,470030,470444,+,414,PROKKA_00456,,"Phosphoenolpyruvate-dependent sugar phosphotransferase system, EIIA 2",BS:PROKKA_00456,,,ab initio prediction:Prodigal:2.6;protein motif:Pfam:PF00359.1,470030,470444
S1A_contig_001,CDS,470449,470929,+,480,PROKKA_00457,fruB,Multiphosphoryl transfer protein,BS:PROKKA_00457,,,ab initio prediction:Prodigal:2.6;similar to AA sequence:UniProtKB:P69811,470449,470929
S1A_contig_001,CDS,471041,472379,+,1338,PROKKA_00458,gatC_2,Galactitol permease IIC component,BS:PROKKA_00458,,,ab initio prediction:Prodigal:2.6;similar to AA sequence:UniProtKB:P69831,471041,472379
S1A_contig_001,CDS,472455,472758,+,303,PROKKA_00459,gatB_2,Galactitol-specific phosphotransferase enzyme IIB component,BS:PROKKA_00459,2.7.1.69,,ab initio prediction:Prodigal:2.6;similar to AA sequence:UniProtKB:P37188,472455,472758
S1A_contig_001,CDS,472757,473621,+,864,PROKKA_00460,kbaY,"D-tagatose-1,6-bisphosphate aldolase subunit KbaY",BS:PROKKA_00460,4.1.2.40,,ab initio prediction:Prodigal:2.6;similar to AA sequence:UniProtKB:Q9KIP8,472757,473621
S1A_contig_001,CDS,473654,474347,+,693,PROKKA_00461,,triosephosphate isomerase,BS:PROKKA_00461,,,ab initio prediction:Prodigal:2.6;protein motif:CLUSTERS:PRK04302,473654,474347
S1A_contig_001,CDS,474343,474865,+,522,PROKKA_00462,,hypothetical protein,BS:PROKKA_00462,,,ab initio prediction:Prodigal:2.6,474343,474865
S1A_contig_001,CDS,475813,476068,+,255,PROKKA_00463,,Bacteriocin class II with double-glycine leader peptide,BS:PROKKA_00463,,,ab initio prediction:Prodigal:2.6;protein motif:Pfam:PF10439.3,475813,476068
S1A_contig_001,CDS,476072,476273,+,201,PROKKA_00464,,hypothetical protein,BS:PROKKA_00464,,,ab initio prediction:Prodigal:2.6,476072,476273
S1A_contig_001,CDS,476788,477274,+,486,PROKKA_00465,crr,Glucose-specific phosphotransferase enzyme IIA component,BS:PROKKA_00465,2.7.1.-,,ab initio prediction:Prodigal:2.6;similar to AA sequence:UniProtKB:P60857,476788,477274
S1A_contig_001,CDS,477347,478097,+,750,PROKKA_00466,glvR_1,HTH-type transcriptional regulator GlvR,BS:PROKKA_00466,,,ab initio prediction:Prodigal:2.6;similar to AA sequence:UniProtKB:P54717,477347,478097
S1A_contig_001,CDS,478241,479729,-,1488,PROKKA_00467,acpA,Capsule synthesis positive regulator AcpA,BS:PROKKA_00467,,,ab initio prediction:Prodigal:2.6;similar to AA sequence:UniProtKB:Q44643,478241,479729
S1A_contig_001,CDS,479884,480397,+,513,PROKKA_00468,,hypothetical protein,BS:PROKKA_00468,,,ab initio prediction:Prodigal:2.6,479884,480397
S1A_contig_001,CDS,480439,481066,+,627,PROKKA_00469,,hypothetical protein,BS:PROKKA_00469,,,ab initio prediction:Prodigal:2.6,480439,481066
S1A_contig_001,CDS,481071,481443,+,372,PROKKA_00470,,hypothetical protein,BS:PROKKA_00470,,,ab initio prediction:Prodigal:2.6,481071,481443
S1A_contig_001,CDS,481517,484652,+,3135,PROKKA_00471,,hypothetical protein,BS:PROKKA_00471,,,ab initio prediction:Prodigal:2.6,481517,484652
S1A_contig_001,CDS,484851,485052,+,201,PROKKA_00472,,hypothetical protein,BS:PROKKA_00472,,,ab initio prediction:Prodigal:2.6,484851,485052
S1A_contig_001,CDS,485393,488483,+,3090,PROKKA_00473,xly,Xanthan lyase precursor,BS:PROKKA_00473,4.2.2.12,,ab initio prediction:Prodigal:2.6;similar to AA sequence:UniProtKB:Q9AQS0,485393,488483
S1A_contig_001,CDS,488739,490344,+,1605,PROKKA_00474,malX_1,PTS system maltose- and glucose-specific EIICB component,BS:PROKKA_00474,,,ab initio prediction:Prodigal:2.6;similar to AA sequence:UniProtKB:P19642,488739,490344
S1A_contig_001,CDS,490406,491792,+,1386,PROKKA_00475,aglB,6-phospho-alpha-glucosidase,BS:PROKKA_00475,3.2.1.122,,ab initio prediction:Prodigal:2.6;similar to AA sequence:UniProtKB:Q9AGA6,490406,491792
S1A_contig_001,CDS,492075,492777,+,702,PROKKA_00476,mprA,Response regulator MprA,BS:PROKKA_00476,,,ab initio prediction:Prodigal:2.6;similar to AA sequence:UniProtKB:Q7U0X4,492075,492777
S1A_contig_001,CDS,492792,494184,+,1392,PROKKA_00477,arlS_1,Signal transduction histidine-protein kinase ArlS,BS:PROKKA_00477,2.7.13.3,,ab initio prediction:Prodigal:2.6;similar to AA sequence:UniProtKB:Q7A5N3,492792,494184
S1A_contig_001,CDS,494393,495050,+,657,PROKKA_00478,yghB_1,Inner membrane protein YghB,BS:PROKKA_00478,,,ab initio prediction:Prodigal:2.6;similar to AA sequence:UniProtKB:P0AA60,494393,495050
S1A_contig_001,CDS,495039,495711,+,672,PROKKA_00479,,phosphatidylglycerophosphatase B,BS:PROKKA_00479,,,ab initio prediction:Prodigal:2.6;protein motif:CLUSTERS:PRK10699,495039,495711
S1A_contig_001,CDS,495712,496654,+,942,PROKKA_00480,ykoT_1,putative glycosyltransferase YkoT,BS:PROKKA_00480,2.4.-.-,,ab initio prediction:Prodigal:2.6;similar to AA sequence:UniProtKB:O34755,495712,496654
S1A_contig_001,CDS,496665,498630,+,1965,PROKKA_00481,,hypothetical protein,BS:PROKKA_00481,,,ab initio prediction:Prodigal:2.6,496665,498630
S1A_contig_001,CDS,498787,499477,+,690,PROKKA_00482,rpiA_2,Ribose-5-phosphate isomerase A,BS:PROKKA_00482,5.3.1.6,,ab initio prediction:Prodigal:2.6;similar to AA sequence:UniProtKB:Q8DTT9,498787,499477
S1A_contig_001,CDS,499545,500190,+,645,PROKKA_00483,,DNA alkylation repair enzyme,BS:PROKKA_00483,,,ab initio prediction:Prodigal:2.6;protein motif:Pfam:PF08713.5,499545,500190
S1A_contig_001,CDS,500803,501556,-,753,PROKKA_00484,,hypothetical protein,BS:PROKKA_00484,,,ab initio prediction:Prodigal:2.6,500803,501556
S1A_contig_001,CDS,502016,503699,-,1683,PROKKA_00485,malL_1,"Oligo-1,6-glucosidase",BS:PROKKA_00485,3.2.1.10,,ab initio prediction:Prodigal:2.6;similar to AA sequence:UniProtKB:P29094,502016,503699
S1A_contig_001,CDS,504205,505054,+,849,PROKKA_00486,,bifunctional 3-demethylubiquinone-9 3-methyltransferase/ 2-octaprenyl-6-hydroxy phenol methylase,BS:PROKKA_00486,,,ab initio prediction:Prodigal:2.6;protein motif:CLUSTERS:PRK05134,504205,505054
S1A_contig_001,CDS,505309,506107,-,798,PROKKA_00487,glpR_1,Glycerol-3-phosphate regulon repressor,BS:PROKKA_00487,,,ab initio prediction:Prodigal:2.6;similar to AA sequence:UniProtKB:P0ACL0,505309,506107
S1A_contig_001,CDS,506312,506792,+,480,PROKKA_00488,,PTS system galactitol-specific transporter subunit IIA,BS:PROKKA_00488,,,ab initio prediction:Prodigal:2.6;protein motif:CLUSTERS:PRK09665,506312,506792
S1A_contig_001,CDS,506823,507144,+,321,PROKKA_00489,,"PTS system, Lactose/Cellobiose specific IIB subunit",BS:PROKKA_00489,,,ab initio prediction:Prodigal:2.6;protein motif:Pfam:PF02302.11,506823,507144
S1A_contig_001,CDS,507175,508768,+,1593,PROKKA_00490,gatC_3,Galactitol permease IIC component,BS:PROKKA_00490,,,ab initio prediction:Prodigal:2.6;similar to AA sequence:UniProtKB:P69831,507175,508768
S1A_contig_001,CDS,508736,508997,+,261,PROKKA_00491,,hypothetical protein,BS:PROKKA_00491,,,ab initio prediction:Prodigal:2.6,508736,508997
S1A_contig_001,CDS,508993,509722,+,729,PROKKA_00492,araD_2,L-ribulose-5-phosphate 4-epimerase,BS:PROKKA_00492,5.1.3.4,,ab initio prediction:Prodigal:2.6;similar to AA sequence:UniProtKB:P08203,508993,509722
S1A_contig_001,CDS,510154,510880,-,726,PROKKA_00493,gmuR_2,HTH-type transcriptional regulator GmuR,BS:PROKKA_00493,,,ab initio prediction:Prodigal:2.6;similar to AA sequence:UniProtKB:O05509,510154,510880
S1A_contig_001,CDS,511105,512431,+,1326,PROKKA_00494,gmuC_2,Oligo-beta-mannoside permease IIC component,BS:PROKKA_00494,,,ab initio prediction:Prodigal:2.6;similar to AA sequence:UniProtKB:O05507,511105,512431
S1A_contig_001,CDS,512479,515119,+,2640,PROKKA_00495,mngB_1,Mannosylglycerate hydrolase,BS:PROKKA_00495,3.2.1.170,,ab initio prediction:Prodigal:2.6;similar to AA sequence:UniProtKB:P54746,512479,515119
S1A_contig_001,CDS,515115,516411,+,1296,PROKKA_00496,,hypothetical protein,BS:PROKKA_00496,,,ab initio prediction:Prodigal:2.6,515115,516411
S1A_contig_001,CDS,516407,517283,+,876,PROKKA_00497,bglK_2,Beta-glucoside kinase,BS:PROKKA_00497,2.7.1.85,,ab initio prediction:Prodigal:2.6;similar to AA sequence:UniProtKB:Q93LQ8,516407,517283
S1A_contig_001,CDS,517357,518788,+,1431,PROKKA_00498,gmuD,6-phospho-beta-glucosidase GmuD,BS:PROKKA_00498,3.2.1.86,,ab initio prediction:Prodigal:2.6;similar to AA sequence:UniProtKB:O05508,517357,518788
S1A_contig_001,CDS,518780,519095,+,315,PROKKA_00499,licB_2,Lichenan-specific phosphotransferase enzyme IIB component,BS:PROKKA_00499,2.7.1.69,,ab initio prediction:Prodigal:2.6;similar to AA sequence:UniProtKB:P46318,518780,519095
S1A_contig_001,CDS,519178,519496,+,318,PROKKA_00500,licA_2,Lichenan-specific phosphotransferase enzyme IIA component,BS:PROKKA_00500,2.7.1.-,,ab initio prediction:Prodigal:2.6;similar to AA sequence:UniProtKB:P46319,519178,519496
S1A_contig_001,CDS,519671,520496,-,825,PROKKA_00501,manZ_4,Mannose permease IID component,BS:PROKKA_00501,,,ab initio prediction:Prodigal:2.6;similar to AA sequence:UniProtKB:P69805,519671,520496
S1A_contig_001,CDS,520470,521277,-,807,PROKKA_00502,agaC_2,N-acetylgalactosamine permease IIC component 1,BS:PROKKA_00502,,,ab initio prediction:Prodigal:2.6;similar to AA sequence:UniProtKB:P42910,520470,521277
S1A_contig_001,CDS,521494,522433,-,939,PROKKA_00503,manX_3,PTS system mannose-specific EIIAB component,BS:PROKKA_00503,,,ab initio prediction:Prodigal:2.6;similar to AA sequence:UniProtKB:P69797,521494,522433
S1A_contig_001,CDS,522651,523896,+,1245,PROKKA_00504,,Alpha-L-fucosidase,BS:PROKKA_00504,,,ab initio prediction:Prodigal:2.6;protein motif:Pfam:PF01120.11,522651,523896
S1A_contig_001,CDS,523956,524694,+,738,PROKKA_00505,yydK_1,putative HTH-type transcriptional regulator YydK,BS:PROKKA_00505,,,ab initio prediction:Prodigal:2.6;similar to AA sequence:UniProtKB:Q45591,523956,524694
S1A_contig_001,CDS,525437,526952,+,1515,PROKKA_00506,glpK_1,Glycerol kinase,BS:PROKKA_00506,2.7.1.30,,ab initio prediction:Prodigal:2.6;similar to AA sequence:UniProtKB:O34154,525437,526952
S1A_contig_001,CDS,527056,527809,-,753,PROKKA_00507,glvR_2,HTH-type transcriptional regulator GlvR,BS:PROKKA_00507,,,ab initio prediction:Prodigal:2.6;similar to AA sequence:UniProtKB:P54717,527056,527809
S1A_contig_001,CDS,527934,528864,+,930,PROKKA_00508,pfkB,6-phosphofructokinase isozyme 2,BS:PROKKA_00508,2.7.1.11,,ab initio prediction:Prodigal:2.6;similar to AA sequence:UniProtKB:P06999,527934,528864
S1A_contig_001,CDS,528867,530850,+,1983,PROKKA_00509,fruA_1,PTS system fructose-specific EIIABC component,BS:PROKKA_00509,,,ab initio prediction:Prodigal:2.6;similar to AA sequence:UniProtKB:P71012,528867,530850
S1A_contig_001,CDS,531431,531905,+,474,PROKKA_00510,,hypothetical protein,BS:PROKKA_00510,,,ab initio prediction:Prodigal:2.6,531431,531905
S1A_contig_001,CDS,532060,532759,-,699,PROKKA_00511,ydfK,putative membrane protein YdfK,BS:PROKKA_00511,,,ab initio prediction:Prodigal:2.6;similar to AA sequence:UniProtKB:P96689,532060,532759
S1A_contig_001,CDS,533159,534353,+,1194,PROKKA_00512,,recombinase A,BS:PROKKA_00512,,,ab initio prediction:Prodigal:2.6;protein motif:CLUSTERS:PRK09354,533159,534353
S1A_contig_001,CDS,534657,535860,-,1203,PROKKA_00513,lysN,2-aminoadipate transaminase,BS:PROKKA_00513,2.6.1.39,,ab initio prediction:Prodigal:2.6;similar to AA sequence:UniProtKB:Q72LL6,534657,535860
S1A_contig_001,CDS,536109,537012,+,903,PROKKA_00514,gltC_1,HTH-type transcriptional regulator GltC,BS:PROKKA_00514,,,ab initio prediction:Prodigal:2.6;similar to AA sequence:UniProtKB:P20668,536109,537012
S1A_contig_001,CDS,537017,537500,-,483,PROKKA_00515,rnhA_1,Ribonuclease H,BS:PROKKA_00515,3.1.26.4,,ab initio prediction:Prodigal:2.6;similar to AA sequence:UniProtKB:P29253,537017,537500
S1A_contig_001,CDS,537596,538409,+,813,PROKKA_00516,ywpJ_1,Putative phosphatase YwpJ,BS:PROKKA_00516,3.1.3.-,,ab initio prediction:Prodigal:2.6;similar to AA sequence:UniProtKB:P94592,537596,538409
S1A_contig_001,CDS,538453,539140,+,687,PROKKA_00517,gpmA_1,"2,3-bisphosphoglycerate-dependent phosphoglycerate mutase",BS:PROKKA_00517,5.4.2.11,,ab initio prediction:Prodigal:2.6;similar to AA sequence:UniProtKB:P99153,538453,539140
S1A_contig_001,CDS,539145,539823,-,678,PROKKA_00518,,hypothetical protein,BS:PROKKA_00518,,,ab initio prediction:Prodigal:2.6,539145,539823
S1A_contig_001,CDS,540111,540375,-,264,PROKKA_00519,,hypothetical protein,BS:PROKKA_00519,,,ab initio prediction:Prodigal:2.6,540111,540375
S1A_contig_001,CDS,540682,541027,+,345,PROKKA_00520,,hypothetical protein,BS:PROKKA_00520,,,ab initio prediction:Prodigal:2.6,540682,541027
S1A_contig_001,CDS,541089,541902,+,813,PROKKA_00521,yidA_2,Sugar phosphatase YidA,BS:PROKKA_00521,3.1.3.23,,ab initio prediction:Prodigal:2.6;similar to AA sequence:UniProtKB:P0A8Y5,541089,541902
S1A_contig_001,CDS,542203,543208,+,1005,PROKKA_00522,gpr,L-glyceraldehyde 3-phosphate reductase,BS:PROKKA_00522,1.1.1.-,,ab initio prediction:Prodigal:2.6;similar to AA sequence:UniProtKB:Q46851,542203,543208
S1A_contig_001,CDS,543271,545800,-,2529,PROKKA_00523,uvrA_1,UvrABC system protein A,BS:PROKKA_00523,,,ab initio prediction:Prodigal:2.6;similar to AA sequence:UniProtKB:Q9WYV0,543271,545800
S1A_contig_001,CDS,546012,546429,-,417,PROKKA_00524,,MarR family protein,BS:PROKKA_00524,,,ab initio prediction:Prodigal:2.6;protein motif:Pfam:PF12802.1,546012,546429
S1A_contig_001,CDS,546556,547231,+,675,PROKKA_00525,,putative hydrolase,BS:PROKKA_00525,,,ab initio prediction:Prodigal:2.6;protein motif:CLUSTERS:PRK10119,546556,547231
S1A_contig_001,tRNA,547395,547468,+,73,PROKKA_00526,,tRNA-Thr,,,,COORDINATES: profile:Aragorn:1.2,547395,547468
S1A_contig_001,CDS,547754,548399,+,645,PROKKA_00527,,CAAX amino terminal protease self- immunity,BS:PROKKA_00527,,,ab initio prediction:Prodigal:2.6;protein motif:Pfam:PF02517.10,547754,548399
S1A_contig_001,CDS,548834,549806,+,972,PROKKA_00528,,potassium-tellurite ethidium and proflavin transporter,BS:PROKKA_00528,,,ab initio prediction:Prodigal:2.6;protein motif:CLUSTERS:PRK10764,548834,549806
S1A_contig_001,CDS,549830,550664,-,834,PROKKA_00529,cysL,HTH-type transcriptional regulator CysL,BS:PROKKA_00529,,,ab initio prediction:Prodigal:2.6;similar to AA sequence:UniProtKB:P39647,549830,550664
S1A_contig_001,CDS,550798,553087,-,2289,PROKKA_00530,helD_1,Helicase IV,BS:PROKKA_00530,3.6.4.12,,ab initio prediction:Prodigal:2.6;similar to AA sequence:UniProtKB:O32215,550798,553087
S1A_contig_001,CDS,553244,553484,+,240,PROKKA_00531,,hypothetical protein,BS:PROKKA_00531,,,ab initio prediction:Prodigal:2.6,553244,553484
S1A_contig_001,CDS,553744,555277,+,1533,PROKKA_00532,opuBB,Choline transport system permease protein OpuBB,BS:PROKKA_00532,,,ab initio prediction:Prodigal:2.6;similar to AA sequence:UniProtKB:Q45461,553744,555277
S1A_contig_001,CDS,555276,556236,+,960,PROKKA_00533,opuCA_2,Carnitine transport ATP-binding protein OpuCA,BS:PROKKA_00533,3.6.3.32,,ab initio prediction:Prodigal:2.6;similar to AA sequence:UniProtKB:Q9KHT9,555276,556236
S1A_contig_001,CDS,556241,557567,+,1326,PROKKA_00534,garB_1,Glutathione amide reductase,BS:PROKKA_00534,1.8.1.16,,ab initio prediction:Prodigal:2.6;similar to AA sequence:UniProtKB:D0VWY5,556241,557567
S1A_contig_001,CDS,557986,559003,+,1017,PROKKA_00535,trpS2,Tryptophan--tRNA ligase 2,BS:PROKKA_00535,6.1.1.2,,ab initio prediction:Prodigal:2.6;similar to AA sequence:UniProtKB:Q9RVD6,557986,559003
S1A_contig_001,CDS,559188,559797,+,609,PROKKA_00536,,LemA family protein,BS:PROKKA_00536,,,ab initio prediction:Prodigal:2.6;protein motif:Pfam:PF04011.6,559188,559797
S1A_contig_001,CDS,559805,560666,+,861,PROKKA_00537,,hypothetical protein,BS:PROKKA_00537,,,ab initio prediction:Prodigal:2.6,559805,560666
S1A_contig_001,CDS,560880,562236,+,1356,PROKKA_00538,mepA,Multidrug export protein MepA,BS:PROKKA_00538,,,ab initio prediction:Prodigal:2.6;similar to AA sequence:UniProtKB:Q7A7N0,560880,562236
S1A_contig_001,CDS,562549,563050,-,501,PROKKA_00539,ywnH,Putative phosphinothricin acetyltransferase YwnH,BS:PROKKA_00539,2.3.1.183,,ab initio prediction:Prodigal:2.6;similar to AA sequence:UniProtKB:P71043,562549,563050
S1A_contig_001,CDS,563072,563897,-,825,PROKKA_00540,,hypothetical protein,BS:PROKKA_00540,,,ab initio prediction:Prodigal:2.6;protein motif:CLUSTERS:PRK08317,563072,563897
S1A_contig_001,CDS,564063,564996,-,933,PROKKA_00541,ydhF_1,Oxidoreductase YdhF,BS:PROKKA_00541,1.-.-.-,,ab initio prediction:Prodigal:2.6;similar to AA sequence:UniProtKB:P76187,564063,564996
S1A_contig_001,CDS,565382,566912,+,1530,PROKKA_00542,ppx_1,Exopolyphosphatase,BS:PROKKA_00542,3.6.1.11,,ab initio prediction:Prodigal:2.6;similar to AA sequence:UniProtKB:P0AFL6,565382,566912
S1A_contig_001,CDS,566908,569071,+,2163,PROKKA_00543,ppk,Polyphosphate kinase,BS:PROKKA_00543,2.7.4.1,,ab initio prediction:Prodigal:2.6;similar to AA sequence:UniProtKB:P0A7B1,566908,569071
S1A_contig_001,CDS,569067,570009,+,942,PROKKA_00544,ppx_2,Exopolyphosphatase,BS:PROKKA_00544,3.6.1.11,,ab initio prediction:Prodigal:2.6;similar to AA sequence:UniProtKB:P0AFL6,569067,570009
S1A_contig_001,CDS,570175,571210,+,1035,PROKKA_00545,,hypothetical protein,BS:PROKKA_00545,,,ab initio prediction:Prodigal:2.6,570175,571210
S1A_contig_001,CDS,571244,571523,+,279,PROKKA_00546,,hypothetical protein,BS:PROKKA_00546,,,ab initio prediction:Prodigal:2.6,571244,571523
S1A_contig_001,CDS,571598,572108,-,510,PROKKA_00547,,putative kinase inhibitor protein,BS:PROKKA_00547,,,ab initio prediction:Prodigal:2.6;protein motif:CLUSTERS:PRK10257,571598,572108
S1A_contig_001,CDS,572172,572295,-,123,PROKKA_00548,,hypothetical protein,BS:PROKKA_00548,,,ab initio prediction:Prodigal:2.6,572172,572295
S1A_contig_001,CDS,572359,573286,+,927,PROKKA_00549,,hypothetical protein,BS:PROKKA_00549,,,ab initio prediction:Prodigal:2.6,572359,573286
S1A_contig_001,CDS,573282,573429,-,147,PROKKA_00550,,hypothetical protein,BS:PROKKA_00550,,,ab initio prediction:Prodigal:2.6,573282,573429
S1A_contig_001,CDS,573712,574405,+,693,PROKKA_00551,cobB,NAD-dependent protein deacetylase,BS:PROKKA_00551,3.5.1.-,,ab initio prediction:Prodigal:2.6;similar to AA sequence:UniProtKB:Q9WYW0,573712,574405
S1A_contig_001,CDS,574496,575105,+,609,PROKKA_00552,,hypothetical protein,BS:PROKKA_00552,,,ab initio prediction:Prodigal:2.6,574496,575105
S1A_contig_001,CDS,575132,576038,+,906,PROKKA_00553,,L-2-hydroxyisocaproate dehydrogenase,BS:PROKKA_00553,1.1.1.-,,ab initio prediction:Prodigal:2.6;similar to AA sequence:UniProtKB:P14295,575132,576038
S1A_contig_001,CDS,576183,576663,+,480,PROKKA_00554,,NUDIX domain protein,BS:PROKKA_00554,,,ab initio prediction:Prodigal:2.6;protein motif:Pfam:PF00293.1,576183,576663
S1A_contig_001,CDS,576655,577468,+,813,PROKKA_00555,,hypothetical protein,BS:PROKKA_00555,,,ab initio prediction:Prodigal:2.6;protein motif:CLUSTERS:PRK10302,576655,577468
S1A_contig_001,CDS,577676,578555,+,879,PROKKA_00556,pepIP,Proline iminopeptidase,BS:PROKKA_00556,3.4.11.5,,ab initio prediction:Prodigal:2.6;similar to AA sequence:UniProtKB:P46544,577676,578555
S1A_contig_001,CDS,578633,580616,+,1983,PROKKA_00557,metG,Methionine--tRNA ligase,BS:PROKKA_00557,6.1.1.10,,ab initio prediction:Prodigal:2.6;similar to AA sequence:UniProtKB:P67579,578633,580616
S1A_contig_001,CDS,580733,582650,-,1917,PROKKA_00558,msbA_2,Lipid A export ATP-binding/permease protein MsbA,BS:PROKKA_00558,3.6.3.-,,ab initio prediction:Prodigal:2.6;similar to AA sequence:UniProtKB:P63359,580733,582650
S1A_contig_001,CDS,582636,584463,-,1827,PROKKA_00559,,Putative multidrug export ATP-binding/permease protein,BS:PROKKA_00559,3.6.3.-,,ab initio prediction:Prodigal:2.6;similar to AA sequence:UniProtKB:Q99T13,582636,584463
S1A_contig_001,CDS,584516,585428,-,912,PROKKA_00560,,sensory histidine kinase DcuS,BS:PROKKA_00560,,,ab initio prediction:Prodigal:2.6;protein motif:CLUSTERS:PRK11086,584516,585428
S1A_contig_001,CDS,585414,586119,-,705,PROKKA_00561,ypdB,Transcriptional regulatory protein YpdB,BS:PROKKA_00561,,,ab initio prediction:Prodigal:2.6;similar to AA sequence:UniProtKB:P0AE39,585414,586119
S1A_contig_001,CDS,586286,587168,-,882,PROKKA_00562,,Aldose 1-epimerase,BS:PROKKA_00562,,,ab initio prediction:Prodigal:2.6;protein motif:Pfam:PF01263.1,586286,587168
S1A_contig_001,CDS,587359,588358,-,999,PROKKA_00563,lacD_1,"Tagatose 1,6-diphosphate aldolase",BS:PROKKA_00563,4.1.2.40,,ab initio prediction:Prodigal:2.6;similar to AA sequence:UniProtKB:P26593,587359,588358
S1A_contig_001,CDS,588576,589059,+,483,PROKKA_00564,,PTS system galactitol-specific transporter subunit IIA,BS:PROKKA_00564,,,ab initio prediction:Prodigal:2.6;protein motif:CLUSTERS:PRK09665,588576,589059
S1A_contig_001,CDS,589076,589856,+,780,PROKKA_00565,ycfH,putative deoxyribonuclease YcfH,BS:PROKKA_00565,3.1.21.-,,ab initio prediction:Prodigal:2.6;similar to AA sequence:UniProtKB:P0AFQ7,589076,589856
S1A_contig_001,CDS,589852,590422,+,570,PROKKA_00566,rnmV,Ribonuclease M5,BS:PROKKA_00566,3.1.26.8,,ab initio prediction:Prodigal:2.6;similar to AA sequence:UniProtKB:P37547,589852,590422
S1A_contig_001,CDS,590408,591305,+,897,PROKKA_00567,rsmA,Ribosomal RNA small subunit methyltransferase A,BS:PROKKA_00567,2.1.1.182,,ab initio prediction:Prodigal:2.6;similar to AA sequence:UniProtKB:P66662,590408,591305
S1A_contig_001,CDS,591422,591674,+,252,PROKKA_00568,,hypothetical protein,BS:PROKKA_00568,,,ab initio prediction:Prodigal:2.6,591422,591674
S1A_contig_001,CDS,591857,592808,+,951,PROKKA_00569,ispE,4-diphosphocytidyl-2-C-methyl-D-erythritol kinase,BS:PROKKA_00569,2.7.1.148,,ab initio prediction:Prodigal:2.6;similar to AA sequence:UniProtKB:P65178,591857,592808
S1A_contig_001,CDS,592862,593741,+,879,PROKKA_00570,czcD,Cobalt-zinc-cadmium resistance protein CzcD,BS:PROKKA_00570,,,ab initio prediction:Prodigal:2.6;similar to AA sequence:UniProtKB:P13512,592862,593741
S1A_contig_001,CDS,593830,594592,-,762,PROKKA_00571,,hypothetical protein,BS:PROKKA_00571,,,ab initio prediction:Prodigal:2.6,593830,594592
S1A_contig_001,CDS,594584,595235,-,651,PROKKA_00572,ybbL,putative ABC transporter ATP-binding protein YbbL,BS:PROKKA_00572,,,ab initio prediction:Prodigal:2.6;similar to AA sequence:UniProtKB:P77279,594584,595235
S1A_contig_001,CDS,595468,596317,+,849,PROKKA_00573,purR,Pur operon repressor,BS:PROKKA_00573,,,ab initio prediction:Prodigal:2.6;similar to AA sequence:UniProtKB:P37551,595468,596317
S1A_contig_001,CDS,596313,597507,+,1194,PROKKA_00574,,VanZ like family protein,BS:PROKKA_00574,,,ab initio prediction:Prodigal:2.6;protein motif:Pfam:PF04892.6,596313,597507
S1A_contig_001,CDS,597646,599035,+,1389,PROKKA_00575,glmU,Bifunctional protein GlmU,BS:PROKKA_00575,,,ab initio prediction:Prodigal:2.6;similar to AA sequence:UniProtKB:Q8DQ18,597646,599035
S1A_contig_001,CDS,599132,600107,+,975,PROKKA_00576,prs_2,Ribose-phosphate pyrophosphokinase,BS:PROKKA_00576,2.7.6.1,,ab initio prediction:Prodigal:2.6;similar to AA sequence:UniProtKB:P14193,599132,600107
S1A_contig_001,CDS,600402,600741,+,339,PROKKA_00577,,ASCH domain protein,BS:PROKKA_00577,,,ab initio prediction:Prodigal:2.6;protein motif:Pfam:PF04266.8,600402,600741
S1A_contig_001,CDS,600903,601404,-,501,PROKKA_00578,,hypothetical protein,BS:PROKKA_00578,,,ab initio prediction:Prodigal:2.6,600903,601404
S1A_contig_001,CDS,601585,601957,-,372,PROKKA_00579,mscL,Large-conductance mechanosensitive channel,BS:PROKKA_00579,,,ab initio prediction:Prodigal:2.6;similar to AA sequence:UniProtKB:P0A742,601585,601957
S1A_contig_001,CDS,602019,603078,-,1059,PROKKA_00580,,hypothetical protein,BS:PROKKA_00580,,,ab initio prediction:Prodigal:2.6;protein motif:CLUSTERS:PRK10494,602019,603078
S1A_contig_001,CDS,603149,603602,+,453,PROKKA_00581,,nucleoside triphosphate pyrophosphohydrolase,BS:PROKKA_00581,,,ab initio prediction:Prodigal:2.6;protein motif:CLUSTERS:PRK10776,603149,603602
S1A_contig_001,CDS,603610,604963,-,1353,PROKKA_00582,,Deoxyguanosinetriphosphate triphosphohydrolase-like protein,BS:PROKKA_00582,,,ab initio prediction:Prodigal:2.6;protein motif:HAMAP:MF_01212,603610,604963
S1A_contig_001,CDS,604952,605801,-,849,PROKKA_00583,lipL,Octanoyl-[GcvH]:protein N-octanoyltransferase,BS:PROKKA_00583,2.3.1.204,,ab initio prediction:Prodigal:2.6;similar to AA sequence:UniProtKB:Q9K6A7,604952,605801
S1A_contig_001,CDS,605981,606428,+,447,PROKKA_00584,,hypothetical protein,BS:PROKKA_00584,,,ab initio prediction:Prodigal:2.6,605981,606428
S1A_contig_001,CDS,606471,607152,+,681,PROKKA_00585,rpoE,putative DNA-directed RNA polymerase subunit delta,BS:PROKKA_00585,,,ab initio prediction:Prodigal:2.6;similar to AA sequence:UniProtKB:Q5XA09,606471,607152
S1A_contig_001,CDS,607569,608451,+,882,PROKKA_00586,,hypothetical protein,BS:PROKKA_00586,,,ab initio prediction:Prodigal:2.6,607569,608451
S1A_contig_001,CDS,608690,610295,+,1605,PROKKA_00587,pyrG,CTP synthase,BS:PROKKA_00587,6.3.4.2,,ab initio prediction:Prodigal:2.6;similar to AA sequence:UniProtKB:P99072,608690,610295
S1A_contig_001,CDS,610807,612067,+,1260,PROKKA_00588,murAB,UDP-N-acetylglucosamine 1-carboxyvinyltransferase 2,BS:PROKKA_00588,2.5.1.7,,ab initio prediction:Prodigal:2.6;similar to AA sequence:UniProtKB:P19670,610807,612067
S1A_contig_001,CDS,612162,612414,+,252,PROKKA_00589,rpmE2,50S ribosomal protein L31 type B,BS:PROKKA_00589,,,ab initio prediction:Prodigal:2.6;similar to AA sequence:UniProtKB:Q88Z52,612162,612414
S1A_contig_001,CDS,612795,613224,-,429,PROKKA_00590,,hypothetical protein,BS:PROKKA_00590,,,ab initio prediction:Prodigal:2.6,612795,613224
S1A_contig_001,CDS,613323,614001,+,678,PROKKA_00591,,hypothetical protein,BS:PROKKA_00591,,,ab initio prediction:Prodigal:2.6,613323,614001
S1A_contig_001,CDS,613997,614642,-,645,PROKKA_00592,,hypothetical protein,BS:PROKKA_00592,,,ab initio prediction:Prodigal:2.6,613997,614642
S1A_contig_001,CDS,614900,615665,+,765,PROKKA_00593,,hypothetical protein,BS:PROKKA_00593,,,ab initio prediction:Prodigal:2.6,614900,615665
S1A_contig_001,CDS,615725,617114,+,1389,PROKKA_00594,murF,UDP-N-acetylmuramoyl-tripeptide--D-alanyl-D- alanine ligase,BS:PROKKA_00594,6.3.2.10,,ab initio prediction:Prodigal:2.6;similar to AA sequence:UniProtKB:P11880,615725,617114
S1A_contig_001,CDS,617413,618922,+,1509,PROKKA_00595,cshA_1,DEAD-box ATP-dependent RNA helicase CshA,BS:PROKKA_00595,3.6.4.13,,ab initio prediction:Prodigal:2.6;similar to AA sequence:UniProtKB:P96614,617413,618922
S1A_contig_001,CDS,619091,619466,+,375,PROKKA_00596,acpS,Holo-[acyl-carrier-protein] synthase,BS:PROKKA_00596,2.7.8.7,,ab initio prediction:Prodigal:2.6;similar to AA sequence:UniProtKB:P0A2W7,619091,619466
S1A_contig_001,CDS,619452,620589,+,1137,PROKKA_00597,alr,Alanine racemase,BS:PROKKA_00597,5.1.1.1,,ab initio prediction:Prodigal:2.6;similar to AA sequence:UniProtKB:P10724,619452,620589
S1A_contig_001,CDS,620656,620905,+,249,PROKKA_00598,,hypothetical protein,BS:PROKKA_00598,,,ab initio prediction:Prodigal:2.6,620656,620905
S1A_contig_001,CDS,620924,621308,+,384,PROKKA_00599,ndoA,mRNA interferase EndoA,BS:PROKKA_00599,3.1.-.-,,ab initio prediction:Prodigal:2.6;similar to AA sequence:UniProtKB:P96622,620924,621308
S1A_contig_001,CDS,621491,622013,+,522,PROKKA_00600,queT_1,Queuosine precursor transporter QueT,BS:PROKKA_00600,,,ab initio prediction:Prodigal:2.6;similar to AA sequence:UniProtKB:A2RM05,621491,622013
S1A_contig_001,CDS,622286,626744,+,4458,PROKKA_00601,gltA,Glutamate synthase [NADPH] large chain,BS:PROKKA_00601,1.4.1.13,,ab initio prediction:Prodigal:2.6;similar to AA sequence:UniProtKB:P39812,622286,626744
S1A_contig_001,CDS,626879,628313,+,1434,PROKKA_00602,gltB,Glutamate synthase [NADPH] small chain,BS:PROKKA_00602,1.4.1.13,,ab initio prediction:Prodigal:2.6;similar to AA sequence:UniProtKB:O34399,626879,628313
S1A_contig_001,CDS,628441,629146,-,705,PROKKA_00603,yciB,"Putative L,D-transpeptidase YciB precursor",BS:PROKKA_00603,2.-.-.-,,ab initio prediction:Prodigal:2.6;similar to AA sequence:UniProtKB:C0SP99,628441,629146
S1A_contig_001,CDS,629421,630087,-,666,PROKKA_00604,,CBS domain protein,BS:PROKKA_00604,,,ab initio prediction:Prodigal:2.6;protein motif:Pfam:PF00571.22,629421,630087
S1A_contig_001,CDS,630588,631959,-,1371,PROKKA_00605,,hypothetical protein,BS:PROKKA_00605,,,ab initio prediction:Prodigal:2.6;protein motif:CLUSTERS:PRK06132,630588,631959
S1A_contig_001,CDS,632364,633345,-,981,PROKKA_00606,ldh_1,L-lactate dehydrogenase,BS:PROKKA_00606,1.1.1.27,,ab initio prediction:Prodigal:2.6;similar to AA sequence:UniProtKB:P00343,632364,633345
S1A_contig_001,CDS,634018,634576,+,558,PROKKA_00607,pth,Peptidyl-tRNA hydrolase,BS:PROKKA_00607,3.1.1.29,,ab initio prediction:Prodigal:2.6;similar to AA sequence:UniProtKB:Q6YP15,634018,634576
S1A_contig_001,CDS,634648,638173,+,3525,PROKKA_00608,mfd_1,Transcription-repair-coupling factor,BS:PROKKA_00608,3.6.4.-,,ab initio prediction:Prodigal:2.6;similar to AA sequence:UniProtKB:Q7A7B2,634648,638173
S1A_contig_001,CDS,638293,639871,+,1578,PROKKA_00609,ytgP_1,putative cell division protein YtgP,BS:PROKKA_00609,,,ab initio prediction:Prodigal:2.6;similar to AA sequence:UniProtKB:O34674,638293,639871
S1A_contig_001,CDS,639874,640138,+,264,PROKKA_00610,,ribosome-associated heat shock protein Hsp15,BS:PROKKA_00610,,,ab initio prediction:Prodigal:2.6;protein motif:CLUSTERS:PRK10348,639874,640138
S1A_contig_001,CDS,640207,640639,+,432,PROKKA_00611,ftsL_1,Cell division protein FtsL,BS:PROKKA_00611,,,ab initio prediction:Prodigal:2.6;protein motif:HAMAP:MF_00910,640207,640639
S1A_contig_001,CDS,640994,641480,+,486,PROKKA_00612,yugI_1,General stress protein 13,BS:PROKKA_00612,,,ab initio prediction:Prodigal:2.6;similar to AA sequence:UniProtKB:P80870,640994,641480
S1A_contig_001,CDS,641557,642868,+,1311,PROKKA_00613,tilS,tRNA(Ile)-lysidine synthase,BS:PROKKA_00613,6.3.4.19,,ab initio prediction:Prodigal:2.6;similar to AA sequence:UniProtKB:P37563,641557,642868
S1A_contig_001,CDS,642864,643410,+,546,PROKKA_00614,hpt,Hypoxanthine-guanine phosphoribosyltransferase,BS:PROKKA_00614,2.4.2.8,,ab initio prediction:Prodigal:2.6;similar to AA sequence:UniProtKB:P99085,642864,643410
S1A_contig_001,CDS,643471,645619,+,2148,PROKKA_00615,ftsH,ATP-dependent zinc metalloprotease FtsH,BS:PROKKA_00615,3.4.24.-,,ab initio prediction:Prodigal:2.6;similar to AA sequence:UniProtKB:Q88Z31,643471,645619
S1A_contig_001,CDS,646026,646926,+,900,PROKKA_00616,,hypothetical protein,BS:PROKKA_00616,,,ab initio prediction:Prodigal:2.6,646026,646926
S1A_contig_001,CDS,647182,648067,+,885,PROKKA_00617,hslO,33 kDa chaperonin,BS:PROKKA_00617,,,ab initio prediction:Prodigal:2.6;similar to AA sequence:UniProtKB:P99082,647182,648067
S1A_contig_001,CDS,648129,649131,+,1002,PROKKA_00618,dusC,tRNA-dihydrouridine synthase C,BS:PROKKA_00618,1.-.-.-,,ab initio prediction:Prodigal:2.6;similar to AA sequence:UniProtKB:P33371,648129,649131
S1A_contig_001,CDS,649267,650767,+,1500,PROKKA_00619,lysS,Lysine--tRNA ligase,BS:PROKKA_00619,6.1.1.6,,ab initio prediction:Prodigal:2.6;similar to AA sequence:UniProtKB:Q97RS9,649267,650767
S1A_contig_002,CDS,660,1134,-,474,PROKKA_00620,luxS,S-ribosylhomocysteine lyase,BS:PROKKA_00620,4.4.1.21,,ab initio prediction:Prodigal:2.6;similar to AA sequence:UniProtKB:Q9RRU8,651771,652245
S1A_contig_002,CDS,1259,2393,-,1134,PROKKA_00621,,hypothetical protein,BS:PROKKA_00621,,,ab initio prediction:Prodigal:2.6;protein motif:CLUSTERS:PRK06233,652370,653504
S1A_contig_002,CDS,2884,3346,+,462,PROKKA_00622,,hypothetical protein,BS:PROKKA_00622,,,ab initio prediction:Prodigal:2.6,653995,654457
S1A_contig_002,CDS,3355,4009,+,654,PROKKA_00623,,hypothetical protein,BS:PROKKA_00623,,,ab initio prediction:Prodigal:2.6,654466,655120
S1A_contig_002,CDS,4018,4864,-,846,PROKKA_00624,,hypothetical protein,BS:PROKKA_00624,,,ab initio prediction:Prodigal:2.6,655129,655975
S1A_contig_002,CDS,4860,5838,-,978,PROKKA_00625,,hypothetical protein,BS:PROKKA_00625,,,ab initio prediction:Prodigal:2.6,655971,656949
S1A_contig_002,CDS,6026,6851,+,825,PROKKA_00626,dkgB,"2,5-diketo-D-gluconic acid reductase B",BS:PROKKA_00626,1.1.1.274,,ab initio prediction:Prodigal:2.6;similar to AA sequence:UniProtKB:P15339,657137,657962
S1A_contig_002,CDS,6994,7468,+,474,PROKKA_00627,,Putative NrdI-like protein,BS:PROKKA_00627,,,ab initio prediction:Prodigal:2.6;similar to AA sequence:UniProtKB:Q97T03,658105,658579
S1A_contig_002,CDS,7477,8410,-,933,PROKKA_00628,,Alpha/beta hydrolase family protein,BS:PROKKA_00628,,,ab initio prediction:Prodigal:2.6;protein motif:Pfam:PF12695.1,658588,659521
S1A_contig_002,CDS,8531,8990,+,459,PROKKA_00629,,putative HTH-type transcriptional regulator,BS:PROKKA_00629,,,ab initio prediction:Prodigal:2.6;similar to AA sequence:UniProtKB:Q6GEG9,659642,660101
S1A_contig_002,CDS,9077,9746,-,669,PROKKA_00630,,5'-nucleotidase,BS:PROKKA_00630,3.1.3.5,,ab initio prediction:Prodigal:2.6;similar to AA sequence:UniProtKB:Q9I767,660188,660857
S1A_contig_002,CDS,9863,11018,-,1155,PROKKA_00631,nhaS3,High-affinity Na(+)/H(+) antiporter NhaS3,BS:PROKKA_00631,,,ab initio prediction:Prodigal:2.6;similar to AA sequence:UniProtKB:Q55190,660974,662129
S1A_contig_002,CDS,11047,11569,-,522,PROKKA_00632,,hypothetical protein,BS:PROKKA_00632,,,ab initio prediction:Prodigal:2.6,662158,662680
S1A_contig_002,CDS,11836,12184,-,348,PROKKA_00633,,hypothetical protein,BS:PROKKA_00633,,,ab initio prediction:Prodigal:2.6,662947,663295
S1A_contig_002,CDS,12235,13159,-,924,PROKKA_00634,fpaP_1,Proline iminopeptidase,BS:PROKKA_00634,3.4.11.5,,ab initio prediction:Prodigal:2.6;similar to AA sequence:UniProtKB:O05420,663346,664270
S1A_contig_002,CDS,13336,15685,+,2349,PROKKA_00635,ctpF_1,putative cation-transporting ATPase F,BS:PROKKA_00635,3.6.3.-,,ab initio prediction:Prodigal:2.6;similar to AA sequence:UniProtKB:P63687,664447,666796
S1A_contig_002,CDS,15787,16237,+,450,PROKKA_00636,ndkA,Nucleoside diphosphate kinase,BS:PROKKA_00636,2.7.4.6,,ab initio prediction:Prodigal:2.6;similar to AA sequence:UniProtKB:P84284,666898,667348
S1A_contig_002,CDS,16264,16999,+,735,PROKKA_00637,fabG_2,3-oxoacyl-[acyl-carrier-protein] reductase FabG,BS:PROKKA_00637,1.1.1.100,,ab initio prediction:Prodigal:2.6;similar to AA sequence:UniProtKB:P99093,667375,668110
S1A_contig_002,CDS,17181,17532,-,351,PROKKA_00638,,hypothetical protein,BS:PROKKA_00638,,,ab initio prediction:Prodigal:2.6,668292,668643
S1A_contig_002,CDS,17676,19488,+,1812,PROKKA_00639,pepF1_2,"Oligoendopeptidase F, plasmid",BS:PROKKA_00639,3.4.24.-,,ab initio prediction:Prodigal:2.6;similar to AA sequence:UniProtKB:P54124,668787,670599
S1A_contig_002,CDS,19893,20385,-,492,PROKKA_00640,,Flavodoxin domain protein,BS:PROKKA_00640,,,ab initio prediction:Prodigal:2.6;protein motif:Pfam:PF12724.1,671004,671496
S1A_contig_002,CDS,20658,21156,+,498,PROKKA_00641,tpx,putative thiol peroxidase,BS:PROKKA_00641,1.11.1.-,,ab initio prediction:Prodigal:2.6;similar to AA sequence:UniProtKB:P80864,671769,672267
S1A_contig_002,CDS,21200,22187,-,987,PROKKA_00642,,Membrane transport protein,BS:PROKKA_00642,,,ab initio prediction:Prodigal:2.6;protein motif:Pfam:PF03547.12,672311,673298
S1A_contig_002,CDS,22190,23858,-,1668,PROKKA_00643,maeA,putative NAD-dependent malic enzyme 2,BS:PROKKA_00643,1.1.1.38,,ab initio prediction:Prodigal:2.6;similar to AA sequence:UniProtKB:P45868,673301,674969
S1A_contig_002,CDS,24309,25185,+,876,PROKKA_00644,oxyR_1,Hydrogen peroxide-inducible genes activator,BS:PROKKA_00644,,,ab initio prediction:Prodigal:2.6;similar to AA sequence:UniProtKB:P0ACQ4,675420,676296
S1A_contig_002,CDS,25409,26345,-,936,PROKKA_00645,,CorA-like Mg2+ transporter protein,BS:PROKKA_00645,,,ab initio prediction:Prodigal:2.6;protein motif:Pfam:PF01544.12,676520,677456
S1A_contig_002,CDS,26554,26905,+,351,PROKKA_00646,,hypothetical protein,BS:PROKKA_00646,,,ab initio prediction:Prodigal:2.6,677665,678016
S1A_contig_002,CDS,26912,27473,+,561,PROKKA_00647,,5-formyltetrahydrofolate cyclo-ligase family protein,BS:PROKKA_00647,,,ab initio prediction:Prodigal:2.6;protein motif:CLUSTERS:PRK10333,678023,678584
S1A_contig_002,CDS,27567,28476,+,909,PROKKA_00648,,hypothetical protein,BS:PROKKA_00648,,,ab initio prediction:Prodigal:2.6,678678,679587
S1A_contig_002,CDS,28737,29355,+,618,PROKKA_00649,,Flavin reductase like domain protein,BS:PROKKA_00649,,,ab initio prediction:Prodigal:2.6;protein motif:Pfam:PF01613.12,679848,680466
S1A_contig_002,CDS,29377,30325,+,948,PROKKA_00650,,Membrane transport protein,BS:PROKKA_00650,,,ab initio prediction:Prodigal:2.6;protein motif:Pfam:PF03547.12,680488,681436
S1A_contig_002,CDS,30338,30812,+,474,PROKKA_00651,,hypothetical protein,BS:PROKKA_00651,,,ab initio prediction:Prodigal:2.6,681449,681923
S1A_contig_002,CDS,30942,31569,-,627,PROKKA_00652,lexA,LexA repressor,BS:PROKKA_00652,3.4.21.88,,ab initio prediction:Prodigal:2.6;similar to AA sequence:UniProtKB:P31080,682053,682680
S1A_contig_002,CDS,31697,31892,-,195,PROKKA_00653,,hypothetical protein,BS:PROKKA_00653,,,ab initio prediction:Prodigal:2.6,682808,683003
S1A_contig_002,CDS,32396,33563,+,1167,PROKKA_00654,,pheromone autoinducer 2 transporter,BS:PROKKA_00654,,,ab initio prediction:Prodigal:2.6;protein motif:CLUSTERS:PRK12287,683507,684674
S1A_contig_002,CDS,33555,34035,+,480,PROKKA_00655,,hypothetical protein,BS:PROKKA_00655,,,ab initio prediction:Prodigal:2.6,684666,685146
S1A_contig_002,CDS,34173,34536,-,363,PROKKA_00656,,hypothetical protein,BS:PROKKA_00656,,,ab initio prediction:Prodigal:2.6,685284,685647
S1A_contig_002,CDS,34516,34675,-,159,PROKKA_00657,,hypothetical protein,BS:PROKKA_00657,,,ab initio prediction:Prodigal:2.6,685627,685786
S1A_contig_002,CDS,34788,35811,+,1023,PROKKA_00658,,Zinc-type alcohol dehydrogenase-like protein,BS:PROKKA_00658,,,ab initio prediction:Prodigal:2.6;similar to AA sequence:UniProtKB:P99173,685899,686922
S1A_contig_002,CDS,35870,36170,-,300,PROKKA_00659,,hypothetical protein,BS:PROKKA_00659,,,ab initio prediction:Prodigal:2.6,686981,687281
S1A_contig_002,CDS,36325,36631,+,306,PROKKA_00660,,MtN3/saliva family protein,BS:PROKKA_00660,,,ab initio prediction:Prodigal:2.6;protein motif:Pfam:PF03083.10,687436,687742
S1A_contig_002,CDS,36791,37130,+,339,PROKKA_00661,,Transcriptional regulator PadR-like family protein,BS:PROKKA_00661,,,ab initio prediction:Prodigal:2.6;protein motif:Pfam:PF03551.8,687902,688241
S1A_contig_002,CDS,37147,38188,+,1041,PROKKA_00662,,hypothetical protein,BS:PROKKA_00662,,,ab initio prediction:Prodigal:2.6,688258,689299
S1A_contig_002,tRNA,38298,38373,+,75,PROKKA_00663,,tRNA-Ala,,,,COORDINATES: profile:Aragorn:1.2,689409,689484
S1A_contig_002,tRNA,38393,38466,+,73,PROKKA_00664,,tRNA-Ala,,,,COORDINATES: profile:Aragorn:1.2,689504,689577
S1A_contig_002,CDS,38709,39816,-,1107,PROKKA_00665,,Lactate 2-monooxygenase,BS:PROKKA_00665,1.13.12.4,,ab initio prediction:Prodigal:2.6;similar to AA sequence:UniProtKB:P21795,689820,690927
S1A_contig_002,CDS,39885,40545,-,660,PROKKA_00666,yodC_1,Putative NAD(P)H nitroreductase YodC,BS:PROKKA_00666,1.-.-.-,,ab initio prediction:Prodigal:2.6;similar to AA sequence:UniProtKB:P81102,690996,691656
S1A_contig_002,CDS,40589,41435,-,846,PROKKA_00667,,acetoacetate decarboxylase,BS:PROKKA_00667,,,ab initio prediction:Prodigal:2.6;protein motif:CLUSTERS:PRK02265,691700,692546
S1A_contig_002,CDS,41510,42371,-,861,PROKKA_00668,xecD,2-(R)-hydroxypropyl-CoM dehydrogenase,BS:PROKKA_00668,1.1.1.268,,ab initio prediction:Prodigal:2.6;similar to AA sequence:UniProtKB:Q56840,692621,693482
S1A_contig_002,CDS,42571,44056,+,1485,PROKKA_00669,pucR,Purine catabolism regulatory protein,BS:PROKKA_00669,,,ab initio prediction:Prodigal:2.6;similar to AA sequence:UniProtKB:O32138,693682,695167
S1A_contig_002,CDS,44148,44529,+,381,PROKKA_00670,,hypothetical protein,BS:PROKKA_00670,,,ab initio prediction:Prodigal:2.6,695259,695640
S1A_contig_002,CDS,44644,45940,-,1296,PROKKA_00671,srrB,Sensor protein SrrB,BS:PROKKA_00671,2.7.13.3,,ab initio prediction:Prodigal:2.6;similar to AA sequence:UniProtKB:Q7A5H7,695755,697051
S1A_contig_002,CDS,45936,46608,-,672,PROKKA_00672,tcrX,putative transcriptional regulatory protein TcrX,BS:PROKKA_00672,,,ab initio prediction:Prodigal:2.6;similar to AA sequence:UniProtKB:O69730,697047,697719
S1A_contig_002,CDS,46789,47197,+,408,PROKKA_00673,,GtrA-like protein,BS:PROKKA_00673,,,ab initio prediction:Prodigal:2.6;protein motif:Pfam:PF04138.8,697900,698308
S1A_contig_002,CDS,47183,49334,+,2151,PROKKA_00674,arnT,Undecaprenyl phosphate-alpha-4-amino-4-deoxy-L-arabinose arabinosyl transferase,BS:PROKKA_00674,2.4.2.43,,ab initio prediction:Prodigal:2.6;protein motif:HAMAP:MF_01165,698294,700445
S1A_contig_002,CDS,49369,50347,+,978,PROKKA_00675,,hypothetical protein,BS:PROKKA_00675,,,ab initio prediction:Prodigal:2.6;similar to AA sequence:UniProtKB:P77293,700480,701458
S1A_contig_002,CDS,50585,53249,+,2664,PROKKA_00676,,Calcium-transporting ATPase 1,BS:PROKKA_00676,3.6.3.8,,ab initio prediction:Prodigal:2.6;similar to AA sequence:UniProtKB:Q73E41,701696,704360
S1A_contig_002,CDS,53358,54318,+,960,PROKKA_00677,acuI,putative acrylyl-CoA reductase AcuI,BS:PROKKA_00677,1.3.1.84,,ab initio prediction:Prodigal:2.6;similar to AA sequence:UniProtKB:P26646,704469,705429
S1A_contig_002,CDS,54545,55349,-,804,PROKKA_00678,opuCA_3,Glycine betaine/carnitine/choline transport ATP-binding protein OpuCA,BS:PROKKA_00678,,,ab initio prediction:Prodigal:2.6;similar to AA sequence:UniProtKB:O34992,705656,706460
S1A_contig_002,CDS,55351,56323,-,972,PROKKA_00679,,beta-methylgalactoside transporter inner membrane component,BS:PROKKA_00679,,,ab initio prediction:Prodigal:2.6;protein motif:CLUSTERS:PRK09478,706462,707434
S1A_contig_002,CDS,56525,57494,-,969,PROKKA_00680,,ABC transporter substrate binding protein,BS:PROKKA_00680,,,ab initio prediction:Prodigal:2.6;protein motif:Pfam:PF04392.6,707636,708605
S1A_contig_002,CDS,58052,59009,-,957,PROKKA_00681,,ABC transporter substrate binding protein,BS:PROKKA_00681,,,ab initio prediction:Prodigal:2.6;protein motif:Pfam:PF04392.6,709163,710120
S1A_contig_002,CDS,59491,61879,-,2388,PROKKA_00682,bglB,Thermostable beta-glucosidase B,BS:PROKKA_00682,3.2.1.21,,ab initio prediction:Prodigal:2.6;similar to AA sequence:UniProtKB:P14002,710602,712990
S1A_contig_002,CDS,62596,63247,-,651,PROKKA_00683,,NmrA-like family protein,BS:PROKKA_00683,,,ab initio prediction:Prodigal:2.6;protein motif:Pfam:PF05368.7,713707,714358
S1A_contig_002,CDS,63476,64307,+,831,PROKKA_00684,,hypothetical protein,BS:PROKKA_00684,,,ab initio prediction:Prodigal:2.6,714587,715418
S1A_contig_002,CDS,64299,65361,+,1062,PROKKA_00685,,hypothetical protein,BS:PROKKA_00685,,,ab initio prediction:Prodigal:2.6,715410,716472
S1A_contig_002,CDS,65534,66356,+,822,PROKKA_00686,thiD_1,Hydroxymethylpyrimidine/phosphomethylpyrimidine kinase,BS:PROKKA_00686,2.7.1.49,,ab initio prediction:Prodigal:2.6;similar to AA sequence:UniProtKB:P99124,716645,717467
S1A_contig_002,CDS,66427,67060,-,633,PROKKA_00687,,hypothetical protein,BS:PROKKA_00687,,,ab initio prediction:Prodigal:2.6,717538,718171
S1A_contig_002,CDS,67292,67817,-,525,PROKKA_00688,,acid-resistance membrane protein,BS:PROKKA_00688,,,ab initio prediction:Prodigal:2.6;protein motif:CLUSTERS:PRK10209,718403,718928
S1A_contig_002,CDS,67894,68074,-,180,PROKKA_00689,,hypothetical protein,BS:PROKKA_00689,,,ab initio prediction:Prodigal:2.6,719005,719185
S1A_contig_002,CDS,68070,68739,-,669,PROKKA_00690,ywrO,General stress protein 14,BS:PROKKA_00690,1.6.99.-,,ab initio prediction:Prodigal:2.6;similar to AA sequence:UniProtKB:P80871,719181,719850
S1A_contig_002,CDS,68741,69527,-,786,PROKKA_00691,lip2_2,Lipase 2,BS:PROKKA_00691,3.1.1.3,,ab initio prediction:Prodigal:2.6;similar to AA sequence:UniProtKB:P24484,719852,720638
S1A_contig_002,CDS,69737,70844,-,1107,PROKKA_00692,yfhQ,putative A/G-specific adenine glycosylase YfhQ,BS:PROKKA_00692,3.2.2.-,,ab initio prediction:Prodigal:2.6;similar to AA sequence:UniProtKB:O31584,720848,721955
S1A_contig_002,CDS,71183,71417,+,234,PROKKA_00693,,hypothetical protein,BS:PROKKA_00693,,,ab initio prediction:Prodigal:2.6,722294,722528
S1A_contig_002,CDS,71410,71887,-,477,PROKKA_00694,,18 kDa heat shock protein,BS:PROKKA_00694,,,ab initio prediction:Prodigal:2.6;similar to AA sequence:UniProtKB:Q03928,722521,722998
S1A_contig_002,CDS,72465,72609,-,144,PROKKA_00695,,hypothetical protein,BS:PROKKA_00695,,,ab initio prediction:Prodigal:2.6,723576,723720
S1A_contig_002,CDS,72707,75833,-,3126,PROKKA_00696,sbcC,Nuclease SbcCD subunit C,BS:PROKKA_00696,,,ab initio prediction:Prodigal:2.6;similar to AA sequence:UniProtKB:Q7A5S6,723818,726944
S1A_contig_002,CDS,75832,76954,-,1122,PROKKA_00697,sbcD,Nuclease SbcCD subunit D,BS:PROKKA_00697,,,ab initio prediction:Prodigal:2.6;similar to AA sequence:UniProtKB:A6QGP7,726943,728065
S1A_contig_002,CDS,77014,77641,+,627,PROKKA_00698,gph_1,Phosphoglycolate phosphatase,BS:PROKKA_00698,3.1.3.18,,ab initio prediction:Prodigal:2.6;similar to AA sequence:UniProtKB:O67359,728125,728752
S1A_contig_002,CDS,78086,78863,+,777,PROKKA_00699,lacR_1,Lactose phosphotransferase system repressor,BS:PROKKA_00699,,,ab initio prediction:Prodigal:2.6;similar to AA sequence:UniProtKB:P67744,729197,729974
S1A_contig_002,CDS,78867,79296,+,429,PROKKA_00700,lacA_1,Galactose-6-phosphate isomerase subunit LacA,BS:PROKKA_00700,5.3.1.26,,ab initio prediction:Prodigal:2.6;similar to AA sequence:UniProtKB:P65250,729978,730407
S1A_contig_002,CDS,79340,79859,+,519,PROKKA_00701,lacB,Galactose-6-phosphate isomerase subunit LacB,BS:PROKKA_00701,5.3.1.26,,ab initio prediction:Prodigal:2.6;similar to AA sequence:UniProtKB:P65647,730451,730970
S1A_contig_002,CDS,79897,80899,+,1002,PROKKA_00702,lacD_2,"Tagatose 1,6-diphosphate aldolase",BS:PROKKA_00702,4.1.2.40,,ab initio prediction:Prodigal:2.6;similar to AA sequence:UniProtKB:P26593,731008,732010
S1A_contig_002,CDS,81013,81952,+,939,PROKKA_00703,lacC_1,Tagatose-6-phosphate kinase,BS:PROKKA_00703,2.7.1.144,,ab initio prediction:Prodigal:2.6;similar to AA sequence:UniProtKB:P23391,732124,733063
S1A_contig_002,CDS,81973,82654,+,681,PROKKA_00704,,hypothetical protein,BS:PROKKA_00704,,,ab initio prediction:Prodigal:2.6,733084,733765
S1A_contig_002,CDS,83097,83292,+,195,PROKKA_00705,,hypothetical protein,BS:PROKKA_00705,,,ab initio prediction:Prodigal:2.6,734208,734403
S1A_contig_002,CDS,83502,84954,-,1452,PROKKA_00706,gatC_4,Galactitol permease IIC component,BS:PROKKA_00706,,,ab initio prediction:Prodigal:2.6;similar to AA sequence:UniProtKB:P69831,734613,736065
S1A_contig_002,CDS,85009,85318,-,309,PROKKA_00707,,"PTS system, Lactose/Cellobiose specific IIB subunit",BS:PROKKA_00707,,,ab initio prediction:Prodigal:2.6;protein motif:Pfam:PF02302.11,736120,736429
S1A_contig_002,CDS,85332,85827,-,495,PROKKA_00708,,PTS system galactitol-specific transporter subunit IIA,BS:PROKKA_00708,,,ab initio prediction:Prodigal:2.6;protein motif:CLUSTERS:PRK09665,736443,736938
S1A_contig_002,CDS,86131,86851,-,720,PROKKA_00709,,hypothetical protein,BS:PROKKA_00709,,,ab initio prediction:Prodigal:2.6,737242,737962
S1A_contig_002,CDS,87077,88088,-,1011,PROKKA_00710,galM,Aldose 1-epimerase,BS:PROKKA_00710,5.1.3.3,,ab initio prediction:Prodigal:2.6;similar to AA sequence:UniProtKB:P0A9C3,738188,739199
S1A_contig_002,CDS,88236,89232,-,996,PROKKA_00711,lacR_2,HTH-type transcriptional regulator LacR,BS:PROKKA_00711,,,ab initio prediction:Prodigal:2.6;similar to AA sequence:UniProtKB:Q7WTB0,739347,740343
S1A_contig_002,CDS,89285,90746,-,1461,PROKKA_00712,galT,Galactose-1-phosphate uridylyltransferase,BS:PROKKA_00712,2.7.7.12,,ab initio prediction:Prodigal:2.6;similar to AA sequence:UniProtKB:E8MF11,740396,741857
S1A_contig_002,CDS,90742,91738,-,996,PROKKA_00713,galE,UDP-glucose 4-epimerase,BS:PROKKA_00713,5.1.3.2,,ab initio prediction:Prodigal:2.6;similar to AA sequence:UniProtKB:Q7WTB1,741853,742849
S1A_contig_002,CDS,91832,92999,-,1167,PROKKA_00714,galK,Galactokinase,BS:PROKKA_00714,2.7.1.6,,ab initio prediction:Prodigal:2.6;similar to AA sequence:UniProtKB:Q9R7D7,742943,744110
S1A_contig_002,CDS,93321,94044,+,723,PROKKA_00715,epsJ_1,putative glycosyltransferase EpsJ,BS:PROKKA_00715,2.4.-.-,,ab initio prediction:Prodigal:2.6;similar to AA sequence:UniProtKB:P71059,744432,745155
S1A_contig_002,CDS,94305,95823,+,1518,PROKKA_00716,glpK_2,Glycerol kinase,BS:PROKKA_00716,2.7.1.30,,ab initio prediction:Prodigal:2.6;similar to AA sequence:UniProtKB:O34153,745416,746934
S1A_contig_002,CDS,95878,97732,+,1854,PROKKA_00717,glpO,Alpha-glycerophosphate oxidase,BS:PROKKA_00717,1.1.3.21,,ab initio prediction:Prodigal:2.6;similar to AA sequence:UniProtKB:O86963,746989,748843
S1A_contig_002,CDS,97746,98454,+,708,PROKKA_00718,glpF,Glycerol uptake facilitator protein,BS:PROKKA_00718,,,ab initio prediction:Prodigal:2.6;similar to AA sequence:UniProtKB:P18156,748857,749565
S1A_contig_002,CDS,98564,99146,-,582,PROKKA_00719,,Uracil DNA glycosylase superfamily protein,BS:PROKKA_00719,,,ab initio prediction:Prodigal:2.6;protein motif:Pfam:PF03167.13,749675,750257
S1A_contig_002,CDS,99142,100819,-,1677,PROKKA_00720,mutS_1,DNA mismatch repair protein MutS,BS:PROKKA_00720,,,ab initio prediction:Prodigal:2.6;similar to AA sequence:UniProtKB:P0A1Y0,750253,751930
S1A_contig_002,CDS,101289,102939,-,1650,PROKKA_00721,yheS_2,putative ABC transporter ATP-binding protein YheS,BS:PROKKA_00721,,,ab initio prediction:Prodigal:2.6;similar to AA sequence:UniProtKB:P63389,752400,754050
S1A_contig_002,CDS,103926,104616,+,690,PROKKA_00722,,Rhomboid family protein,BS:PROKKA_00722,,,ab initio prediction:Prodigal:2.6;protein motif:Pfam:PF01694.16,755037,755727
S1A_contig_002,CDS,105140,105845,+,705,PROKKA_00723,,Rhomboid family protein,BS:PROKKA_00723,,,ab initio prediction:Prodigal:2.6;protein motif:Pfam:PF01694.16,756251,756956
S1A_contig_002,CDS,106013,106163,+,150,PROKKA_00724,,hypothetical protein,BS:PROKKA_00724,,,ab initio prediction:Prodigal:2.6,757124,757274
S1A_contig_002,CDS,106591,106801,+,210,PROKKA_00725,,hypothetical protein,BS:PROKKA_00725,,,ab initio prediction:Prodigal:2.6,757702,757912
S1A_contig_002,CDS,106825,107101,+,276,PROKKA_00726,lcnD_1,Lactococcin A secretion protein LcnD,BS:PROKKA_00726,,,ab initio prediction:Prodigal:2.6;similar to AA sequence:UniProtKB:P0A3G5,757936,758212
S1A_contig_002,CDS,107323,107482,+,159,PROKKA_00727,,hypothetical protein,BS:PROKKA_00727,,,ab initio prediction:Prodigal:2.6,758434,758593
S1A_contig_002,CDS,107608,107809,+,201,PROKKA_00728,,hypothetical protein,BS:PROKKA_00728,,,ab initio prediction:Prodigal:2.6,758719,758920
S1A_contig_002,CDS,107943,108132,+,189,PROKKA_00729,,hypothetical protein,BS:PROKKA_00729,,,ab initio prediction:Prodigal:2.6,759054,759243
S1A_contig_002,CDS,108655,108844,+,189,PROKKA_00730,,hypothetical protein,BS:PROKKA_00730,,,ab initio prediction:Prodigal:2.6,759766,759955
S1A_contig_002,CDS,109016,109538,-,522,PROKKA_00731,,hypothetical protein,BS:PROKKA_00731,,,ab initio prediction:Prodigal:2.6,760127,760649
S1A_contig_002,CDS,109601,109832,-,231,PROKKA_00732,,hypothetical protein,BS:PROKKA_00732,,,ab initio prediction:Prodigal:2.6,760712,760943
S1A_contig_002,CDS,110220,111039,+,819,PROKKA_00733,endA_1,DNA-entry nuclease,BS:PROKKA_00733,3.1.30.-,,ab initio prediction:Prodigal:2.6;similar to AA sequence:UniProtKB:P0A3S3,761331,762150
S1A_contig_002,CDS,111046,111718,-,672,PROKKA_00734,,putative Mg(2+) transport ATPase,BS:PROKKA_00734,,,ab initio prediction:Prodigal:2.6;protein motif:CLUSTERS:PRK09977,762157,762829
S1A_contig_002,CDS,111847,112789,+,942,PROKKA_00735,yfeX,putative deferrochelatase/peroxidase YfeX,BS:PROKKA_00735,1.11.1.-,,ab initio prediction:Prodigal:2.6;similar to AA sequence:UniProtKB:P76536,762958,763900
S1A_contig_002,CDS,113191,114508,+,1317,PROKKA_00736,amt,Ammonia channel precursor,BS:PROKKA_00736,,,ab initio prediction:Prodigal:2.6;similar to AA sequence:UniProtKB:O66515,764302,765619
S1A_contig_002,CDS,114745,115654,+,909,PROKKA_00737,qorA,Quinone oxidoreductase 1,BS:PROKKA_00737,1.6.5.5,,ab initio prediction:Prodigal:2.6;similar to AA sequence:UniProtKB:P28304,765856,766765
S1A_contig_002,CDS,115878,116205,+,327,PROKKA_00738,,hypothetical protein,BS:PROKKA_00738,,,ab initio prediction:Prodigal:2.6;protein motif:CLUSTERS:PRK00967,766989,767316
S1A_contig_002,CDS,116415,117084,+,669,PROKKA_00739,cah,Carbonic anhydrase precursor,BS:PROKKA_00739,4.2.1.1,,ab initio prediction:Prodigal:2.6;similar to AA sequence:UniProtKB:Q50940,767526,768195
S1A_contig_002,CDS,117076,117856,+,780,PROKKA_00740,,hypothetical protein,BS:PROKKA_00740,,,ab initio prediction:Prodigal:2.6,768187,768967
S1A_contig_002,CDS,118086,118980,+,894,PROKKA_00741,drrA_1,Daunorubicin/doxorubicin resistance ATP-binding protein DrrA,BS:PROKKA_00741,3.6.3.-,,ab initio prediction:Prodigal:2.6;similar to AA sequence:UniProtKB:P32010,769197,770091
S1A_contig_002,CDS,118979,119846,+,867,PROKKA_00742,,ABC-2 type transporter,BS:PROKKA_00742,,,ab initio prediction:Prodigal:2.6;protein motif:Pfam:PF01061.18,770090,770957
S1A_contig_002,CDS,119897,120350,+,453,PROKKA_00743,lytR,Sensory transduction protein LytR,BS:PROKKA_00743,,,ab initio prediction:Prodigal:2.6;similar to AA sequence:UniProtKB:P60611,771008,771461
S1A_contig_002,CDS,120360,120768,+,408,PROKKA_00744,,hypothetical protein,BS:PROKKA_00744,,,ab initio prediction:Prodigal:2.6,771471,771879
S1A_contig_002,CDS,121189,123172,+,1983,PROKKA_00745,nhaK_1,"Sodium, potassium, lithium and rubidium/H(+) antiporter",BS:PROKKA_00745,,,ab initio prediction:Prodigal:2.6;similar to AA sequence:UniProtKB:O32212,772300,774283
S1A_contig_002,CDS,123264,125496,-,2232,PROKKA_00746,,hypothetical protein,BS:PROKKA_00746,,,ab initio prediction:Prodigal:2.6,774375,776607
S1A_contig_002,CDS,125733,127089,+,1356,PROKKA_00747,yifK,putative transport protein YifK,BS:PROKKA_00747,,,ab initio prediction:Prodigal:2.6;similar to AA sequence:UniProtKB:P27837,776844,778200
S1A_contig_002,CDS,127267,128113,+,846,PROKKA_00748,dkgA,"2,5-diketo-D-gluconic acid reductase A",BS:PROKKA_00748,1.1.1.274,,ab initio prediction:Prodigal:2.6;similar to AA sequence:UniProtKB:Q46857,778378,779224
S1A_contig_002,CDS,128604,129228,+,624,PROKKA_00749,yhfK,putative sugar epimerase YhfK,BS:PROKKA_00749,4.-.-.-,,ab initio prediction:Prodigal:2.6;similar to AA sequence:UniProtKB:O07609,779715,780339
S1A_contig_002,CDS,129578,131060,+,1482,PROKKA_00750,uup,ABC transporter ATP-binding protein uup,BS:PROKKA_00750,,,ab initio prediction:Prodigal:2.6;similar to AA sequence:UniProtKB:P43672,780689,782171
S1A_contig_002,CDS,131259,131700,+,441,PROKKA_00751,ohrB_1,Organic hydroperoxide resistance protein OhrB,BS:PROKKA_00751,,,ab initio prediction:Prodigal:2.6;similar to AA sequence:UniProtKB:P80242,782370,782811
S1A_contig_002,CDS,131851,132289,+,438,PROKKA_00752,,hypothetical protein,BS:PROKKA_00752,,,ab initio prediction:Prodigal:2.6,782962,783400
S1A_contig_002,CDS,132452,132653,-,201,PROKKA_00753,csp,Cold shock protein 1,BS:PROKKA_00753,,,ab initio prediction:Prodigal:2.6;similar to AA sequence:UniProtKB:P71478,783563,783764
S1A_contig_002,CDS,132825,134166,-,1341,PROKKA_00754,gdhA,NAD(P)-specific glutamate dehydrogenase,BS:PROKKA_00754,1.4.1.2,,ab initio prediction:Prodigal:2.6;similar to AA sequence:UniProtKB:P95544,783936,785277
S1A_contig_002,CDS,134447,135386,+,939,PROKKA_00755,ldh_2,L-lactate dehydrogenase,BS:PROKKA_00755,1.1.1.27,,ab initio prediction:Prodigal:2.6;similar to AA sequence:UniProtKB:P00343,785558,786497
S1A_contig_002,CDS,135511,136987,-,1476,PROKKA_00756,yhdG_1,putative amino acid permease YhdG,BS:PROKKA_00756,,,ab initio prediction:Prodigal:2.6;similar to AA sequence:UniProtKB:O07576,786622,788098
S1A_contig_002,CDS,137207,138512,-,1305,PROKKA_00757,sstT,Serine/threonine transporter SstT,BS:PROKKA_00757,,,ab initio prediction:Prodigal:2.6;similar to AA sequence:UniProtKB:P0AGE4,788318,789623
S1A_contig_002,CDS,138851,140855,-,2004,PROKKA_00758,bglF_1,PTS system beta-glucoside-specific EIIBCA component,BS:PROKKA_00758,,,ab initio prediction:Prodigal:2.6;similar to AA sequence:UniProtKB:P08722,789962,791966
S1A_contig_002,CDS,140945,142592,-,1647,PROKKA_00759,treA,Trehalose-6-phosphate hydrolase,BS:PROKKA_00759,3.2.1.93,,ab initio prediction:Prodigal:2.6;similar to AA sequence:UniProtKB:P39795,792056,793703
S1A_contig_002,CDS,142815,143532,-,717,PROKKA_00760,treR_2,Trehalose operon transcriptional repressor,BS:PROKKA_00760,,,ab initio prediction:Prodigal:2.6;similar to AA sequence:UniProtKB:P39796,793926,794643
S1A_contig_002,CDS,143817,145062,-,1245,PROKKA_00761,yhjX,putative MFS-type transporter YhjX,BS:PROKKA_00761,,,ab initio prediction:Prodigal:2.6;similar to AA sequence:UniProtKB:P37662,794928,796173
S1A_contig_002,CDS,145223,147005,-,1782,PROKKA_00762,,putative ABC transporter ATP-binding protein,BS:PROKKA_00762,,,ab initio prediction:Prodigal:2.6;similar to AA sequence:UniProtKB:Q9WYC4,796334,798116
S1A_contig_002,CDS,147009,148728,-,1719,PROKKA_00763,,putative ABC transporter ATP-binding protein,BS:PROKKA_00763,,,ab initio prediction:Prodigal:2.6;similar to AA sequence:UniProtKB:Q9WYC4,798120,799839
S1A_contig_002,CDS,149862,152148,+,2286,PROKKA_00764,metE,5-methyltetrahydropteroyltriglutamate-- homocysteine methyltransferase,BS:PROKKA_00764,2.1.1.14,,ab initio prediction:Prodigal:2.6;similar to AA sequence:UniProtKB:P80877,800973,803259
S1A_contig_002,CDS,152125,152998,+,873,PROKKA_00765,metF,"5,10-methylenetetrahydrofolate reductase",BS:PROKKA_00765,1.5.1.20,,ab initio prediction:Prodigal:2.6;similar to AA sequence:UniProtKB:P0AEZ1,803236,804109
S1A_contig_002,CDS,153380,154205,+,825,PROKKA_00766,pdxK,Pyridoxine kinase,BS:PROKKA_00766,2.7.1.35,,ab initio prediction:Prodigal:2.6;similar to AA sequence:UniProtKB:P40191,804491,805316
S1A_contig_002,CDS,154252,154801,+,549,PROKKA_00767,,hypothetical protein,BS:PROKKA_00767,,,ab initio prediction:Prodigal:2.6,805363,805912
S1A_contig_002,CDS,155052,155847,+,795,PROKKA_00768,drrA_2,Daunorubicin/doxorubicin resistance ATP-binding protein DrrA,BS:PROKKA_00768,3.6.3.-,,ab initio prediction:Prodigal:2.6;similar to AA sequence:UniProtKB:P32010,806163,806958
S1A_contig_002,CDS,155833,157561,+,1728,PROKKA_00769,,hypothetical protein,BS:PROKKA_00769,,,ab initio prediction:Prodigal:2.6,806944,808672
S1A_contig_002,CDS,157728,158703,+,975,PROKKA_00770,yicL_1,putative inner membrane transporter YicL,BS:PROKKA_00770,,,ab initio prediction:Prodigal:2.6;similar to AA sequence:UniProtKB:P31437,808839,809814
S1A_contig_002,CDS,158778,160800,-,2022,PROKKA_00771,,hypothetical protein,BS:PROKKA_00771,,,ab initio prediction:Prodigal:2.6,809889,811911
S1A_contig_002,CDS,160964,161666,-,702,PROKKA_00772,,hypothetical protein,BS:PROKKA_00772,,,ab initio prediction:Prodigal:2.6,812075,812777
S1A_contig_002,CDS,161649,162009,-,360,PROKKA_00773,,hypothetical protein,BS:PROKKA_00773,,,ab initio prediction:Prodigal:2.6,812760,813120
S1A_contig_002,CDS,162162,162864,-,702,PROKKA_00774,,hypothetical protein,BS:PROKKA_00774,,,ab initio prediction:Prodigal:2.6,813273,813975
S1A_contig_002,CDS,163702,165700,-,1998,PROKKA_00775,,hypothetical protein,BS:PROKKA_00775,,,ab initio prediction:Prodigal:2.6,814813,816811
S1A_contig_002,CDS,165696,166074,-,378,PROKKA_00776,,hypothetical protein,BS:PROKKA_00776,,,ab initio prediction:Prodigal:2.6,816807,817185
S1A_contig_002,CDS,166054,167074,-,1020,PROKKA_00777,,hypothetical protein,BS:PROKKA_00777,,,ab initio prediction:Prodigal:2.6,817165,818185
S1A_contig_002,CDS,167141,167807,-,666,PROKKA_00778,,hypothetical protein,BS:PROKKA_00778,,,ab initio prediction:Prodigal:2.6,818252,818918
S1A_contig_002,CDS,168897,170286,+,1389,PROKKA_00779,brnQ_2,Branched-chain amino acid transport system 2 carrier protein,BS:PROKKA_00779,,,ab initio prediction:Prodigal:2.6;similar to AA sequence:UniProtKB:P0AD99,820008,821397
S1A_contig_002,CDS,170559,171471,-,912,PROKKA_00780,,hypothetical protein,BS:PROKKA_00780,,,ab initio prediction:Prodigal:2.6,821670,822582
S1A_contig_002,CDS,172418,173132,+,714,PROKKA_00781,tcyB,L-cystine transport system permease protein TcyB,BS:PROKKA_00781,,,ab initio prediction:Prodigal:2.6;similar to AA sequence:UniProtKB:P42200,823529,824243
S1A_contig_002,CDS,173163,173976,+,813,PROKKA_00782,,putative amino-acid ABC transporter-binding protein precursor,BS:PROKKA_00782,,,ab initio prediction:Prodigal:2.6;similar to AA sequence:UniProtKB:P45024,824274,825087
S1A_contig_002,CDS,174077,175214,+,1137,PROKKA_00783,metC,Cystathionine beta-lyase,BS:PROKKA_00783,4.4.1.8,,ab initio prediction:Prodigal:2.6;similar to AA sequence:UniProtKB:A2RM21,825188,826325
S1A_contig_002,tRNA,175285,175357,-,72,PROKKA_00784,,tRNA-Arg,,,,COORDINATES: profile:Aragorn:1.2,826396,826468
S1A_contig_002,CDS,175478,176024,+,546,PROKKA_00785,,hypothetical protein,BS:PROKKA_00785,,,ab initio prediction:Prodigal:2.6,826589,827135
S1A_contig_002,CDS,176213,177143,-,930,PROKKA_00786,cysK,Cysteine synthase,BS:PROKKA_00786,2.5.1.47,,ab initio prediction:Prodigal:2.6;similar to AA sequence:UniProtKB:P63871,827324,828254
S1A_contig_002,CDS,177176,177992,-,816,PROKKA_00787,metA,Homoserine O-succinyltransferase,BS:PROKKA_00787,2.3.1.46,,ab initio prediction:Prodigal:2.6;similar to AA sequence:UniProtKB:Q9WZY3,828287,829103
S1A_contig_002,CDS,178432,179332,-,900,PROKKA_00788,aroE_1,Shikimate dehydrogenase,BS:PROKKA_00788,1.1.1.25,,ab initio prediction:Prodigal:2.6;similar to AA sequence:UniProtKB:Q8Y9N5,829543,830443
S1A_contig_002,CDS,179350,180568,-,1218,PROKKA_00789,ydiM,Inner membrane transport protein YdiM,BS:PROKKA_00789,,,ab initio prediction:Prodigal:2.6;similar to AA sequence:UniProtKB:P76197,830461,831679
S1A_contig_002,CDS,180844,181741,-,897,PROKKA_00790,aroE_2,Shikimate dehydrogenase,BS:PROKKA_00790,1.1.1.25,,ab initio prediction:Prodigal:2.6;similar to AA sequence:UniProtKB:Q8Y9N5,831955,832852
S1A_contig_002,CDS,181837,182671,-,834,PROKKA_00791,gno,Gluconate 5-dehydrogenase,BS:PROKKA_00791,1.1.1.69,,ab initio prediction:Prodigal:2.6;similar to AA sequence:UniProtKB:P50199,832948,833782
S1A_contig_002,CDS,182687,183554,-,867,PROKKA_00792,,Xylose isomerase-like TIM barrel,BS:PROKKA_00792,,,ab initio prediction:Prodigal:2.6;protein motif:Pfam:PF01261.18,833798,834665
S1A_contig_002,CDS,183708,184602,+,894,PROKKA_00793,gltC_2,HTH-type transcriptional regulator GltC,BS:PROKKA_00793,,,ab initio prediction:Prodigal:2.6;similar to AA sequence:UniProtKB:P20668,834819,835713
S1A_contig_002,CDS,184780,185308,+,528,PROKKA_00794,yagU,Inner membrane protein YagU,BS:PROKKA_00794,,,ab initio prediction:Prodigal:2.6;similar to AA sequence:UniProtKB:P0AAA1,835891,836419
S1A_contig_002,CDS,185393,186836,-,1443,PROKKA_00795,ycaM_1,Inner membrane transporter YcaM,BS:PROKKA_00795,,,ab initio prediction:Prodigal:2.6;similar to AA sequence:UniProtKB:P75835,836504,837947
S1A_contig_002,CDS,187442,189977,-,2535,PROKKA_00796,pepN,Aminopeptidase N,BS:PROKKA_00796,3.4.11.2,,ab initio prediction:Prodigal:2.6;similar to AA sequence:UniProtKB:P37896,838553,841088
S1A_contig_002,CDS,190401,195903,+,5502,PROKKA_00797,prtP_1,PIII-type proteinase precursor,BS:PROKKA_00797,3.4.21.96,,ab initio prediction:Prodigal:2.6;similar to AA sequence:UniProtKB:P15292,841512,847014
S1A_contig_002,CDS,196444,203140,+,6696,PROKKA_00798,prtP_2,PII-type proteinase precursor,BS:PROKKA_00798,3.4.21.96,,ab initio prediction:Prodigal:2.6;similar to AA sequence:UniProtKB:Q02470,847555,854251
S1A_contig_002,CDS,203329,203959,-,630,PROKKA_00799,,hypothetical protein,BS:PROKKA_00799,,,ab initio prediction:Prodigal:2.6,854440,855070
S1A_contig_002,CDS,203897,205046,-,1149,PROKKA_00800,,hypothetical protein,BS:PROKKA_00800,,,ab initio prediction:Prodigal:2.6,855008,856157
S1A_contig_002,CDS,205042,205924,-,882,PROKKA_00801,yxlF_3,putative ABC transporter ATP-binding protein YxlF,BS:PROKKA_00801,3.6.3.-,,ab initio prediction:Prodigal:2.6;similar to AA sequence:UniProtKB:P94374,856153,857035
S1A_contig_002,CDS,206026,207142,-,1116,PROKKA_00802,cssS,Sensor histidine kinase CssS,BS:PROKKA_00802,2.7.13.3,,ab initio prediction:Prodigal:2.6;similar to AA sequence:UniProtKB:O32193,857137,858253
S1A_contig_002,CDS,207129,207828,-,699,PROKKA_00803,srrA_2,Transcriptional regulatory protein SrrA,BS:PROKKA_00803,,,ab initio prediction:Prodigal:2.6;similar to AA sequence:UniProtKB:Q9L524,858240,858939
S1A_contig_002,CDS,208123,209740,-,1617,PROKKA_00804,,hypothetical protein,BS:PROKKA_00804,,,ab initio prediction:Prodigal:2.6,859234,860851
S1A_contig_002,CDS,209732,210467,-,735,PROKKA_00805,yxlF_4,putative ABC transporter ATP-binding protein YxlF,BS:PROKKA_00805,3.6.3.-,,ab initio prediction:Prodigal:2.6;similar to AA sequence:UniProtKB:P94374,860843,861578
S1A_contig_002,CDS,210657,211734,-,1077,PROKKA_00806,,Sortase family protein,BS:PROKKA_00806,,,ab initio prediction:Prodigal:2.6;protein motif:Pfam:PF04203.7,861768,862845
S1A_contig_002,CDS,211807,212812,-,1005,PROKKA_00807,,Cna protein B-type domain protein,BS:PROKKA_00807,,,ab initio prediction:Prodigal:2.6;protein motif:Pfam:PF05738.7,862918,863923
S1A_contig_002,CDS,212822,213539,-,717,PROKKA_00808,,hypothetical protein,BS:PROKKA_00808,,,ab initio prediction:Prodigal:2.6,863933,864650
S1A_contig_002,CDS,213531,216261,-,2730,PROKKA_00809,,von Willebrand factor type A domain protein,BS:PROKKA_00809,,,ab initio prediction:Prodigal:2.6;protein motif:Pfam:PF00092.22,864642,867372
S1A_contig_002,CDS,216519,217104,+,585,PROKKA_00810,pinR_1,Putative DNA-invertase from lambdoid prophage Rac,BS:PROKKA_00810,,,ab initio prediction:Prodigal:2.6;similar to AA sequence:UniProtKB:P0ADI0,867630,868215
S1A_contig_002,CDS,217229,219140,-,1911,PROKKA_00811,licR_4,putative licABCH operon regulator,BS:PROKKA_00811,,,ab initio prediction:Prodigal:2.6;similar to AA sequence:UniProtKB:P46321,868340,870251
S1A_contig_002,CDS,219314,219626,+,312,PROKKA_00812,licB_3,Lichenan-specific phosphotransferase enzyme IIB component,BS:PROKKA_00812,2.7.1.69,,ab initio prediction:Prodigal:2.6;similar to AA sequence:UniProtKB:P46318,870425,870737
S1A_contig_002,CDS,219649,220888,+,1239,PROKKA_00813,licC_1,Lichenan permease IIC component,BS:PROKKA_00813,,,ab initio prediction:Prodigal:2.6;similar to AA sequence:UniProtKB:P46317,870760,871999
S1A_contig_002,CDS,220924,221290,+,366,PROKKA_00814,licA_3,Lichenan-specific phosphotransferase enzyme IIA component,BS:PROKKA_00814,2.7.1.-,,ab initio prediction:Prodigal:2.6;similar to AA sequence:UniProtKB:P46319,872035,872401
S1A_contig_002,CDS,221308,222739,+,1431,PROKKA_00815,bglC,Aryl-phospho-beta-D-glucosidase BglC,BS:PROKKA_00815,3.2.1.86,,ab initio prediction:Prodigal:2.6;similar to AA sequence:UniProtKB:P42403,872419,873850
S1A_contig_002,CDS,222738,223341,+,603,PROKKA_00816,,hypothetical protein,BS:PROKKA_00816,,,ab initio prediction:Prodigal:2.6,873849,874452
S1A_contig_002,CDS,223404,223749,-,345,PROKKA_00817,yybR_1,putative HTH-type transcriptional regulator YybR,BS:PROKKA_00817,,,ab initio prediction:Prodigal:2.6;similar to AA sequence:UniProtKB:P37486,874515,874860
S1A_contig_002,CDS,223894,224917,+,1023,PROKKA_00818,,Zinc-type alcohol dehydrogenase-like protein,BS:PROKKA_00818,,,ab initio prediction:Prodigal:2.6;similar to AA sequence:UniProtKB:P99173,875005,876028
S1A_contig_002,CDS,225038,225905,-,867,PROKKA_00819,,putative oxidoreductase/MSMEI_2347,BS:PROKKA_00819,1.-.-.-,,ab initio prediction:Prodigal:2.6;similar to AA sequence:UniProtKB:A0QV10,876149,877016
S1A_contig_002,CDS,226076,226505,+,429,PROKKA_00820,adhR_1,HTH-type transcriptional regulator AdhR,BS:PROKKA_00820,,,ab initio prediction:Prodigal:2.6;similar to AA sequence:UniProtKB:O06008,877187,877616
S1A_contig_002,CDS,226568,227924,-,1356,PROKKA_00821,yhdG_2,putative amino acid permease YhdG,BS:PROKKA_00821,,,ab initio prediction:Prodigal:2.6;similar to AA sequence:UniProtKB:O07576,877679,879035
S1A_contig_002,CDS,228045,229173,-,1128,PROKKA_00822,,Amidohydrolase,BS:PROKKA_00822,,,ab initio prediction:Prodigal:2.6;protein motif:Pfam:PF04909.8,879156,880284
S1A_contig_002,CDS,229301,230645,-,1344,PROKKA_00823,glnA_1,Glutamine synthetase,BS:PROKKA_00823,6.3.1.2,,ab initio prediction:Prodigal:2.6;similar to AA sequence:UniProtKB:P12425,880412,881756
S1A_contig_002,CDS,230972,231725,-,753,PROKKA_00824,,Putative glutamine amidotransferase,BS:PROKKA_00824,2.4.2.-,,ab initio prediction:Prodigal:2.6;similar to AA sequence:UniProtKB:O33341,882083,882836
S1A_contig_002,CDS,231754,232504,-,750,PROKKA_00825,ubiG,Ubiquinone biosynthesis O-methyltransferase,BS:PROKKA_00825,2.1.1.222,,ab initio prediction:Prodigal:2.6;similar to AA sequence:UniProtKB:Q4K8M4,882865,883615
S1A_contig_002,CDS,232716,233784,+,1068,PROKKA_00826,ykfB_2,L-Ala-D/L-Glu epimerase,BS:PROKKA_00826,5.1.1.-,,ab initio prediction:Prodigal:2.6;similar to AA sequence:UniProtKB:O34508,883827,884895
S1A_contig_002,CDS,233939,234953,+,1014,PROKKA_00827,pbpE,Penicillin-binding protein 4*,BS:PROKKA_00827,,,ab initio prediction:Prodigal:2.6;similar to AA sequence:UniProtKB:P32959,885050,886064
S1A_contig_002,CDS,235038,236772,-,1734,PROKKA_00828,ydaP,Putative thiamine pyrophosphate-containing protein YdaP,BS:PROKKA_00828,,,ab initio prediction:Prodigal:2.6;similar to AA sequence:UniProtKB:P96591,886149,887883
S1A_contig_002,CDS,237358,238240,+,882,PROKKA_00829,fba_1,Fructose-bisphosphate aldolase,BS:PROKKA_00829,4.1.2.13,,ab initio prediction:Prodigal:2.6;similar to AA sequence:UniProtKB:Q5XA12,888469,889351
S1A_contig_002,CDS,238311,238887,-,576,PROKKA_00830,tag_1,DNA-3-methyladenine glycosylase 1,BS:PROKKA_00830,3.2.2.20,,ab initio prediction:Prodigal:2.6;similar to AA sequence:UniProtKB:P05100,889422,889998
S1A_contig_002,CDS,238876,239488,-,612,PROKKA_00831,,hypothetical protein,BS:PROKKA_00831,,,ab initio prediction:Prodigal:2.6,889987,890599
S1A_contig_002,CDS,239670,240834,-,1164,PROKKA_00832,pbuE_1,Purine efflux pump PbuE,BS:PROKKA_00832,,,ab initio prediction:Prodigal:2.6;similar to AA sequence:UniProtKB:Q797E3,890781,891945
S1A_contig_002,CDS,240912,241206,-,294,PROKKA_00833,sdpR,Transcriptional repressor SdpR,BS:PROKKA_00833,,,ab initio prediction:Prodigal:2.6;similar to AA sequence:UniProtKB:O32242,892023,892317
S1A_contig_002,CDS,241438,242875,+,1437,PROKKA_00834,,hypothetical protein,BS:PROKKA_00834,,,ab initio prediction:Prodigal:2.6;protein motif:CLUSTERS:PRK07883,892549,893986
S1A_contig_002,CDS,242909,243338,+,429,PROKKA_00835,ohrB_2,Organic hydroperoxide resistance protein OhrB,BS:PROKKA_00835,,,ab initio prediction:Prodigal:2.6;similar to AA sequence:UniProtKB:P80242,894020,894449
S1A_contig_002,CDS,243728,244748,+,1020,PROKKA_00836,dhaK_1,"PTS-dependent dihydroxyacetone kinase, dihydroxyacetone-binding subunit DhaK",BS:PROKKA_00836,2.7.-.-,,ab initio prediction:Prodigal:2.6;similar to AA sequence:UniProtKB:Q9CIV8,894839,895859
S1A_contig_002,CDS,244734,245316,+,582,PROKKA_00837,dhaL_1,"PTS-dependent dihydroxyacetone kinase, ADP-binding subunit DhaL",BS:PROKKA_00837,2.7.-.-,,ab initio prediction:Prodigal:2.6;similar to AA sequence:UniProtKB:Q9CIV7,895845,896427
S1A_contig_002,CDS,245365,245734,+,369,PROKKA_00838,dhaM,"PTS-dependent dihydroxyacetone kinase, phosphotransferase subunit DhaM",BS:PROKKA_00838,2.7.1.-,,ab initio prediction:Prodigal:2.6;similar to AA sequence:UniProtKB:Q9CIV6,896476,896845
S1A_contig_002,CDS,245818,246382,+,564,PROKKA_00839,dhaS,HTH-type dhaKLM operon transcriptional activator DhaS,BS:PROKKA_00839,,,ab initio prediction:Prodigal:2.6;similar to AA sequence:UniProtKB:Q9CIV9,896929,897493
S1A_contig_002,CDS,246477,246606,+,129,PROKKA_00840,,hypothetical protein,BS:PROKKA_00840,,,ab initio prediction:Prodigal:2.6,897588,897717
S1A_contig_002,CDS,246617,248312,+,1695,PROKKA_00841,sph,Oleate hydratase,BS:PROKKA_00841,4.2.1.53,,ab initio prediction:Prodigal:2.6;similar to AA sequence:UniProtKB:B5XK69,897728,899423
S1A_contig_002,CDS,248458,249439,+,981,PROKKA_00842,,hypothetical protein,BS:PROKKA_00842,,,ab initio prediction:Prodigal:2.6,899569,900550
S1A_contig_002,CDS,249558,250575,-,1017,PROKKA_00843,,Penicillin acylase precursor,BS:PROKKA_00843,3.5.1.11,,ab initio prediction:Prodigal:2.6;similar to AA sequence:UniProtKB:P12256,900669,901686
S1A_contig_002,CDS,250731,251598,-,867,PROKKA_00844,metQ_1,Methionine-binding lipoprotein MetQ precursor,BS:PROKKA_00844,,,ab initio prediction:Prodigal:2.6;similar to AA sequence:UniProtKB:O32167,901842,902709
S1A_contig_002,CDS,252132,253563,-,1431,PROKKA_00845,abgB,p-aminobenzoyl-glutamate hydrolase subunit B,BS:PROKKA_00845,3.5.1.-,,ab initio prediction:Prodigal:2.6;similar to AA sequence:UniProtKB:P76052,903243,904674
S1A_contig_002,CDS,253584,254784,-,1200,PROKKA_00846,sauU,putative sulfoacetate transporter SauU,BS:PROKKA_00846,,,ab initio prediction:Prodigal:2.6;similar to AA sequence:UniProtKB:Q0K843,904695,905895
S1A_contig_002,CDS,255008,257234,-,2226,PROKKA_00847,rhaS,HTH-type transcriptional activator RhaS,BS:PROKKA_00847,,,ab initio prediction:Prodigal:2.6;similar to AA sequence:UniProtKB:P09377,906119,908345
S1A_contig_002,CDS,257582,260315,+,2733,PROKKA_00848,,ABC-2 family transporter protein,BS:PROKKA_00848,,,ab initio prediction:Prodigal:2.6;protein motif:Pfam:PF12698.1,908693,911426
S1A_contig_002,CDS,261279,262989,+,1710,PROKKA_00849,,putative ABC transporter ATP-binding protein,BS:PROKKA_00849,,,ab initio prediction:Prodigal:2.6;similar to AA sequence:UniProtKB:Q9WYC4,912390,914100
S1A_contig_002,CDS,262981,264793,+,1812,PROKKA_00850,,putative ABC transporter ATP-binding protein,BS:PROKKA_00850,,,ab initio prediction:Prodigal:2.6;similar to AA sequence:UniProtKB:Q9WYC4,914092,915904
S1A_contig_002,CDS,264975,266664,-,1689,PROKKA_00851,malL_2,"Oligo-1,6-glucosidase",BS:PROKKA_00851,3.2.1.10,,ab initio prediction:Prodigal:2.6;similar to AA sequence:UniProtKB:P29094,916086,917775
S1A_contig_002,CDS,266653,267070,-,417,PROKKA_00852,,PTS system fructose IIA component,BS:PROKKA_00852,,,ab initio prediction:Prodigal:2.6;protein motif:Pfam:PF03610.10,917764,918181
S1A_contig_002,CDS,267159,269403,-,2244,PROKKA_00853,yicI_2,Alpha-xylosidase,BS:PROKKA_00853,3.2.1.177,,ab initio prediction:Prodigal:2.6;similar to AA sequence:UniProtKB:P31434,918270,920514
S1A_contig_002,CDS,269432,270284,-,852,PROKKA_00854,manZ_5,Mannose permease IID component,BS:PROKKA_00854,,,ab initio prediction:Prodigal:2.6;similar to AA sequence:UniProtKB:P69805,920543,921395
S1A_contig_002,CDS,270276,271086,-,810,PROKKA_00855,agaC_3,N-acetylgalactosamine permease IIC component 1,BS:PROKKA_00855,,,ab initio prediction:Prodigal:2.6;similar to AA sequence:UniProtKB:P42910,921387,922197
S1A_contig_002,CDS,271128,271620,-,492,PROKKA_00856,levE_2,Fructose-specific phosphotransferase enzyme IIB component,BS:PROKKA_00856,2.7.1.69,,ab initio prediction:Prodigal:2.6;similar to AA sequence:UniProtKB:P26380,922239,922731
S1A_contig_002,CDS,271671,272679,-,1008,PROKKA_00857,ccpA_1,Catabolite control protein A,BS:PROKKA_00857,,,ab initio prediction:Prodigal:2.6;similar to AA sequence:UniProtKB:P25144,922782,923790
S1A_contig_002,CDS,272919,273189,+,270,PROKKA_00858,,hypothetical protein,BS:PROKKA_00858,,,ab initio prediction:Prodigal:2.6,924030,924300
S1A_contig_002,CDS,273495,274323,+,828,PROKKA_00859,yidA_3,Sugar phosphatase YidA,BS:PROKKA_00859,3.1.3.23,,ab initio prediction:Prodigal:2.6;similar to AA sequence:UniProtKB:P0A8Y5,924606,925434
S1A_contig_002,CDS,274686,276057,+,1371,PROKKA_00860,npr,NADH peroxidase,BS:PROKKA_00860,1.11.1.1,,ab initio prediction:Prodigal:2.6;similar to AA sequence:UniProtKB:P37062,925797,927168
S1A_contig_002,CDS,276347,276716,+,369,PROKKA_00861,,hypothetical protein,BS:PROKKA_00861,,,ab initio prediction:Prodigal:2.6,927458,927827
S1A_contig_002,CDS,276715,276976,+,261,PROKKA_00862,,helix-turn-helix protein,BS:PROKKA_00862,,,ab initio prediction:Prodigal:2.6;protein motif:Pfam:PF01381.16,927826,928087
S1A_contig_002,CDS,277088,277778,-,690,PROKKA_00863,lolD,Lipoprotein-releasing system ATP-binding protein LolD,BS:PROKKA_00863,3.6.3.-,,ab initio prediction:Prodigal:2.6;similar to AA sequence:UniProtKB:P75957,928199,928889
S1A_contig_002,CDS,277782,278844,-,1062,PROKKA_00864,,FtsX-like permease family protein,BS:PROKKA_00864,,,ab initio prediction:Prodigal:2.6;protein motif:Pfam:PF02687.15,928893,929955
S1A_contig_002,CDS,278848,279352,-,504,PROKKA_00865,,"Bacterial regulatory proteins, tetR family",BS:PROKKA_00865,,,ab initio prediction:Prodigal:2.6;protein motif:Pfam:PF00440.17,929959,930463
S1A_contig_002,CDS,279561,280326,-,765,PROKKA_00866,,Glycosyl hydrolases family 25,BS:PROKKA_00866,,,ab initio prediction:Prodigal:2.6;protein motif:Pfam:PF01183.14,930672,931437
S1A_contig_002,CDS,280336,280489,-,153,PROKKA_00867,,YvrJ protein family protein,BS:PROKKA_00867,,,ab initio prediction:Prodigal:2.6;protein motif:Pfam:PF12841.1,931447,931600
S1A_contig_002,CDS,280656,281187,-,531,PROKKA_00868,,hypothetical protein,BS:PROKKA_00868,,,ab initio prediction:Prodigal:2.6,931767,932298
S1A_contig_002,CDS,281588,282857,+,1269,PROKKA_00869,kgtP,Alpha-ketoglutarate permease,BS:PROKKA_00869,,,ab initio prediction:Prodigal:2.6;similar to AA sequence:UniProtKB:P0AEX3,932699,933968
S1A_contig_002,CDS,282981,283626,-,645,PROKKA_00870,,Nitroreductase family protein,BS:PROKKA_00870,,,ab initio prediction:Prodigal:2.6;protein motif:Pfam:PF00881.18,934092,934737
S1A_contig_002,CDS,283794,284118,+,324,PROKKA_00871,yybR_2,putative HTH-type transcriptional regulator YybR,BS:PROKKA_00871,,,ab initio prediction:Prodigal:2.6;similar to AA sequence:UniProtKB:P37486,934905,935229
S1A_contig_002,CDS,284461,285637,-,1176,PROKKA_00872,mtlD_2,Mannitol-1-phosphate 5-dehydrogenase,BS:PROKKA_00872,1.1.1.17,,ab initio prediction:Prodigal:2.6;similar to AA sequence:UniProtKB:Q83PQ0,935572,936748
S1A_contig_002,CDS,285718,287644,-,1926,PROKKA_00873,mtlA_2,PTS system mannitol-specific EIICBA component,BS:PROKKA_00873,,,ab initio prediction:Prodigal:2.6;similar to AA sequence:UniProtKB:P00550,936829,938755
S1A_contig_002,CDS,287706,288510,-,804,PROKKA_00874,fabG_3,3-oxoacyl-[acyl-carrier-protein] reductase FabG,BS:PROKKA_00874,1.1.1.100,,ab initio prediction:Prodigal:2.6;similar to AA sequence:UniProtKB:P0AEK2,938817,939621
S1A_contig_002,CDS,288725,289499,+,774,PROKKA_00875,glcR_2,HTH-type transcriptional repressor GlcR,BS:PROKKA_00875,,,ab initio prediction:Prodigal:2.6;similar to AA sequence:UniProtKB:P94591,939836,940610
S1A_contig_002,CDS,289619,290183,-,564,PROKKA_00876,hxlB_1,3-hexulose-6-phosphate isomerase,BS:PROKKA_00876,5.3.1.27,,ab initio prediction:Prodigal:2.6;similar to AA sequence:UniProtKB:P42404,940730,941294
S1A_contig_002,CDS,290198,290846,-,648,PROKKA_00877,,3-hexulose-6-phosphate synthase,BS:PROKKA_00877,4.1.2.43,,ab initio prediction:Prodigal:2.6;similar to AA sequence:UniProtKB:Q7A774,941309,941957
S1A_contig_002,CDS,291019,291781,+,762,PROKKA_00878,glpR_2,Glycerol-3-phosphate regulon repressor,BS:PROKKA_00878,,,ab initio prediction:Prodigal:2.6;similar to AA sequence:UniProtKB:P0ACL0,942130,942892
S1A_contig_002,CDS,291818,292481,+,663,PROKKA_00879,,Phosphorylated carbohydrates phosphatase,BS:PROKKA_00879,3.1.3.-,,ab initio prediction:Prodigal:2.6;similar to AA sequence:UniProtKB:Q9X0Y1,942929,943592
S1A_contig_002,CDS,292844,293105,+,261,PROKKA_00880,,hypothetical protein,BS:PROKKA_00880,,,ab initio prediction:Prodigal:2.6,943955,944216
S1A_contig_002,CDS,293560,293878,-,318,PROKKA_00881,,hypothetical protein,BS:PROKKA_00881,,,ab initio prediction:Prodigal:2.6,944671,944989
S1A_contig_002,CDS,293911,294757,-,846,PROKKA_00882,manZ_6,Mannose permease IID component,BS:PROKKA_00882,,,ab initio prediction:Prodigal:2.6;similar to AA sequence:UniProtKB:P69805,945022,945868
S1A_contig_002,CDS,294759,295623,-,864,PROKKA_00883,manY_3,Mannose permease IIC component,BS:PROKKA_00883,,,ab initio prediction:Prodigal:2.6;similar to AA sequence:UniProtKB:P69801,945870,946734
S1A_contig_002,CDS,295774,296269,-,495,PROKKA_00884,levE_3,Fructose-specific phosphotransferase enzyme IIB component,BS:PROKKA_00884,2.7.1.69,,ab initio prediction:Prodigal:2.6;similar to AA sequence:UniProtKB:P26380,946885,947380
S1A_contig_002,CDS,296281,296719,-,438,PROKKA_00885,manX_4,PTS system mannose-specific EIIAB component,BS:PROKKA_00885,,,ab initio prediction:Prodigal:2.6;similar to AA sequence:UniProtKB:P69797,947392,947830
S1A_contig_002,CDS,297002,299537,+,2535,PROKKA_00886,,PRD domain protein,BS:PROKKA_00886,,,ab initio prediction:Prodigal:2.6;protein motif:Pfam:PF00874.14,948113,950648
S1A_contig_002,CDS,299773,299878,-,105,PROKKA_00887,,hypothetical protein,BS:PROKKA_00887,,,ab initio prediction:Prodigal:2.6,950884,950989
S1A_contig_002,CDS,299831,300143,-,312,PROKKA_00888,,hypothetical protein,BS:PROKKA_00888,,,ab initio prediction:Prodigal:2.6,950942,951254
S1A_contig_002,CDS,300926,301142,-,216,PROKKA_00889,,DNA-binding transcriptional regulator MelR,BS:PROKKA_00889,,,ab initio prediction:Prodigal:2.6;protein motif:CLUSTERS:PRK10371,952037,952253
S1A_contig_002,CDS,301319,302147,-,828,PROKKA_00890,ecfT_1,Energy-coupling factor transporter transmembrane protein EcfT,BS:PROKKA_00890,,,ab initio prediction:Prodigal:2.6;similar to AA sequence:UniProtKB:Q03PY7,952430,953258
S1A_contig_002,CDS,302143,303844,-,1701,PROKKA_00891,ykoD_1,Putative HMP/thiamine import ATP-binding protein YkoD,BS:PROKKA_00891,3.6.3.-,,ab initio prediction:Prodigal:2.6;similar to AA sequence:UniProtKB:O34362,953254,954955
S1A_contig_002,CDS,303845,304406,-,561,PROKKA_00892,,hypothetical protein,BS:PROKKA_00892,,,ab initio prediction:Prodigal:2.6,954956,955517
S1A_contig_002,CDS,304497,305340,-,843,PROKKA_00893,salL,Adenosyl-chloride synthase,BS:PROKKA_00893,2.5.1.94,,ab initio prediction:Prodigal:2.6;similar to AA sequence:UniProtKB:A4X3Q0,955608,956451
S1A_contig_002,CDS,305613,306501,-,888,PROKKA_00894,gltC_3,HTH-type transcriptional regulator GltC,BS:PROKKA_00894,,,ab initio prediction:Prodigal:2.6;similar to AA sequence:UniProtKB:P20668,956724,957612
S1A_contig_002,CDS,306654,307932,+,1278,PROKKA_00895,,dihydrolipoamide dehydrogenase,BS:PROKKA_00895,,,ab initio prediction:Prodigal:2.6;protein motif:CLUSTERS:PRK06416,957765,959043
S1A_contig_002,CDS,307933,309418,+,1485,PROKKA_00896,sdcS,Sodium-dependent dicarboxylate transporter SdcS,BS:PROKKA_00896,,,ab initio prediction:Prodigal:2.6;similar to AA sequence:UniProtKB:Q7A4P8,959044,960529
S1A_contig_002,CDS,309584,310478,-,894,PROKKA_00897,fbaA_1,putative fructose-bisphosphate aldolase,BS:PROKKA_00897,4.1.2.13,,ab initio prediction:Prodigal:2.6;similar to AA sequence:UniProtKB:P13243,960695,961589
S1A_contig_002,CDS,310666,311515,-,849,PROKKA_00898,manZ_7,Mannose permease IID component,BS:PROKKA_00898,,,ab initio prediction:Prodigal:2.6;similar to AA sequence:UniProtKB:P69805,961777,962626
S1A_contig_002,CDS,311533,312367,-,834,PROKKA_00899,manY_4,Mannose permease IIC component,BS:PROKKA_00899,,,ab initio prediction:Prodigal:2.6;similar to AA sequence:UniProtKB:P69801,962644,963478
S1A_contig_002,CDS,312380,312875,-,495,PROKKA_00900,sorB_2,Sorbose-specific phosphotransferase enzyme IIB component,BS:PROKKA_00900,2.7.1.69,,ab initio prediction:Prodigal:2.6;similar to AA sequence:UniProtKB:P37081,963491,963986
S1A_contig_002,CDS,312874,313291,-,417,PROKKA_00901,manX_5,PTS system mannose-specific EIIAB component,BS:PROKKA_00901,,,ab initio prediction:Prodigal:2.6;similar to AA sequence:UniProtKB:P69797,963985,964402
S1A_contig_002,CDS,313321,314122,-,801,PROKKA_00902,fabG_4,3-oxoacyl-[acyl-carrier-protein] reductase FabG,BS:PROKKA_00902,1.1.1.100,,ab initio prediction:Prodigal:2.6;similar to AA sequence:UniProtKB:O67610,964432,965233
S1A_contig_002,CDS,314258,315215,+,957,PROKKA_00903,sorC,Sorbitol operon regulator,BS:PROKKA_00903,,,ab initio prediction:Prodigal:2.6;similar to AA sequence:UniProtKB:P37078,965369,966326
S1A_contig_002,CDS,315345,316584,+,1239,PROKKA_00904,gutB_3,Sorbitol dehydrogenase,BS:PROKKA_00904,1.1.1.14,,ab initio prediction:Prodigal:2.6;similar to AA sequence:UniProtKB:Q06004,966456,967695
S1A_contig_002,CDS,316751,317492,-,741,PROKKA_00905,yurK,putative HTH-type transcriptional regulator YurK,BS:PROKKA_00905,,,ab initio prediction:Prodigal:2.6;similar to AA sequence:UniProtKB:O32152,967862,968603
S1A_contig_002,CDS,317588,318152,-,564,PROKKA_00906,hxlB_2,3-hexulose-6-phosphate isomerase,BS:PROKKA_00906,5.3.1.27,,ab initio prediction:Prodigal:2.6;similar to AA sequence:UniProtKB:P42404,968699,969263
S1A_contig_002,CDS,318148,318811,-,663,PROKKA_00907,,3-hexulose-6-phosphate synthase,BS:PROKKA_00907,4.1.2.43,,ab initio prediction:Prodigal:2.6;similar to AA sequence:UniProtKB:Q7A774,969259,969922
S1A_contig_002,CDS,318823,319834,-,1011,PROKKA_00908,dhaK_2,"PTS-dependent dihydroxyacetone kinase, dihydroxyacetone-binding subunit DhaK",BS:PROKKA_00908,2.7.-.-,,ab initio prediction:Prodigal:2.6;similar to AA sequence:UniProtKB:Q9CIV8,969934,970945
S1A_contig_002,CDS,319854,320499,-,645,PROKKA_00909,dhaL_2,"PTS-dependent dihydroxyacetone kinase, ADP-binding subunit DhaL",BS:PROKKA_00909,2.7.-.-,,ab initio prediction:Prodigal:2.6;similar to AA sequence:UniProtKB:P76014,970965,971610
S1A_contig_002,CDS,320513,321689,-,1176,PROKKA_00910,mtlD_3,Mannitol-1-phosphate 5-dehydrogenase,BS:PROKKA_00910,1.1.1.17,,ab initio prediction:Prodigal:2.6;similar to AA sequence:UniProtKB:Q83PQ0,971624,972800
S1A_contig_002,CDS,321707,322583,-,876,PROKKA_00911,manZ_8,Mannose permease IID component,BS:PROKKA_00911,,,ab initio prediction:Prodigal:2.6;similar to AA sequence:UniProtKB:P69805,972818,973694
S1A_contig_002,CDS,322582,323332,-,750,PROKKA_00912,manY_5,Mannose permease IIC component,BS:PROKKA_00912,,,ab initio prediction:Prodigal:2.6;similar to AA sequence:UniProtKB:P69801,973693,974443
S1A_contig_002,CDS,323333,323837,-,504,PROKKA_00913,manX_6,PTS system mannose-specific EIIAB component,BS:PROKKA_00913,,,ab initio prediction:Prodigal:2.6;similar to AA sequence:UniProtKB:P69797,974444,974948
S1A_contig_002,CDS,323836,324283,-,447,PROKKA_00914,manX_7,PTS system mannose-specific EIIAB component,BS:PROKKA_00914,,,ab initio prediction:Prodigal:2.6;similar to AA sequence:UniProtKB:P69797,974947,975394
S1A_contig_002,CDS,324275,325076,-,801,PROKKA_00915,fabG_5,3-oxoacyl-[acyl-carrier-protein] reductase FabG,BS:PROKKA_00915,1.1.1.100,,ab initio prediction:Prodigal:2.6;similar to AA sequence:UniProtKB:P99093,975386,976187
S1A_contig_002,CDS,325282,327226,-,1944,PROKKA_00916,fruA_2,PTS system fructose-specific EIIABC component,BS:PROKKA_00916,,,ab initio prediction:Prodigal:2.6;similar to AA sequence:UniProtKB:P71012,976393,978337
S1A_contig_002,CDS,327265,328132,-,867,PROKKA_00917,fbaA_2,putative fructose-bisphosphate aldolase,BS:PROKKA_00917,4.1.2.13,,ab initio prediction:Prodigal:2.6;similar to AA sequence:UniProtKB:P13243,978376,979243
S1A_contig_002,CDS,328121,329987,-,1866,PROKKA_00918,licR_5,putative licABCH operon regulator,BS:PROKKA_00918,,,ab initio prediction:Prodigal:2.6;similar to AA sequence:UniProtKB:P46321,979232,981098
S1A_contig_002,CDS,330341,332066,-,1725,PROKKA_00919,,putative frv operon regulatory protein,BS:PROKKA_00919,,,ab initio prediction:Prodigal:2.6;protein motif:CLUSTERS:PRK09863,981452,983177
S1A_contig_002,CDS,332067,333234,-,1167,PROKKA_00920,patB_1,Cystathionine beta-lyase PatB,BS:PROKKA_00920,4.4.1.8,,ab initio prediction:Prodigal:2.6;similar to AA sequence:UniProtKB:Q08432,983178,984345
S1A_contig_002,CDS,333298,334846,-,1548,PROKKA_00921,fruA_3,PTS system fructose-specific EIIBC component,BS:PROKKA_00921,,,ab initio prediction:Prodigal:2.6;similar to AA sequence:UniProtKB:P23355,984409,985957
S1A_contig_002,CDS,334882,335326,-,444,PROKKA_00922,fruA_4,PTS system fructose-specific EIIABC component,BS:PROKKA_00922,,,ab initio prediction:Prodigal:2.6;similar to AA sequence:UniProtKB:P71012,985993,986437
S1A_contig_002,CDS,335508,336975,-,1467,PROKKA_00923,xylB_2,Xylulose kinase,BS:PROKKA_00923,2.7.1.17,,ab initio prediction:Prodigal:2.6;similar to AA sequence:UniProtKB:P35850,986619,988086
S1A_contig_002,CDS,337093,337780,-,687,PROKKA_00924,,hypothetical protein,BS:PROKKA_00924,,,ab initio prediction:Prodigal:2.6,988204,988891
S1A_contig_002,CDS,337786,338761,-,975,PROKKA_00925,,hypothetical protein,BS:PROKKA_00925,,,ab initio prediction:Prodigal:2.6,988897,989872
S1A_contig_002,CDS,338783,339869,-,1086,PROKKA_00926,fruA_5,PTS system fructose-specific EIIBC component,BS:PROKKA_00926,,,ab initio prediction:Prodigal:2.6;similar to AA sequence:UniProtKB:P23355,989894,990980
S1A_contig_002,CDS,339884,340202,-,318,PROKKA_00927,manP_1,PTS system mannose-specific EIIBCA component,BS:PROKKA_00927,,,ab initio prediction:Prodigal:2.6;similar to AA sequence:UniProtKB:O31645,990995,991313
S1A_contig_002,CDS,340198,340672,-,474,PROKKA_00928,hrsA,Heat-responsive suppressor HrsA,BS:PROKKA_00928,,,ab initio prediction:Prodigal:2.6;similar to AA sequence:UniProtKB:P54745,991309,991783
S1A_contig_002,CDS,340701,341643,-,942,PROKKA_00929,fba_2,Fructose-bisphosphate aldolase,BS:PROKKA_00929,4.1.2.13,,ab initio prediction:Prodigal:2.6;similar to AA sequence:UniProtKB:Q703I2,991812,992754
S1A_contig_002,CDS,341644,342115,-,471,PROKKA_00930,,PTS system sugar transporter subunit IIA,BS:PROKKA_00930,,,ab initio prediction:Prodigal:2.6;protein motif:CLUSTERS:PRK10896,992755,993226
S1A_contig_002,CDS,342116,343574,-,1458,PROKKA_00931,licR_6,putative licABCH operon regulator,BS:PROKKA_00931,,,ab initio prediction:Prodigal:2.6;similar to AA sequence:UniProtKB:P46321,993227,994685
S1A_contig_002,CDS,343983,345279,-,1296,PROKKA_00932,rpoN1,RNA polymerase sigma-54 factor 1,BS:PROKKA_00932,,,ab initio prediction:Prodigal:2.6;similar to AA sequence:UniProtKB:P30332,995094,996390
S1A_contig_002,CDS,345320,348059,-,2739,PROKKA_00933,nifA,Nif-specific regulatory protein,BS:PROKKA_00933,,,ab initio prediction:Prodigal:2.6;similar to AA sequence:UniProtKB:P03028,996431,999170
S1A_contig_003,CDS,414,972,+,558,PROKKA_00934,ccpN,Transcriptional repressor CcpN,BS:PROKKA_00934,,,ab initio prediction:Prodigal:2.6;similar to AA sequence:UniProtKB:O34994,999840,1000398
S1A_contig_003,CDS,1133,3764,+,2631,PROKKA_00935,ppdK,"Pyruvate, phosphate dikinase",BS:PROKKA_00935,2.7.9.1,,ab initio prediction:Prodigal:2.6;similar to AA sequence:UniProtKB:P22983,1000559,1003190
S1A_contig_003,CDS,3920,5975,-,2055,PROKKA_00936,,potassium transport protein Kup,BS:PROKKA_00936,,,ab initio prediction:Prodigal:2.6;protein motif:CLUSTERS:PRK10745,1003346,1005401
S1A_contig_003,CDS,6136,7015,-,879,PROKKA_00937,skfE,SkfA peptide export ATP-binding protein SkfE,BS:PROKKA_00937,3.6.3.25,,ab initio prediction:Prodigal:2.6;similar to AA sequence:UniProtKB:O31427,1005562,1006441
S1A_contig_003,CDS,7200,8394,-,1194,PROKKA_00938,,hypothetical protein,BS:PROKKA_00938,,,ab initio prediction:Prodigal:2.6,1006626,1007820
S1A_contig_003,CDS,8393,9494,-,1101,PROKKA_00939,,ABC-2 family transporter protein,BS:PROKKA_00939,,,ab initio prediction:Prodigal:2.6;protein motif:Pfam:PF12730.1,1007819,1008920
S1A_contig_003,CDS,9721,11068,-,1347,PROKKA_00940,pepC,Aminopeptidase C,BS:PROKKA_00940,3.4.22.40,,ab initio prediction:Prodigal:2.6;similar to AA sequence:UniProtKB:Q04723,1009147,1010494
S1A_contig_003,CDS,11301,12621,-,1320,PROKKA_00941,pepE,Aminopeptidase E,BS:PROKKA_00941,3.4.22.-,,ab initio prediction:Prodigal:2.6;similar to AA sequence:UniProtKB:P94870,1010727,1012047
S1A_contig_003,CDS,12865,13243,+,378,PROKKA_00942,yhaI,Inner membrane protein YhaI,BS:PROKKA_00942,,,ab initio prediction:Prodigal:2.6;similar to AA sequence:UniProtKB:P64592,1012291,1012669
S1A_contig_003,CDS,13358,13649,-,291,PROKKA_00943,,Acetyltransferase (GNAT) family protein,BS:PROKKA_00943,,,ab initio prediction:Prodigal:2.6;protein motif:Pfam:PF00583.18,1012784,1013075
S1A_contig_003,CDS,13869,14412,+,543,PROKKA_00944,dut,Deoxyuridine 5'-triphosphate nucleotidohydrolase,BS:PROKKA_00944,3.6.1.23,,ab initio prediction:Prodigal:2.6;similar to AA sequence:UniProtKB:P06968,1013295,1013838
S1A_contig_003,CDS,14428,15793,+,1365,PROKKA_00945,,hypothetical protein,BS:PROKKA_00945,,,ab initio prediction:Prodigal:2.6;similar to AA sequence:UniProtKB:A0R563,1013854,1015219
S1A_contig_003,CDS,15814,16930,+,1116,PROKKA_00946,,putative PIN and TRAM-domain containing protein precursor,BS:PROKKA_00946,3.1.-.-,,ab initio prediction:Prodigal:2.6;similar to AA sequence:UniProtKB:Q5SKV3,1015240,1016356
S1A_contig_003,CDS,17042,17939,-,897,PROKKA_00947,,Helix-turn-helix domain protein,BS:PROKKA_00947,,,ab initio prediction:Prodigal:2.6;protein motif:Pfam:PF12844.1,1016468,1017365
S1A_contig_003,CDS,18122,19010,+,888,PROKKA_00948,ecsA_1,ABC-type transporter ATP-binding protein EcsA,BS:PROKKA_00948,,,ab initio prediction:Prodigal:2.6;similar to AA sequence:UniProtKB:P55339,1017548,1018436
S1A_contig_003,CDS,19027,19804,+,777,PROKKA_00949,,ABC-2 family transporter protein,BS:PROKKA_00949,,,ab initio prediction:Prodigal:2.6;protein motif:Pfam:PF12679.1,1018453,1019230
S1A_contig_003,CDS,20121,21393,+,1272,PROKKA_00950,inlJ,Internalin-J precursor,BS:PROKKA_00950,,,ab initio prediction:Prodigal:2.6;similar to AA sequence:UniProtKB:Q8Y3L4,1019547,1020819
S1A_contig_003,CDS,21556,21931,+,375,PROKKA_00951,ytrA_1,HTH-type transcriptional repressor YtrA,BS:PROKKA_00951,,,ab initio prediction:Prodigal:2.6;similar to AA sequence:UniProtKB:O34712,1020982,1021357
S1A_contig_003,CDS,21937,22954,+,1017,PROKKA_00952,,hypothetical protein,BS:PROKKA_00952,,,ab initio prediction:Prodigal:2.6,1021363,1022380
S1A_contig_003,CDS,22966,23806,+,840,PROKKA_00953,,hypothetical protein,BS:PROKKA_00953,,,ab initio prediction:Prodigal:2.6,1022392,1023232
S1A_contig_003,CDS,23951,24782,-,831,PROKKA_00954,ybbH_2,putative HTH-type transcriptional regulator YbbH,BS:PROKKA_00954,,,ab initio prediction:Prodigal:2.6;similar to AA sequence:UniProtKB:Q45581,1023377,1024208
S1A_contig_003,CDS,24965,25637,+,672,PROKKA_00955,rpiA_3,Ribose-5-phosphate isomerase A,BS:PROKKA_00955,5.3.1.6,,ab initio prediction:Prodigal:2.6;similar to AA sequence:UniProtKB:Q72J47,1024391,1025063
S1A_contig_003,CDS,25752,26733,+,981,PROKKA_00956,afr_1,"1,5-anhydro-D-fructose reductase",BS:PROKKA_00956,1.1.1.292,,ab initio prediction:Prodigal:2.6;similar to AA sequence:UniProtKB:Q92KZ3,1025178,1026159
S1A_contig_003,CDS,26880,28374,+,1494,PROKKA_00957,gltX,Glutamate--tRNA ligase,BS:PROKKA_00957,6.1.1.17,,ab initio prediction:Prodigal:2.6;similar to AA sequence:UniProtKB:P99170,1026306,1027800
S1A_contig_003,CDS,28607,28715,+,108,PROKKA_00958,,hypothetical protein,BS:PROKKA_00958,,,ab initio prediction:Prodigal:2.6,1028033,1028141
S1A_contig_003,CDS,29040,29628,+,588,PROKKA_00959,,hypothetical protein,BS:PROKKA_00959,,,ab initio prediction:Prodigal:2.6,1028466,1029054
S1A_contig_003,CDS,29753,31148,+,1395,PROKKA_00960,,putative FAD-linked oxidoreductase,BS:PROKKA_00960,1.-.-.-,,ab initio prediction:Prodigal:2.6;similar to AA sequence:UniProtKB:Q50685,1029179,1030574
S1A_contig_003,CDS,31388,32795,+,1407,PROKKA_00961,cysS,Cysteine--tRNA ligase,BS:PROKKA_00961,6.1.1.16,,ab initio prediction:Prodigal:2.6;similar to AA sequence:UniProtKB:Q06752,1030814,1032221
S1A_contig_003,CDS,32791,33220,+,429,PROKKA_00962,mrnC,Mini-ribonuclease 3,BS:PROKKA_00962,3.1.26.-,,ab initio prediction:Prodigal:2.6;similar to AA sequence:UniProtKB:O31418,1032217,1032646
S1A_contig_003,CDS,33191,33971,+,780,PROKKA_00963,,Putative TrmH family tRNA/rRNA methyltransferase,BS:PROKKA_00963,2.1.1.-,,ab initio prediction:Prodigal:2.6;similar to AA sequence:UniProtKB:Q7A794,1032617,1033397
S1A_contig_003,CDS,33971,34511,+,540,PROKKA_00964,,YacP-like NYN domain protein,BS:PROKKA_00964,,,ab initio prediction:Prodigal:2.6;protein motif:Pfam:PF05991.5,1033397,1033937
S1A_contig_003,CDS,34713,35055,-,342,PROKKA_00965,,hypothetical protein,BS:PROKKA_00965,,,ab initio prediction:Prodigal:2.6,1034139,1034481
S1A_contig_003,CDS,35550,36606,+,1056,PROKKA_00966,luxA,Alkanal monooxygenase alpha chain,BS:PROKKA_00966,1.14.14.3,,ab initio prediction:Prodigal:2.6;similar to AA sequence:UniProtKB:P07740,1034976,1036032
S1A_contig_003,CDS,36602,37286,+,684,PROKKA_00967,,NADP oxidoreductase coenzyme F420-dependent,BS:PROKKA_00967,,,ab initio prediction:Prodigal:2.6;protein motif:Pfam:PF03807.11,1036028,1036712
S1A_contig_003,CDS,37459,37702,+,243,PROKKA_00968,,hypothetical protein,BS:PROKKA_00968,,,ab initio prediction:Prodigal:2.6,1036885,1037128
S1A_contig_003,CDS,38392,39370,-,978,PROKKA_00969,hexs-b_1,"Hexaprenyl-diphosphate synthase large subunit ((2E,6E)-farnesyl-diphosphate specific)",BS:PROKKA_00969,2.5.1.83,,ab initio prediction:Prodigal:2.6;similar to AA sequence:UniProtKB:O66129,1037818,1038796
S1A_contig_003,CDS,39344,39932,-,588,PROKKA_00970,,Heptaprenyl diphosphate synthase component I,BS:PROKKA_00970,,,ab initio prediction:Prodigal:2.6;protein motif:Pfam:PF07456.5,1038770,1039358
S1A_contig_003,CDS,39928,40372,-,444,PROKKA_00971,,hypothetical protein,BS:PROKKA_00971,,,ab initio prediction:Prodigal:2.6,1039354,1039798
S1A_contig_003,CDS,40546,42445,-,1899,PROKKA_00972,yjlD,NADH dehydrogenase-like protein YjlD,BS:PROKKA_00972,1.6.99.-,,ab initio prediction:Prodigal:2.6;similar to AA sequence:UniProtKB:P80861,1039972,1041871
S1A_contig_003,CDS,42731,43646,+,915,PROKKA_00973,,FMN-binding domain protein,BS:PROKKA_00973,,,ab initio prediction:Prodigal:2.6;protein motif:Pfam:PF04205.8,1042157,1043072
S1A_contig_003,CDS,43821,44889,+,1068,PROKKA_00974,apbE_1,Thiamine biosynthesis lipoprotein ApbE precursor,BS:PROKKA_00974,,,ab initio prediction:Prodigal:2.6;similar to AA sequence:UniProtKB:O83774,1043247,1044315
S1A_contig_003,CDS,44900,45839,+,939,PROKKA_00975,,"1,4-dihydroxy-2-naphthoate octaprenyltransferase",BS:PROKKA_00975,,,ab initio prediction:Prodigal:2.6;protein motif:CLUSTERS:PRK06080,1044326,1045265
S1A_contig_003,CDS,45835,46795,+,960,PROKKA_00976,,"1,4-dihydroxy-2-naphthoate octaprenyltransferase",BS:PROKKA_00976,,,ab initio prediction:Prodigal:2.6;protein motif:CLUSTERS:PRK06080,1045261,1046221
S1A_contig_003,CDS,47147,47318,+,171,PROKKA_00977,,preprotein translocase subunit SecE,BS:PROKKA_00977,,,ab initio prediction:Prodigal:2.6;protein motif:CLUSTERS:PRK07597,1046573,1046744
S1A_contig_003,CDS,47421,47976,+,555,PROKKA_00978,,hypothetical protein,BS:PROKKA_00978,,,ab initio prediction:Prodigal:2.6;similar to AA sequence:UniProtKB:P0A096,1046847,1047402
S1A_contig_003,CDS,47985,48831,+,846,PROKKA_00979,,Alpha/beta hydrolase family protein,BS:PROKKA_00979,,,ab initio prediction:Prodigal:2.6;protein motif:Pfam:PF12697.1,1047411,1048257
S1A_contig_003,CDS,48868,49312,+,444,PROKKA_00980,,Nucleoside 2-deoxyribosyltransferase,BS:PROKKA_00980,,,ab initio prediction:Prodigal:2.6;protein motif:Pfam:PF05014.9,1048294,1048738
S1A_contig_003,CDS,49503,51750,+,2247,PROKKA_00981,rtpR,Adenosylcobalamin-dependent ribonucleoside-triphosphate reductase,BS:PROKKA_00981,1.17.4.2,,ab initio prediction:Prodigal:2.6;similar to AA sequence:UniProtKB:Q59490,1048929,1051176
S1A_contig_003,CDS,51771,52158,+,387,PROKKA_00982,,hypothetical protein,BS:PROKKA_00982,,,ab initio prediction:Prodigal:2.6,1051197,1051584
S1A_contig_003,CDS,52154,52727,+,573,PROKKA_00983,,hypothetical protein,BS:PROKKA_00983,,,ab initio prediction:Prodigal:2.6,1051580,1052153
S1A_contig_003,CDS,52701,53238,+,537,PROKKA_00984,yvqK,"Cob(I)yrinic acid a,c-diamide adenosyltransferase",BS:PROKKA_00984,2.5.1.17,,ab initio prediction:Prodigal:2.6;similar to AA sequence:UniProtKB:O34899,1052127,1052664
S1A_contig_003,CDS,53328,53697,-,369,PROKKA_00985,,hypothetical protein,BS:PROKKA_00985,,,ab initio prediction:Prodigal:2.6,1052754,1053123
S1A_contig_003,CDS,53696,55160,-,1464,PROKKA_00986,nylA,6-aminohexanoate-cyclic-dimer hydrolase,BS:PROKKA_00986,3.5.2.12,,ab initio prediction:Prodigal:2.6;similar to AA sequence:UniProtKB:P13398,1053122,1054586
S1A_contig_003,CDS,55422,58053,+,2631,PROKKA_00987,mgtA_2,"Magnesium-transporting ATPase, P-type 1",BS:PROKKA_00987,3.6.3.2,,ab initio prediction:Prodigal:2.6;similar to AA sequence:UniProtKB:P0ABB8,1054848,1057479
S1A_contig_003,CDS,58345,58771,+,426,PROKKA_00988,rplK,50S ribosomal protein L11,BS:PROKKA_00988,,,ab initio prediction:Prodigal:2.6;similar to AA sequence:UniProtKB:P0A0F2,1057771,1058197
S1A_contig_003,CDS,58870,59560,+,690,PROKKA_00989,rplA,50S ribosomal protein L1,BS:PROKKA_00989,,,ab initio prediction:Prodigal:2.6;similar to AA sequence:UniProtKB:P66091,1058296,1058986
S1A_contig_003,CDS,59747,61121,+,1374,PROKKA_00990,gabD1,Succinate-semialdehyde dehydrogenase [NADP(+)] 1,BS:PROKKA_00990,1.2.1.79,,ab initio prediction:Prodigal:2.6;similar to AA sequence:UniProtKB:P71989,1059173,1060547
S1A_contig_003,CDS,61192,62398,-,1206,PROKKA_00991,naiP,Putative niacin/nicotinamide transporter NaiP,BS:PROKKA_00991,,,ab initio prediction:Prodigal:2.6;similar to AA sequence:UniProtKB:O34691,1060618,1061824
S1A_contig_003,CDS,62654,63185,+,531,PROKKA_00992,,hypothetical protein,BS:PROKKA_00992,,,ab initio prediction:Prodigal:2.6,1062080,1062611
S1A_contig_003,CDS,63177,64011,+,834,PROKKA_00993,,hypothetical protein,BS:PROKKA_00993,,,ab initio prediction:Prodigal:2.6,1062603,1063437
S1A_contig_003,CDS,64067,65300,-,1233,PROKKA_00994,pbuE_2,Purine efflux pump PbuE,BS:PROKKA_00994,,,ab initio prediction:Prodigal:2.6;similar to AA sequence:UniProtKB:Q797E3,1063493,1064726
S1A_contig_003,CDS,65724,66231,+,507,PROKKA_00995,rplJ,50S ribosomal protein L10,BS:PROKKA_00995,,,ab initio prediction:Prodigal:2.6;similar to AA sequence:UniProtKB:Q5XCB5,1065150,1065657
S1A_contig_003,CDS,66271,66640,+,369,PROKKA_00996,rplL,50S ribosomal protein L7/L12,BS:PROKKA_00996,,,ab initio prediction:Prodigal:2.6;similar to AA sequence:UniProtKB:P0A471,1065697,1066066
S1A_contig_003,CDS,66813,67713,-,900,PROKKA_00997,prsA_1,Foldase protein PrsA precursor,BS:PROKKA_00997,5.2.1.8,,ab initio prediction:Prodigal:2.6;similar to AA sequence:UniProtKB:P0C2B5,1066239,1067139
S1A_contig_003,CDS,68002,73711,+,5709,PROKKA_00998,prtP_3,PII-type proteinase precursor,BS:PROKKA_00998,3.4.21.96,,ab initio prediction:Prodigal:2.6;similar to AA sequence:UniProtKB:Q02470,1067428,1073137
S1A_contig_003,CDS,73819,74752,-,933,PROKKA_00999,ccpB,Catabolite control protein B,BS:PROKKA_00999,,,ab initio prediction:Prodigal:2.6;similar to AA sequence:UniProtKB:P37517,1073245,1074178
S1A_contig_003,CDS,74901,75315,-,414,PROKKA_01000,,hypothetical protein,BS:PROKKA_01000,,,ab initio prediction:Prodigal:2.6,1074327,1074741
S1A_contig_003,CDS,75718,78328,+,2610,PROKKA_01001,mprF,Phosphatidylglycerol lysyltransferase,BS:PROKKA_01001,2.3.2.3,,ab initio prediction:Prodigal:2.6;similar to AA sequence:UniProtKB:C0H3X7,1075144,1077754
S1A_contig_003,CDS,78432,79029,+,597,PROKKA_01002,rsmC,Ribosomal RNA small subunit methyltransferase C,BS:PROKKA_01002,2.1.1.172,,ab initio prediction:Prodigal:2.6;similar to AA sequence:UniProtKB:P39406,1077858,1078455
S1A_contig_003,CDS,79085,79415,+,330,PROKKA_01003,,hypothetical protein,BS:PROKKA_01003,,,ab initio prediction:Prodigal:2.6,1078511,1078841
S1A_contig_003,CDS,79556,80063,+,507,PROKKA_01004,tadA_1,tRNA-specific adenosine deaminase,BS:PROKKA_01004,3.5.4.33,,ab initio prediction:Prodigal:2.6;similar to AA sequence:UniProtKB:P21335,1078982,1079489
S1A_contig_003,CDS,80659,82357,+,1698,PROKKA_01005,dnaX_1,DNA polymerase III subunit tau,BS:PROKKA_01005,2.7.7.7,,ab initio prediction:Prodigal:2.6;similar to AA sequence:UniProtKB:P06710,1080085,1081783
S1A_contig_003,CDS,82373,82682,+,309,PROKKA_01006,,Nucleoid-associated protein,BS:PROKKA_01006,,,ab initio prediction:Prodigal:2.6;similar to AA sequence:UniProtKB:A3DHB8,1081799,1082108
S1A_contig_003,CDS,82996,83596,+,600,PROKKA_01007,recR,Recombination protein RecR,BS:PROKKA_01007,,,ab initio prediction:Prodigal:2.6;similar to AA sequence:UniProtKB:Q932G3,1082422,1083022
S1A_contig_003,CDS,83595,83859,+,264,PROKKA_01008,,hypothetical protein,BS:PROKKA_01008,,,ab initio prediction:Prodigal:2.6,1083021,1083285
S1A_contig_003,CDS,83853,84090,-,237,PROKKA_01009,,hypothetical protein,BS:PROKKA_01009,,,ab initio prediction:Prodigal:2.6,1083279,1083516
S1A_contig_003,CDS,84452,85097,+,645,PROKKA_01010,tmk,Thymidylate kinase,BS:PROKKA_01010,2.7.4.9,,ab initio prediction:Prodigal:2.6;similar to AA sequence:UniProtKB:Q97R91,1083878,1084523
S1A_contig_003,CDS,85131,85461,+,330,PROKKA_01011,,hypothetical protein,BS:PROKKA_01011,,,ab initio prediction:Prodigal:2.6,1084557,1084887
S1A_contig_003,CDS,85460,86438,+,978,PROKKA_01012,dnaX_2,DNA polymerase III subunit tau,BS:PROKKA_01012,2.7.7.7,,ab initio prediction:Prodigal:2.6;similar to AA sequence:UniProtKB:P06710,1084886,1085864
S1A_contig_003,CDS,86442,86781,+,339,PROKKA_01013,,Initiation-control protein YabA,BS:PROKKA_01013,,,ab initio prediction:Prodigal:2.6;similar to AA sequence:UniProtKB:Q99WB7,1085868,1086207
S1A_contig_003,CDS,86782,87640,+,858,PROKKA_01014,rsmI,Ribosomal RNA small subunit methyltransferase I,BS:PROKKA_01014,2.1.1.198,,ab initio prediction:Prodigal:2.6;similar to AA sequence:UniProtKB:P67087,1086208,1087066
S1A_contig_003,CDS,87734,88478,+,744,PROKKA_01015,,Acyl-ACP thioesterase,BS:PROKKA_01015,,,ab initio prediction:Prodigal:2.6;protein motif:Pfam:PF01643.11,1087160,1087904
S1A_contig_003,CDS,88573,89548,-,975,PROKKA_01016,ansA,L-asparaginase,BS:PROKKA_01016,3.5.1.1,,ab initio prediction:Prodigal:2.6;similar to AA sequence:UniProtKB:P50286,1087999,1088974
S1A_contig_003,CDS,90025,90544,+,519,PROKKA_01017,folT,Folate transporter FolT,BS:PROKKA_01017,,,ab initio prediction:Prodigal:2.6;similar to AA sequence:UniProtKB:Q035X6,1089451,1089970
S1A_contig_003,CDS,90774,91380,+,606,PROKKA_01018,,hypothetical protein,BS:PROKKA_01018,,,ab initio prediction:Prodigal:2.6,1090200,1090806
S1A_contig_003,CDS,92115,92838,+,723,PROKKA_01019,tsaB,tRNA threonylcarbamoyladenosine biosynthesis protein TsaB,BS:PROKKA_01019,,,ab initio prediction:Prodigal:2.6;similar to AA sequence:UniProtKB:O05516,1091541,1092264
S1A_contig_003,CDS,92815,93355,+,540,PROKKA_01020,,ribosomal-protein-alanine N-acetyltransferase,BS:PROKKA_01020,,,ab initio prediction:Prodigal:2.6;protein motif:CLUSTERS:PRK09491,1092241,1092781
S1A_contig_003,CDS,93388,94414,+,1026,PROKKA_01021,tsaD,tRNA N6-adenosine threonylcarbamoyltransferase,BS:PROKKA_01021,2.3.1.-,,ab initio prediction:Prodigal:2.6;similar to AA sequence:UniProtKB:O05518,1092814,1093840
S1A_contig_003,CDS,94509,94845,+,336,PROKKA_01022,gmuB,Oligo-beta-mannoside-specific phosphotransferase enzyme IIB component,BS:PROKKA_01022,2.7.1.69,,ab initio prediction:Prodigal:2.6;similar to AA sequence:UniProtKB:O05505,1093935,1094271
S1A_contig_003,CDS,95118,97071,-,1953,PROKKA_01023,yheS_3,putative ABC transporter ATP-binding protein YheS,BS:PROKKA_01023,,,ab initio prediction:Prodigal:2.6;similar to AA sequence:UniProtKB:P63389,1094544,1096497
S1A_contig_003,CDS,97288,97942,+,654,PROKKA_01024,rex_1,Redox-sensing transcriptional repressor Rex,BS:PROKKA_01024,,,ab initio prediction:Prodigal:2.6;similar to AA sequence:UniProtKB:O05521,1096714,1097368
S1A_contig_003,CDS,98083,98449,+,366,PROKKA_01025,ytrA_2,HTH-type transcriptional repressor YtrA,BS:PROKKA_01025,,,ab initio prediction:Prodigal:2.6;similar to AA sequence:UniProtKB:O34712,1097509,1097875
S1A_contig_003,CDS,98445,99333,+,888,PROKKA_01026,ytrB_2,ABC transporter ATP-binding protein YtrB,BS:PROKKA_01026,,,ab initio prediction:Prodigal:2.6;similar to AA sequence:UniProtKB:O34641,1097871,1098759
S1A_contig_003,CDS,99333,100362,+,1029,PROKKA_01027,,ABC-2 family transporter protein,BS:PROKKA_01027,,,ab initio prediction:Prodigal:2.6;protein motif:Pfam:PF12730.1,1098759,1099788
S1A_contig_003,CDS,100423,101482,-,1059,PROKKA_01028,brpA_2,Biofilm regulatory protein A precursor,BS:PROKKA_01028,,,ab initio prediction:Prodigal:2.6;similar to AA sequence:UniProtKB:Q8DVR0,1099849,1100908
S1A_contig_003,CDS,101562,102207,-,645,PROKKA_01029,,CAAX amino terminal protease self- immunity,BS:PROKKA_01029,,,ab initio prediction:Prodigal:2.6;protein motif:Pfam:PF02517.10,1100988,1101633
S1A_contig_003,CDS,102358,102640,+,282,PROKKA_01030,groS,10 kDa chaperonin,BS:PROKKA_01030,,,ab initio prediction:Prodigal:2.6;similar to AA sequence:UniProtKB:O50304,1101784,1102066
S1A_contig_003,CDS,102676,104311,+,1635,PROKKA_01031,groL,60 kDa chaperonin,BS:PROKKA_01031,,,ab initio prediction:Prodigal:2.6;similar to AA sequence:UniProtKB:P28598,1102102,1103737
S1A_contig_003,CDS,104927,105272,+,345,PROKKA_01032,,hypothetical protein,BS:PROKKA_01032,,,ab initio prediction:Prodigal:2.6,1104353,1104698
S1A_contig_003,CDS,105501,107331,+,1830,PROKKA_01033,plaP,Low-affinity putrescine importer PlaP,BS:PROKKA_01033,,,ab initio prediction:Prodigal:2.6;similar to AA sequence:UniProtKB:P0AA47,1104927,1106757
S1A_contig_003,CDS,107588,110171,+,2583,PROKKA_01034,mutS_2,DNA mismatch repair protein MutS,BS:PROKKA_01034,,,ab initio prediction:Prodigal:2.6;similar to AA sequence:UniProtKB:Q931S8,1107014,1109597
S1A_contig_003,CDS,110175,112131,+,1956,PROKKA_01035,mutL,DNA mismatch repair protein MutL,BS:PROKKA_01035,,,ab initio prediction:Prodigal:2.6;similar to AA sequence:UniProtKB:P49850,1109601,1111557
S1A_contig_003,CDS,112127,112685,+,558,PROKKA_01036,maf,Septum formation protein Maf,BS:PROKKA_01036,,,ab initio prediction:Prodigal:2.6;similar to AA sequence:UniProtKB:Q02169,1111553,1112111
S1A_contig_003,CDS,113126,113621,-,495,PROKKA_01037,,hypothetical protein,BS:PROKKA_01037,,,ab initio prediction:Prodigal:2.6,1112552,1113047
S1A_contig_003,CDS,113617,115072,-,1455,PROKKA_01038,emrB_2,Multidrug export protein EmrB,BS:PROKKA_01038,,,ab initio prediction:Prodigal:2.6;similar to AA sequence:UniProtKB:P0AEJ0,1113043,1114498
S1A_contig_003,CDS,115280,116672,-,1392,PROKKA_01039,corC_1,Magnesium and cobalt efflux protein CorC,BS:PROKKA_01039,,,ab initio prediction:Prodigal:2.6;similar to AA sequence:UniProtKB:P0AE78,1114706,1116098
S1A_contig_003,CDS,116807,117551,+,744,PROKKA_01040,,hypothetical protein,BS:PROKKA_01040,,,ab initio prediction:Prodigal:2.6,1116233,1116977
S1A_contig_003,CDS,117576,118197,+,621,PROKKA_01041,guaA_1,GMP synthase [glutamine-hydrolyzing],BS:PROKKA_01041,6.3.5.2,,ab initio prediction:Prodigal:2.6;similar to AA sequence:UniProtKB:P99105,1117002,1117623
S1A_contig_003,CDS,118407,119451,+,1044,PROKKA_01042,,hypothetical protein,BS:PROKKA_01042,,,ab initio prediction:Prodigal:2.6,1117833,1118877
S1A_contig_003,CDS,119548,120109,-,561,PROKKA_01043,,hypothetical protein,BS:PROKKA_01043,,,ab initio prediction:Prodigal:2.6,1118974,1119535
S1A_contig_003,tRNA,120338,120413,+,75,PROKKA_01044,,tRNA-Asn,,,,COORDINATES: profile:Aragorn:1.2,1119764,1119839
S1A_contig_003,CDS,120959,121613,+,654,PROKKA_01045,,hypothetical protein,BS:PROKKA_01045,,,ab initio prediction:Prodigal:2.6,1120385,1121039
S1A_contig_003,CDS,121771,122812,+,1041,PROKKA_01046,adh,NADP-dependent isopropanol dehydrogenase,BS:PROKKA_01046,1.1.1.80,,ab initio prediction:Prodigal:2.6;similar to AA sequence:UniProtKB:P25984,1121197,1122238
S1A_contig_003,CDS,122823,123006,+,183,PROKKA_01047,,hypothetical protein,BS:PROKKA_01047,,,ab initio prediction:Prodigal:2.6,1122249,1122432
S1A_contig_003,CDS,123511,123916,+,405,PROKKA_01048,adhR_2,HTH-type transcriptional regulator AdhR,BS:PROKKA_01048,,,ab initio prediction:Prodigal:2.6;similar to AA sequence:UniProtKB:O06008,1122937,1123342
S1A_contig_003,CDS,124054,124591,+,537,PROKKA_01049,bioY,Biotin transporter BioY,BS:PROKKA_01049,,,ab initio prediction:Prodigal:2.6;similar to AA sequence:UniProtKB:A2RMJ9,1123480,1124017
S1A_contig_003,CDS,124672,125038,-,366,PROKKA_01050,,hypothetical protein,BS:PROKKA_01050,,,ab initio prediction:Prodigal:2.6,1124098,1124464
S1A_contig_003,CDS,125077,126220,-,1143,PROKKA_01051,queG,Epoxyqueuosine reductase,BS:PROKKA_01051,1.1.-.-,,ab initio prediction:Prodigal:2.6;similar to AA sequence:UniProtKB:P97030,1124503,1125646
S1A_contig_003,CDS,126505,127294,-,789,PROKKA_01052,iphP,Tyrosine-protein phosphatase precursor,BS:PROKKA_01052,3.1.3.48,,ab initio prediction:Prodigal:2.6;similar to AA sequence:UniProtKB:Q05918,1125931,1126720
S1A_contig_003,CDS,127521,127911,-,390,PROKKA_01053,,Helix-turn-helix domain protein,BS:PROKKA_01053,,,ab initio prediction:Prodigal:2.6;protein motif:Pfam:PF12844.1,1126947,1127337
S1A_contig_003,CDS,128220,128667,+,447,PROKKA_01054,,Putative universal stress protein,BS:PROKKA_01054,,,ab initio prediction:Prodigal:2.6;similar to AA sequence:UniProtKB:Q99TF3,1127646,1128093
S1A_contig_003,CDS,128951,129566,+,615,PROKKA_01055,tag_2,DNA-3-methyladenine glycosylase 1,BS:PROKKA_01055,3.2.2.20,,ab initio prediction:Prodigal:2.6;similar to AA sequence:UniProtKB:P05100,1128377,1128992
S1A_contig_003,CDS,129596,130517,+,921,PROKKA_01056,yicL_2,putative inner membrane transporter YicL,BS:PROKKA_01056,,,ab initio prediction:Prodigal:2.6;similar to AA sequence:UniProtKB:P31437,1129022,1129943
S1A_contig_003,CDS,130620,130794,-,174,PROKKA_01057,,hypothetical protein,BS:PROKKA_01057,,,ab initio prediction:Prodigal:2.6,1130046,1130220
S1A_contig_003,CDS,130916,131405,+,489,PROKKA_01058,,hypothetical protein,BS:PROKKA_01058,,,ab initio prediction:Prodigal:2.6,1130342,1130831
S1A_contig_003,CDS,131405,131648,-,243,PROKKA_01059,,hypothetical protein,BS:PROKKA_01059,,,ab initio prediction:Prodigal:2.6,1130831,1131074
S1A_contig_003,CDS,131866,132886,-,1020,PROKKA_01060,,Aminodeoxyfutalosine deaminase,BS:PROKKA_01060,3.5.4.-,,ab initio prediction:Prodigal:2.6;similar to AA sequence:UniProtKB:O86737,1131292,1132312
S1A_contig_003,CDS,133433,134738,+,1305,PROKKA_01061,pdp,Pyrimidine-nucleoside phosphorylase,BS:PROKKA_01061,2.4.2.2,,ab initio prediction:Prodigal:2.6;similar to AA sequence:UniProtKB:P77836,1132859,1134164
S1A_contig_003,CDS,134780,134924,+,144,PROKKA_01062,,hypothetical protein,BS:PROKKA_01062,,,ab initio prediction:Prodigal:2.6,1134206,1134350
S1A_contig_003,CDS,134976,136401,+,1425,PROKKA_01063,cydA,Cytochrome bd ubiquinol oxidase subunit 1,BS:PROKKA_01063,1.10.3.-,,ab initio prediction:Prodigal:2.6;similar to AA sequence:UniProtKB:Q09049,1134402,1135827
S1A_contig_003,CDS,136397,137411,+,1014,PROKKA_01064,cydB_2,Cytochrome bd-I ubiquinol oxidase subunit 2,BS:PROKKA_01064,1.10.3.10,,ab initio prediction:Prodigal:2.6;similar to AA sequence:UniProtKB:P0ABK2,1135823,1136837
S1A_contig_003,CDS,137407,139150,+,1743,PROKKA_01065,cydD,ATP-binding/permease protein CydD,BS:PROKKA_01065,,,ab initio prediction:Prodigal:2.6;similar to AA sequence:UniProtKB:P29018,1136833,1138576
S1A_contig_003,CDS,139130,140858,+,1728,PROKKA_01066,,Putative multidrug export ATP-binding/permease protein,BS:PROKKA_01066,3.6.3.-,,ab initio prediction:Prodigal:2.6;similar to AA sequence:UniProtKB:Q99T13,1138556,1140284
S1A_contig_003,CDS,140929,141253,-,324,PROKKA_01067,,hypothetical protein,BS:PROKKA_01067,,,ab initio prediction:Prodigal:2.6,1140355,1140679
S1A_contig_003,CDS,141321,141690,-,369,PROKKA_01068,,hypothetical protein,BS:PROKKA_01068,,,ab initio prediction:Prodigal:2.6,1140747,1141116
S1A_contig_003,CDS,141895,143086,+,1191,PROKKA_01069,,hypothetical protein,BS:PROKKA_01069,,,ab initio prediction:Prodigal:2.6,1141321,1142512
S1A_contig_003,CDS,143086,143881,+,795,PROKKA_01070,,hypothetical protein,BS:PROKKA_01070,,,ab initio prediction:Prodigal:2.6,1142512,1143307
S1A_contig_003,CDS,144262,145363,+,1101,PROKKA_01071,,hypothetical protein,BS:PROKKA_01071,,,ab initio prediction:Prodigal:2.6,1143688,1144789
S1A_contig_003,CDS,145513,145939,+,426,PROKKA_01072,,hypothetical protein,BS:PROKKA_01072,,,ab initio prediction:Prodigal:2.6,1144939,1145365
S1A_contig_003,CDS,146135,147827,+,1692,PROKKA_01073,msbA_3,Lipid A export ATP-binding/permease protein MsbA,BS:PROKKA_01073,3.6.3.-,,ab initio prediction:Prodigal:2.6;similar to AA sequence:UniProtKB:Q9KQW9,1145561,1147253
S1A_contig_003,CDS,147823,149455,+,1632,PROKKA_01074,,putative ABC transporter ATP-binding protein,BS:PROKKA_01074,,,ab initio prediction:Prodigal:2.6;similar to AA sequence:UniProtKB:Q57538,1147249,1148881
S1A_contig_003,CDS,149592,150450,+,858,PROKKA_01075,licT_1,Transcription antiterminator LicT,BS:PROKKA_01075,,,ab initio prediction:Prodigal:2.6;similar to AA sequence:UniProtKB:P39805,1149018,1149876
S1A_contig_003,CDS,150901,152740,+,1839,PROKKA_01076,bglF_2,PTS system beta-glucoside-specific EIIBCA component,BS:PROKKA_01076,,,ab initio prediction:Prodigal:2.6;similar to AA sequence:UniProtKB:P08722,1150327,1152166
S1A_contig_003,CDS,152910,154359,+,1449,PROKKA_01077,bglH_1,Aryl-phospho-beta-D-glucosidase BglH,BS:PROKKA_01077,3.2.1.86,,ab initio prediction:Prodigal:2.6;similar to AA sequence:UniProtKB:P40740,1152336,1153785
S1A_contig_003,CDS,154485,155052,+,567,PROKKA_01078,yxaF,putative HTH-type transcriptional regulator YxaF,BS:PROKKA_01078,,,ab initio prediction:Prodigal:2.6;similar to AA sequence:UniProtKB:P42105,1153911,1154478
S1A_contig_003,CDS,155465,156884,+,1419,PROKKA_01079,emrB_3,Multidrug export protein EmrB,BS:PROKKA_01079,,,ab initio prediction:Prodigal:2.6;similar to AA sequence:UniProtKB:P0AEJ0,1154891,1156310
S1A_contig_003,CDS,157089,158421,+,1332,PROKKA_01080,garB_2,Glutathione amide reductase,BS:PROKKA_01080,1.8.1.16,,ab initio prediction:Prodigal:2.6;similar to AA sequence:UniProtKB:D0VWY5,1156515,1157847
S1A_contig_003,CDS,158522,159950,-,1428,PROKKA_01081,pepDA_1,Dipeptidase A,BS:PROKKA_01081,3.4.-.-,,ab initio prediction:Prodigal:2.6;similar to AA sequence:UniProtKB:Q48558,1157948,1159376
S1A_contig_003,CDS,160086,160443,-,357,PROKKA_01082,,hypothetical protein,BS:PROKKA_01082,,,ab initio prediction:Prodigal:2.6,1159512,1159869
S1A_contig_003,CDS,160456,162382,-,1926,PROKKA_01083,,OPT oligopeptide transporter protein,BS:PROKKA_01083,,,ab initio prediction:Prodigal:2.6;protein motif:Pfam:PF03169.9,1159882,1161808
S1A_contig_003,CDS,162497,163517,-,1020,PROKKA_01084,tdcB,L-threonine dehydratase catabolic TdcB,BS:PROKKA_01084,4.3.1.19,,ab initio prediction:Prodigal:2.6;similar to AA sequence:UniProtKB:Q7A5L8,1161923,1162943
S1A_contig_003,CDS,163529,164651,-,1122,PROKKA_01085,ald1,Alanine dehydrogenase 1,BS:PROKKA_01085,1.4.1.1,,ab initio prediction:Prodigal:2.6;similar to AA sequence:UniProtKB:P99151,1162955,1164077
S1A_contig_003,CDS,165280,166066,+,786,PROKKA_01086,gdh,Glucose 1-dehydrogenase,BS:PROKKA_01086,1.1.1.47,,ab initio prediction:Prodigal:2.6;similar to AA sequence:UniProtKB:P12310,1164706,1165492
S1A_contig_003,CDS,166173,166818,-,645,PROKKA_01087,,hypothetical protein,BS:PROKKA_01087,,,ab initio prediction:Prodigal:2.6,1165599,1166244
S1A_contig_003,CDS,166810,167677,-,867,PROKKA_01088,ytrB_3,ABC transporter ATP-binding protein YtrB,BS:PROKKA_01088,,,ab initio prediction:Prodigal:2.6;similar to AA sequence:UniProtKB:O34641,1166236,1167103
S1A_contig_003,CDS,167666,168062,-,396,PROKKA_01089,ytrA_3,HTH-type transcriptional repressor YtrA,BS:PROKKA_01089,,,ab initio prediction:Prodigal:2.6;similar to AA sequence:UniProtKB:O34712,1167092,1167488
S1A_contig_003,CDS,168075,169347,-,1272,PROKKA_01090,,ABC-2 family transporter protein,BS:PROKKA_01090,,,ab initio prediction:Prodigal:2.6;protein motif:Pfam:PF12698.1,1167501,1168773
S1A_contig_003,CDS,169349,170237,-,888,PROKKA_01091,ecsA_2,ABC-type transporter ATP-binding protein EcsA,BS:PROKKA_01091,,,ab initio prediction:Prodigal:2.6;similar to AA sequence:UniProtKB:P55339,1168775,1169663
S1A_contig_003,CDS,170827,172033,-,1206,PROKKA_01092,ackA_2,Acetate kinase,BS:PROKKA_01092,2.7.2.1,,ab initio prediction:Prodigal:2.6;similar to AA sequence:UniProtKB:P37877,1170253,1171459
S1A_contig_003,CDS,172323,173292,-,969,PROKKA_01093,hexs-b_2,"Hexaprenyl-diphosphate synthase large subunit ((2E,6E)-farnesyl-diphosphate specific)",BS:PROKKA_01093,2.5.1.83,,ab initio prediction:Prodigal:2.6;similar to AA sequence:UniProtKB:O66129,1171749,1172718
S1A_contig_003,CDS,173367,174282,+,915,PROKKA_01094,,"1,4-dihydroxy-2-naphthoate octaprenyltransferase",BS:PROKKA_01094,,,ab initio prediction:Prodigal:2.6;protein motif:CLUSTERS:PRK06080,1172793,1173708
S1A_contig_003,CDS,174307,175378,+,1071,PROKKA_01095,,hypothetical protein,BS:PROKKA_01095,,,ab initio prediction:Prodigal:2.6,1173733,1174804
S1A_contig_003,CDS,176358,178263,+,1905,PROKKA_01096,asnB,Asparagine synthetase [glutamine-hydrolyzing] 1,BS:PROKKA_01096,6.3.5.4,,ab initio prediction:Prodigal:2.6;similar to AA sequence:UniProtKB:P54420,1175784,1177689
S1A_contig_003,CDS,178365,178746,+,381,PROKKA_01097,,HIT-like protein,BS:PROKKA_01097,3.-.-.-,,ab initio prediction:Prodigal:2.6;similar to AA sequence:UniProtKB:P44956,1177791,1178172
S1A_contig_003,CDS,178898,179603,-,705,PROKKA_01098,,hypothetical protein,BS:PROKKA_01098,,,ab initio prediction:Prodigal:2.6,1178324,1179029
S1A_contig_003,CDS,179933,180254,+,321,PROKKA_01099,,hypothetical protein,BS:PROKKA_01099,,,ab initio prediction:Prodigal:2.6,1179359,1179680
S1A_contig_003,CDS,180708,181872,+,1164,PROKKA_01100,patA_1,Putative N-acetyl-LL-diaminopimelate aminotransferase,BS:PROKKA_01100,2.6.1.-,,ab initio prediction:Prodigal:2.6;similar to AA sequence:UniProtKB:P16524,1180134,1181298
S1A_contig_003,CDS,181915,182908,+,993,PROKKA_01101,,D-lactate dehydrogenase,BS:PROKKA_01101,1.1.1.28,,ab initio prediction:Prodigal:2.6;similar to AA sequence:UniProtKB:P26298,1181341,1182334
S1A_contig_003,CDS,182924,183968,+,1044,PROKKA_01102,,hypothetical protein,BS:PROKKA_01102,,,ab initio prediction:Prodigal:2.6,1182350,1183394
S1A_contig_003,CDS,184256,184637,+,381,PROKKA_01103,,hypothetical protein,BS:PROKKA_01103,,,ab initio prediction:Prodigal:2.6,1183682,1184063
S1A_contig_003,CDS,184676,186194,+,1518,PROKKA_01104,yqiK,Inner membrane protein YqiK,BS:PROKKA_01104,,,ab initio prediction:Prodigal:2.6;similar to AA sequence:UniProtKB:P77306,1184102,1185620
S1A_contig_003,CDS,186313,187660,-,1347,PROKKA_01105,yclM_2,Aspartokinase 3,BS:PROKKA_01105,2.7.2.4,,ab initio prediction:Prodigal:2.6;similar to AA sequence:UniProtKB:P94417,1185739,1187086
S1A_contig_003,CDS,187656,188856,-,1200,PROKKA_01106,hom,Homoserine dehydrogenase,BS:PROKKA_01106,1.1.1.3,,ab initio prediction:Prodigal:2.6;similar to AA sequence:UniProtKB:P08499,1187082,1188282
S1A_contig_003,CDS,188964,190479,+,1515,PROKKA_01107,thrC,Threonine synthase,BS:PROKKA_01107,4.2.3.1,,ab initio prediction:Prodigal:2.6;similar to AA sequence:UniProtKB:P23669,1188390,1189905
S1A_contig_003,CDS,190444,191326,+,882,PROKKA_01108,thrB,Homoserine kinase,BS:PROKKA_01108,2.7.1.39,,ab initio prediction:Prodigal:2.6;similar to AA sequence:UniProtKB:P07128,1189870,1190752
S1A_contig_003,CDS,191610,192870,+,1260,PROKKA_01109,,D-aspartate ligase,BS:PROKKA_01109,6.3.1.12,,ab initio prediction:Prodigal:2.6;similar to AA sequence:UniProtKB:H8L902,1191036,1192296
S1A_contig_003,CDS,192918,193380,+,462,PROKKA_01110,,Putative universal stress protein,BS:PROKKA_01110,,,ab initio prediction:Prodigal:2.6;similar to AA sequence:UniProtKB:Q99TF3,1192344,1192806
S1A_contig_003,CDS,193486,194218,+,732,PROKKA_01111,sfsA,Sugar fermentation stimulation protein A,BS:PROKKA_01111,,,ab initio prediction:Prodigal:2.6;similar to AA sequence:UniProtKB:P0A823,1192912,1193644
S1A_contig_003,CDS,194486,195710,+,1224,PROKKA_01112,gbuA,Glycine betaine/carnitine transport ATP-binding protein GbuA,BS:PROKKA_01112,3.6.3.32,,ab initio prediction:Prodigal:2.6;similar to AA sequence:UniProtKB:Q9RR46,1193912,1195136
S1A_contig_003,CDS,195702,196554,+,852,PROKKA_01113,gbuB,Glycine betaine/carnitine transport permease protein GbuB,BS:PROKKA_01113,,,ab initio prediction:Prodigal:2.6;similar to AA sequence:UniProtKB:Q9RR45,1195128,1195980
S1A_contig_003,CDS,196565,197468,+,903,PROKKA_01114,gbuC,Glycine betaine/carnitine transport binding protein GbuC precursor,BS:PROKKA_01114,,,ab initio prediction:Prodigal:2.6;similar to AA sequence:UniProtKB:Q9RR44,1195991,1196894
S1A_contig_003,CDS,198044,199805,+,1761,PROKKA_01115,pox5_1,Pyruvate oxidase,BS:PROKKA_01115,1.2.3.3,,ab initio prediction:Prodigal:2.6;similar to AA sequence:UniProtKB:P37063,1197470,1199231
S1A_contig_003,CDS,200016,200949,+,933,PROKKA_01116,ytlR_1,Putative lipid kinase YtlR,BS:PROKKA_01116,2.7.1.-,,ab initio prediction:Prodigal:2.6;similar to AA sequence:UniProtKB:O34799,1199442,1200375
S1A_contig_003,CDS,201002,201413,-,411,PROKKA_01117,,GtrA-like protein,BS:PROKKA_01117,,,ab initio prediction:Prodigal:2.6;protein motif:Pfam:PF04138.8,1200428,1200839
S1A_contig_003,CDS,201855,202557,+,702,PROKKA_01118,,Sortase family protein,BS:PROKKA_01118,,,ab initio prediction:Prodigal:2.6;protein motif:Pfam:PF04203.7,1201281,1201983
S1A_contig_003,CDS,202641,203715,+,1074,PROKKA_01119,,hypothetical protein,BS:PROKKA_01119,,,ab initio prediction:Prodigal:2.6,1202067,1203141
S1A_contig_003,CDS,203707,204802,+,1095,PROKKA_01120,pbpX_1,Putative penicillin-binding protein PbpX,BS:PROKKA_01120,,,ab initio prediction:Prodigal:2.6;similar to AA sequence:UniProtKB:O31773,1203133,1204228
S1A_contig_003,CDS,204908,205988,-,1080,PROKKA_01121,,Double zinc ribbon,BS:PROKKA_01121,,,ab initio prediction:Prodigal:2.6;protein motif:Pfam:PF12773.1,1204334,1205414
S1A_contig_003,CDS,206080,206287,-,207,PROKKA_01122,,hypothetical protein,BS:PROKKA_01122,,,ab initio prediction:Prodigal:2.6,1205506,1205713
S1A_contig_003,CDS,206520,207210,+,690,PROKKA_01123,gpmA_2,"2,3-bisphosphoglycerate-dependent phosphoglycerate mutase",BS:PROKKA_01123,5.4.2.11,,ab initio prediction:Prodigal:2.6;similar to AA sequence:UniProtKB:Q5XB88,1205946,1206636
S1A_contig_003,CDS,207459,207927,+,468,PROKKA_01124,mutT4,Putative mutator protein MutT4,BS:PROKKA_01124,3.6.1.-,,ab initio prediction:Prodigal:2.6;similar to AA sequence:UniProtKB:O05437,1206885,1207353
S1A_contig_003,CDS,208096,209872,+,1776,PROKKA_01125,lmrA_1,Multidrug resistance ABC transporter ATP-binding and permease protein,BS:PROKKA_01125,3.6.3.44,,ab initio prediction:Prodigal:2.6;similar to AA sequence:UniProtKB:Q9CHL8,1207522,1209298
S1A_contig_003,CDS,209973,210561,+,588,PROKKA_01126,yusO,putative HTH-type transcriptional regulator YusO,BS:PROKKA_01126,,,ab initio prediction:Prodigal:2.6;similar to AA sequence:UniProtKB:O32181,1209399,1209987
S1A_contig_003,CDS,210977,212075,+,1098,PROKKA_01127,,Double zinc ribbon,BS:PROKKA_01127,,,ab initio prediction:Prodigal:2.6;protein motif:Pfam:PF12773.1,1210403,1211501
S1A_contig_003,CDS,212241,213249,+,1008,PROKKA_01128,axe1-6A,Carbohydrate acetyl esterase/feruloyl esterase precursor,BS:PROKKA_01128,,,ab initio prediction:Prodigal:2.6;similar to AA sequence:UniProtKB:D5EXZ4,1211667,1212675
S1A_contig_003,CDS,213304,214093,+,789,PROKKA_01129,,hypothetical protein,BS:PROKKA_01129,,,ab initio prediction:Prodigal:2.6,1212730,1213519
S1A_contig_003,CDS,214380,214797,+,417,PROKKA_01130,,DNA-binding transcriptional repressor MarR,BS:PROKKA_01130,,,ab initio prediction:Prodigal:2.6;protein motif:CLUSTERS:PRK11512,1213806,1214223
S1A_contig_003,CDS,214836,215136,+,300,PROKKA_01131,,hypothetical protein,BS:PROKKA_01131,,,ab initio prediction:Prodigal:2.6,1214262,1214562
S1A_contig_003,CDS,215688,216882,+,1194,PROKKA_01132,bdhA,NADH-dependent butanol dehydrogenase A,BS:PROKKA_01132,1.1.1.-,,ab initio prediction:Prodigal:2.6;similar to AA sequence:UniProtKB:Q04944,1215114,1216308
S1A_contig_003,CDS,216945,217929,+,984,PROKKA_01133,mhpC,2-hydroxy-6-oxononadienedioate/2-hydroxy-6- oxononatrienedioate hydrolase,BS:PROKKA_01133,3.7.1.14,,ab initio prediction:Prodigal:2.6;similar to AA sequence:UniProtKB:P77044,1216371,1217355
S1A_contig_003,CDS,218424,218862,+,438,PROKKA_01134,fabZ_1,3-hydroxyacyl-[acyl-carrier-protein] dehydratase FabZ,BS:PROKKA_01134,4.2.1.59,,ab initio prediction:Prodigal:2.6;similar to AA sequence:UniProtKB:P64107,1217850,1218288
S1A_contig_003,CDS,218932,219382,+,450,PROKKA_01135,,MarR family protein,BS:PROKKA_01135,,,ab initio prediction:Prodigal:2.6;protein motif:Pfam:PF01047.16,1218358,1218808
S1A_contig_003,CDS,219397,220360,+,963,PROKKA_01136,fabH,3-oxoacyl-[acyl-carrier-protein] synthase 3,BS:PROKKA_01136,2.3.1.180,,ab initio prediction:Prodigal:2.6;similar to AA sequence:UniProtKB:Q820T1,1218823,1219786
S1A_contig_003,CDS,220463,220703,+,240,PROKKA_01137,acpP_1,Acyl carrier protein,BS:PROKKA_01137,,,ab initio prediction:Prodigal:2.6;similar to AA sequence:UniProtKB:O51647,1219889,1220129
S1A_contig_003,CDS,220726,221713,+,987,PROKKA_01138,,Nitronate monooxygenase,BS:PROKKA_01138,1.13.12.16,,ab initio prediction:Prodigal:2.6;similar to AA sequence:UniProtKB:Q9I4V0,1220152,1221139
S1A_contig_003,CDS,221749,222673,+,924,PROKKA_01139,fabD,Malonyl CoA-acyl carrier protein transacylase,BS:PROKKA_01139,2.3.1.39,,ab initio prediction:Prodigal:2.6;similar to AA sequence:UniProtKB:Q7A5Z3,1221175,1222099
S1A_contig_003,CDS,222669,223398,+,729,PROKKA_01140,fabG_6,3-oxoacyl-[acyl-carrier-protein] reductase FabG,BS:PROKKA_01140,1.1.1.100,,ab initio prediction:Prodigal:2.6;similar to AA sequence:UniProtKB:P99093,1222095,1222824
S1A_contig_003,CDS,223420,224641,+,1221,PROKKA_01141,fabF,3-oxoacyl-[acyl-carrier-protein] synthase 2,BS:PROKKA_01141,2.3.1.179,,ab initio prediction:Prodigal:2.6;similar to AA sequence:UniProtKB:Q7A6F8,1222846,1224067
S1A_contig_003,CDS,224646,225096,+,450,PROKKA_01142,accB,Biotin carboxyl carrier protein of acetyl-CoA carboxylase,BS:PROKKA_01142,,,ab initio prediction:Prodigal:2.6;similar to AA sequence:UniProtKB:P0ABD8,1224072,1224522
S1A_contig_003,CDS,225208,225649,+,441,PROKKA_01143,fabZ_2,3-hydroxyacyl-[acyl-carrier-protein] dehydratase FabZ,BS:PROKKA_01143,4.2.1.59,,ab initio prediction:Prodigal:2.6;similar to AA sequence:UniProtKB:A1VXZ7,1224634,1225075
S1A_contig_003,CDS,225689,227054,+,1365,PROKKA_01144,accC,Biotin carboxylase,BS:PROKKA_01144,6.3.4.14,,ab initio prediction:Prodigal:2.6;similar to AA sequence:UniProtKB:P24182,1225115,1226480
S1A_contig_003,CDS,227168,227984,+,816,PROKKA_01145,accD,Acetyl-coenzyme A carboxylase carboxyl transferase subunit beta,BS:PROKKA_01145,6.4.1.2,,ab initio prediction:Prodigal:2.6;similar to AA sequence:UniProtKB:P0CC08,1226594,1227410
S1A_contig_003,CDS,228135,228909,+,774,PROKKA_01146,accA,Acetyl-coenzyme A carboxylase carboxyl transferase subunit alpha,BS:PROKKA_01146,6.4.1.2,,ab initio prediction:Prodigal:2.6;similar to AA sequence:UniProtKB:Q9FBB7,1227561,1228335
S1A_contig_003,CDS,229008,230190,+,1182,PROKKA_01147,cfa,Cyclopropane-fatty-acyl-phospholipid synthase,BS:PROKKA_01147,2.1.1.79,,ab initio prediction:Prodigal:2.6;similar to AA sequence:UniProtKB:P0A9H7,1228434,1229616
S1A_contig_003,CDS,230270,231146,+,876,PROKKA_01148,azoB_1,NAD(P)H azoreductase,BS:PROKKA_01148,1.7.-.-,,ab initio prediction:Prodigal:2.6;similar to AA sequence:UniProtKB:Q8KU07,1229696,1230572
S1A_contig_003,CDS,231742,233221,+,1479,PROKKA_01149,scrB,Sucrose-6-phosphate hydrolase,BS:PROKKA_01149,3.2.1.26,,ab initio prediction:Prodigal:2.6;similar to AA sequence:UniProtKB:Q04937,1231168,1232647
S1A_contig_003,CDS,233365,234367,+,1002,PROKKA_01150,rbsR,Ribose operon repressor,BS:PROKKA_01150,,,ab initio prediction:Prodigal:2.6;similar to AA sequence:UniProtKB:P0ACQ0,1232791,1233793
S1A_contig_003,CDS,234441,236109,+,1668,PROKKA_01151,malL_3,"Oligo-1,6-glucosidase",BS:PROKKA_01151,3.2.1.10,,ab initio prediction:Prodigal:2.6;similar to AA sequence:UniProtKB:P29094,1233867,1235535
S1A_contig_003,CDS,236111,238073,+,1962,PROKKA_01152,bglF_3,PTS system beta-glucoside-specific EIIBCA component,BS:PROKKA_01152,,,ab initio prediction:Prodigal:2.6;similar to AA sequence:UniProtKB:P08722,1235537,1237499
S1A_contig_003,CDS,238614,239799,-,1185,PROKKA_01153,,hypothetical protein,BS:PROKKA_01153,,,ab initio prediction:Prodigal:2.6,1238040,1239225
S1A_contig_003,CDS,240016,242962,+,2946,PROKKA_01154,,Type IIS restriction enzyme Eco57I,BS:PROKKA_01154,3.1.21.4,,ab initio prediction:Prodigal:2.6;similar to AA sequence:UniProtKB:P25239,1239442,1242388
S1A_contig_003,CDS,242977,244771,+,1794,PROKKA_01155,,Type IIS restriction enzyme Eco57I,BS:PROKKA_01155,3.1.21.4,,ab initio prediction:Prodigal:2.6;similar to AA sequence:UniProtKB:P25239,1242403,1244197
S1A_contig_003,CDS,247211,247778,+,567,PROKKA_01156,,hypothetical protein,BS:PROKKA_01156,,,ab initio prediction:Prodigal:2.6,1246637,1247204
S1A_contig_003,CDS,248248,251299,+,3051,PROKKA_01157,hsdR,Type-1 restriction enzyme R protein,BS:PROKKA_01157,3.1.21.3,,ab initio prediction:Prodigal:2.6;similar to AA sequence:UniProtKB:Q7A801,1247674,1250725
S1A_contig_003,CDS,251316,252915,+,1599,PROKKA_01158,,putative type I restriction enzymeP M protein,BS:PROKKA_01158,2.1.1.72,,ab initio prediction:Prodigal:2.6;similar to AA sequence:UniProtKB:Q89Z59,1250742,1252341
S1A_contig_004,tRNA,183,258,+,75,PROKKA_01159,,tRNA-Asn,,,,COORDINATES: profile:Aragorn:1.2,1253047,1253122
S1A_contig_004,tRNA,264,356,+,92,PROKKA_01160,,tRNA-Ser,,,,COORDINATES: profile:Aragorn:1.2,1253128,1253220
S1A_contig_004,tRNA,608,683,+,75,PROKKA_01161,,tRNA-Val,,,,COORDINATES: profile:Aragorn:1.2,1253472,1253547
S1A_contig_004,CDS,839,1487,-,648,PROKKA_01162,,hypothetical protein,BS:PROKKA_01162,,,ab initio prediction:Prodigal:2.6,1253703,1254351
S1A_contig_004,CDS,1667,2852,+,1185,PROKKA_01163,metK,S-adenosylmethionine synthase,BS:PROKKA_01163,2.5.1.6,,ab initio prediction:Prodigal:2.6;similar to AA sequence:UniProtKB:P66767,1254531,1255716
S1A_contig_004,CDS,2965,4459,+,1494,PROKKA_01164,bmr3_3,Multidrug resistance protein 3,BS:PROKKA_01164,,,ab initio prediction:Prodigal:2.6;similar to AA sequence:UniProtKB:P96712,1255829,1257323
S1A_contig_004,CDS,4554,5025,-,471,PROKKA_01165,,zinc-responsive transcriptional regulator,BS:PROKKA_01165,,,ab initio prediction:Prodigal:2.6;protein motif:CLUSTERS:PRK09514,1257418,1257889
S1A_contig_004,CDS,5266,6745,+,1479,PROKKA_01166,emrB_4,Multidrug export protein EmrB,BS:PROKKA_01166,,,ab initio prediction:Prodigal:2.6;similar to AA sequence:UniProtKB:P0AEJ0,1258130,1259609
S1A_contig_004,CDS,6741,7467,+,726,PROKKA_01167,,hypothetical protein,BS:PROKKA_01167,,,ab initio prediction:Prodigal:2.6,1259605,1260331
S1A_contig_004,CDS,7567,8251,-,684,PROKKA_01168,bcrC,Undecaprenyl-diphosphatase BcrC,BS:PROKKA_01168,3.6.1.27,,ab initio prediction:Prodigal:2.6;similar to AA sequence:UniProtKB:P94571,1260431,1261115
S1A_contig_004,CDS,8704,11116,+,2412,PROKKA_01169,leuS,Leucine--tRNA ligase,BS:PROKKA_01169,6.1.1.4,,ab initio prediction:Prodigal:2.6;similar to AA sequence:UniProtKB:B8ZKS5,1261568,1263980
S1A_contig_004,CDS,11382,13026,+,1644,PROKKA_01170,ytgP_2,putative cell division protein YtgP,BS:PROKKA_01170,,,ab initio prediction:Prodigal:2.6;similar to AA sequence:UniProtKB:O34674,1264246,1265890
S1A_contig_004,CDS,13030,13741,+,711,PROKKA_01171,rsuA,Ribosomal small subunit pseudouridine synthase A,BS:PROKKA_01171,5.4.99.19,,ab initio prediction:Prodigal:2.6;similar to AA sequence:UniProtKB:P0AA43,1265894,1266605
S1A_contig_004,CDS,13883,14099,+,216,PROKKA_01172,,hypothetical protein,BS:PROKKA_01172,,,ab initio prediction:Prodigal:2.6,1266747,1266963
S1A_contig_004,CDS,14215,15037,-,822,PROKKA_01173,nnrD,ADP-dependent (S)-NAD(P)H-hydrate dehydratase,BS:PROKKA_01173,4.2.1.136,,ab initio prediction:Prodigal:2.6;similar to AA sequence:UniProtKB:Q833Y3,1267079,1267901
S1A_contig_004,CDS,15033,15537,-,504,PROKKA_01174,,hypothetical protein,BS:PROKKA_01174,,,ab initio prediction:Prodigal:2.6,1267897,1268401
S1A_contig_004,tRNA,15653,15739,+,86,PROKKA_01175,,tRNA-Ser,,,,COORDINATES: profile:Aragorn:1.2,1268517,1268603
S1A_contig_004,CDS,16000,17512,+,1512,PROKKA_01176,tagE_1,putative poly(glycerol-phosphate) alpha-glucosyltransferase,BS:PROKKA_01176,2.4.1.52,,ab initio prediction:Prodigal:2.6;similar to AA sequence:UniProtKB:P13484,1268864,1270376
S1A_contig_004,CDS,17539,19099,+,1560,PROKKA_01177,tagE_2,putative poly(glycerol-phosphate) alpha-glucosyltransferase,BS:PROKKA_01177,2.4.1.52,,ab initio prediction:Prodigal:2.6;similar to AA sequence:UniProtKB:P13484,1270403,1271963
S1A_contig_004,CDS,19195,19669,+,474,PROKKA_01178,,hypothetical protein,BS:PROKKA_01178,,,ab initio prediction:Prodigal:2.6;similar to AA sequence:UniProtKB:P99097,1272059,1272533
S1A_contig_004,CDS,19917,20031,+,114,PROKKA_01179,,hypothetical protein,BS:PROKKA_01179,,,ab initio prediction:Prodigal:2.6,1272781,1272895
S1A_contig_004,CDS,20011,21217,+,1206,PROKKA_01180,patB_2,Cystathionine beta-lyase PatB,BS:PROKKA_01180,4.4.1.8,,ab initio prediction:Prodigal:2.6;similar to AA sequence:UniProtKB:Q08432,1272875,1274081
S1A_contig_004,CDS,21350,22679,-,1329,PROKKA_01181,,"cyclic 3',5'-adenosine monophosphate phosphodiesterase",BS:PROKKA_01181,,,ab initio prediction:Prodigal:2.6;protein motif:CLUSTERS:PRK11148,1274214,1275543
S1A_contig_004,CDS,22869,23136,+,267,PROKKA_01182,,hypothetical protein,BS:PROKKA_01182,,,ab initio prediction:Prodigal:2.6;protein motif:CLUSTERS:PRK00194,1275733,1276000
S1A_contig_004,CDS,23184,24528,+,1344,PROKKA_01183,,hypothetical protein,BS:PROKKA_01183,,,ab initio prediction:Prodigal:2.6;protein motif:CLUSTERS:PRK05313,1276048,1277392
S1A_contig_004,CDS,24637,25693,+,1056,PROKKA_01184,,Competence protein CoiA-like family protein,BS:PROKKA_01184,,,ab initio prediction:Prodigal:2.6;protein motif:Pfam:PF06054.5,1277501,1278557
S1A_contig_004,CDS,25882,26518,-,636,PROKKA_01185,,hypothetical protein,BS:PROKKA_01185,,,ab initio prediction:Prodigal:2.6,1278746,1279382
S1A_contig_004,CDS,26587,27181,-,594,PROKKA_01186,,CYTH domain protein,BS:PROKKA_01186,,,ab initio prediction:Prodigal:2.6;protein motif:Pfam:PF01928.15,1279451,1280045
S1A_contig_004,CDS,27374,28046,+,672,PROKKA_01187,yjbM,GTP pyrophosphokinase YjbM,BS:PROKKA_01187,2.7.6.5,,ab initio prediction:Prodigal:2.6;similar to AA sequence:UniProtKB:O31611,1280238,1280910
S1A_contig_004,CDS,28047,28293,+,246,PROKKA_01188,ppnK_1,putative inorganic polyphosphate/ATP-NAD kinase,BS:PROKKA_01188,2.7.1.23,,ab initio prediction:Prodigal:2.6;similar to AA sequence:UniProtKB:P65779,1280911,1281157
S1A_contig_004,CDS,28353,28845,+,492,PROKKA_01189,ppnK_2,putative inorganic polyphosphate/ATP-NAD kinase,BS:PROKKA_01189,2.7.1.23,,ab initio prediction:Prodigal:2.6;similar to AA sequence:UniProtKB:P65777,1281217,1281709
S1A_contig_004,CDS,28844,29747,+,903,PROKKA_01190,rluD_1,Ribosomal large subunit pseudouridine synthase D,BS:PROKKA_01190,5.4.99.23,,ab initio prediction:Prodigal:2.6;similar to AA sequence:UniProtKB:P33643,1281708,1282611
S1A_contig_004,CDS,29855,30914,-,1059,PROKKA_01191,apbE_2,Thiamine biosynthesis lipoprotein ApbE precursor,BS:PROKKA_01191,,,ab initio prediction:Prodigal:2.6;similar to AA sequence:UniProtKB:O83774,1282719,1283778
S1A_contig_004,CDS,31070,31706,-,636,PROKKA_01192,,CutC-like protein,BS:PROKKA_01192,,,ab initio prediction:Prodigal:2.6;similar to AA sequence:UniProtKB:Q5XDL5,1283934,1284570
S1A_contig_004,CDS,31727,32546,-,819,PROKKA_01193,uppP,Undecaprenyl-diphosphatase,BS:PROKKA_01193,3.6.1.27,,ab initio prediction:Prodigal:2.6;similar to AA sequence:UniProtKB:P60932,1284591,1285410
S1A_contig_004,CDS,32748,33789,-,1041,PROKKA_01194,pgl,6-phosphogluconolactonase,BS:PROKKA_01194,3.1.1.31,,ab initio prediction:Prodigal:2.6;similar to AA sequence:UniProtKB:O34499,1285612,1286653
S1A_contig_004,CDS,34060,34438,+,378,PROKKA_01195,,PTS system glucitol/sorbitol-specific transporter subunit IIA,BS:PROKKA_01195,,,ab initio prediction:Prodigal:2.6;protein motif:CLUSTERS:PRK10377,1286924,1287302
S1A_contig_004,CDS,34550,34820,-,270,PROKKA_01196,rpsN2_1,Alternate 30S ribosomal protein S14,BS:PROKKA_01196,,,ab initio prediction:Prodigal:2.6;similar to AA sequence:UniProtKB:O31587,1287414,1287684
S1A_contig_004,CDS,34947,35937,-,990,PROKKA_01197,guaC,GMP reductase,BS:PROKKA_01197,1.7.1.7,,ab initio prediction:Prodigal:2.6;similar to AA sequence:UniProtKB:Q81JJ9,1287811,1288801
S1A_contig_004,CDS,36164,37112,-,948,PROKKA_01198,corA,Magnesium transport protein CorA,BS:PROKKA_01198,,,ab initio prediction:Prodigal:2.6;similar to AA sequence:UniProtKB:Q9WZ31,1289028,1289976
S1A_contig_004,CDS,37177,38020,+,843,PROKKA_01199,rlmA,23S rRNA (guanine(745)-N(1))-methyltransferase,BS:PROKKA_01199,2.1.1.187,,ab initio prediction:Prodigal:2.6;similar to AA sequence:UniProtKB:P36999,1290041,1290884
S1A_contig_004,CDS,38274,38784,+,510,PROKKA_01200,,Putative tRNA (cytidine(34)-2'-O)-methyltransferase,BS:PROKKA_01200,2.1.1.207,,ab initio prediction:Prodigal:2.6;similar to AA sequence:UniProtKB:P75257,1291138,1291648
S1A_contig_004,CDS,38910,39321,+,411,PROKKA_01201,,hypothetical protein,BS:PROKKA_01201,,,ab initio prediction:Prodigal:2.6,1291774,1292185
S1A_contig_004,CDS,39493,41815,+,2322,PROKKA_01202,spoIIIE,DNA translocase SpoIIIE,BS:PROKKA_01202,,,ab initio prediction:Prodigal:2.6;similar to AA sequence:UniProtKB:P21458,1292357,1294679
S1A_contig_004,CDS,41823,43086,+,1263,PROKKA_01203,,Peptidase M16 inactive domain protein,BS:PROKKA_01203,,,ab initio prediction:Prodigal:2.6;protein motif:Pfam:PF05193.15,1294687,1295950
S1A_contig_004,CDS,43082,44375,+,1293,PROKKA_01204,albF,Putative zinc protease AlbF,BS:PROKKA_01204,3.4.24.-,,ab initio prediction:Prodigal:2.6;similar to AA sequence:UniProtKB:P71006,1295946,1297239
S1A_contig_004,CDS,44374,45103,+,729,PROKKA_01205,fabG_7,3-oxoacyl-[acyl-carrier-protein] reductase FabG,BS:PROKKA_01205,1.1.1.100,,ab initio prediction:Prodigal:2.6;similar to AA sequence:UniProtKB:P0AEK2,1297238,1297967
S1A_contig_004,CDS,45189,46119,+,930,PROKKA_01206,,cytoskeletal protein RodZ,BS:PROKKA_01206,,,ab initio prediction:Prodigal:2.6;protein motif:CLUSTERS:PRK10856,1298053,1298983
S1A_contig_004,CDS,46115,46709,+,594,PROKKA_01207,pgsA,CDP-diacylglycerol--glycerol-3-phosphate 3-phosphatidyltransferase,BS:PROKKA_01207,2.7.8.5,,ab initio prediction:Prodigal:2.6;similar to AA sequence:UniProtKB:P63756,1298979,1299573
S1A_contig_004,CDS,47082,48324,+,1242,PROKKA_01208,cinA,Putative competence-damage inducible protein,BS:PROKKA_01208,,,ab initio prediction:Prodigal:2.6;similar to AA sequence:UniProtKB:P54184,1299946,1301188
S1A_contig_004,CDS,48380,49442,+,1062,PROKKA_01209,,recombinase A,BS:PROKKA_01209,,,ab initio prediction:Prodigal:2.6;protein motif:CLUSTERS:PRK09354,1301244,1302306
S1A_contig_004,CDS,49736,51308,+,1572,PROKKA_01210,rny,Ribonuclease Y,BS:PROKKA_01210,3.1.-.-,,ab initio prediction:Prodigal:2.6;similar to AA sequence:UniProtKB:O31774,1302600,1304172
S1A_contig_004,CDS,51401,52052,-,651,PROKKA_01211,yigZ,IMPACT family member YigZ,BS:PROKKA_01211,,,ab initio prediction:Prodigal:2.6;similar to AA sequence:UniProtKB:P27862,1304265,1304916
S1A_contig_004,CDS,52076,53342,+,1266,PROKKA_01212,mfd_2,Transcription-repair-coupling factor,BS:PROKKA_01212,3.6.4.-,,ab initio prediction:Prodigal:2.6;similar to AA sequence:UniProtKB:Q7A7B2,1304940,1306206
S1A_contig_004,CDS,53341,54016,+,675,PROKKA_01213,,hypothetical protein,BS:PROKKA_01213,,,ab initio prediction:Prodigal:2.6,1306205,1306880
S1A_contig_004,CDS,54139,54697,+,558,PROKKA_01214,yvyD,Putative sigma-54 modulation protein,BS:PROKKA_01214,,,ab initio prediction:Prodigal:2.6;similar to AA sequence:UniProtKB:P28368,1307003,1307561
S1A_contig_004,CDS,55030,57394,+,2364,PROKKA_01215,,preprotein translocase subunit SecA,BS:PROKKA_01215,,,ab initio prediction:Prodigal:2.6;protein motif:CLUSTERS:PRK12906,1307894,1310258
S1A_contig_004,CDS,57527,58634,+,1107,PROKKA_01216,prfB,Peptide chain release factor 2,BS:PROKKA_01216,,,ab initio prediction:Prodigal:2.6;similar to AA sequence:UniProtKB:Q7A6R4,1310391,1311498
S1A_contig_004,CDS,58710,59397,+,687,PROKKA_01217,ftsE,Cell division ATP-binding protein FtsE,BS:PROKKA_01217,,,ab initio prediction:Prodigal:2.6;similar to AA sequence:UniProtKB:O34814,1311574,1312261
S1A_contig_004,CDS,59386,60274,+,888,PROKKA_01218,ftsX,Cell division protein FtsX,BS:PROKKA_01218,,,ab initio prediction:Prodigal:2.6;similar to AA sequence:UniProtKB:Q04LE4,1312250,1313138
S1A_contig_004,CDS,60597,61701,+,1104,PROKKA_01219,minJ,Cell division topological determinant MinJ,BS:PROKKA_01219,,,ab initio prediction:Prodigal:2.6;similar to AA sequence:UniProtKB:O34375,1313461,1314565
S1A_contig_004,CDS,61697,62405,+,708,PROKKA_01220,phoP,Alkaline phosphatase synthesis transcriptional regulatory protein PhoP,BS:PROKKA_01220,,,ab initio prediction:Prodigal:2.6;similar to AA sequence:UniProtKB:P13792,1314561,1315269
S1A_contig_004,CDS,62397,64065,+,1668,PROKKA_01221,phoR_1,Alkaline phosphatase synthesis sensor protein PhoR,BS:PROKKA_01221,2.7.13.3,,ab initio prediction:Prodigal:2.6;similar to AA sequence:UniProtKB:P23545,1315261,1316929
S1A_contig_004,CDS,64167,65028,+,861,PROKKA_01222,pstS1_1,Phosphate-binding protein PstS 1 precursor,BS:PROKKA_01222,,,ab initio prediction:Prodigal:2.6;similar to AA sequence:UniProtKB:Q8DPB1,1317031,1317892
S1A_contig_004,CDS,65168,66092,+,924,PROKKA_01223,pstC,Phosphate transport system permease protein PstC,BS:PROKKA_01223,,,ab initio prediction:Prodigal:2.6;similar to AA sequence:UniProtKB:P0AGH8,1318032,1318956
S1A_contig_004,CDS,66088,66973,+,885,PROKKA_01224,pstA,Phosphate transport system permease protein PstA,BS:PROKKA_01224,,,ab initio prediction:Prodigal:2.6;similar to AA sequence:UniProtKB:P07654,1318952,1319837
S1A_contig_004,CDS,67052,67871,+,819,PROKKA_01225,pstB3_1,Phosphate import ATP-binding protein PstB 3,BS:PROKKA_01225,3.6.3.27,,ab initio prediction:Prodigal:2.6;similar to AA sequence:UniProtKB:P0A2V9,1319916,1320735
S1A_contig_004,CDS,67880,68645,+,765,PROKKA_01226,pstB3_2,Phosphate import ATP-binding protein PstB 3,BS:PROKKA_01226,3.6.3.27,,ab initio prediction:Prodigal:2.6;similar to AA sequence:UniProtKB:P0A2V9,1320744,1321509
S1A_contig_004,CDS,68655,69333,+,678,PROKKA_01227,,hypothetical protein,BS:PROKKA_01227,,,ab initio prediction:Prodigal:2.6;similar to AA sequence:UniProtKB:P0A3Y7,1321519,1322197
S1A_contig_004,CDS,69750,71232,+,1482,PROKKA_01228,,hypothetical protein,BS:PROKKA_01228,,,ab initio prediction:Prodigal:2.6,1322614,1324096
S1A_contig_004,CDS,71243,71513,+,270,PROKKA_01229,,hypothetical protein,BS:PROKKA_01229,,,ab initio prediction:Prodigal:2.6,1324107,1324377
S1A_contig_004,CDS,71512,71848,+,336,PROKKA_01230,,Membrane protein of unknown function,BS:PROKKA_01230,,,ab initio prediction:Prodigal:2.6;protein motif:Pfam:PF04020.7,1324376,1324712
S1A_contig_004,CDS,72039,72999,+,960,PROKKA_01231,hprK,HPr kinase/phosphorylase,BS:PROKKA_01231,2.7.11.-,,ab initio prediction:Prodigal:2.6;similar to AA sequence:UniProtKB:Q9RE09,1324903,1325863
S1A_contig_004,CDS,73000,73828,+,828,PROKKA_01232,lgt,Prolipoprotein diacylglyceryl transferase,BS:PROKKA_01232,2.4.99.-,,ab initio prediction:Prodigal:2.6;similar to AA sequence:UniProtKB:O34752,1325864,1326692
S1A_contig_004,CDS,73838,74894,+,1056,PROKKA_01233,gpsA,Glycerol-3-phosphate dehydrogenase [NAD(P)+],BS:PROKKA_01233,1.1.1.94,,ab initio prediction:Prodigal:2.6;similar to AA sequence:UniProtKB:Q5XE03,1326702,1327758
S1A_contig_004,CDS,74959,75907,+,948,PROKKA_01234,trxB,Thioredoxin reductase,BS:PROKKA_01234,1.8.1.9,,ab initio prediction:Prodigal:2.6;similar to AA sequence:UniProtKB:P80880,1327823,1328771
S1A_contig_004,CDS,76138,77866,+,1728,PROKKA_01235,pgcA,Phosphoglucomutase,BS:PROKKA_01235,5.4.2.2,,ab initio prediction:Prodigal:2.6;similar to AA sequence:UniProtKB:P18159,1329002,1330730
S1A_contig_004,CDS,78100,78748,+,648,PROKKA_01236,yycF_2,Transcriptional regulatory protein YycF,BS:PROKKA_01236,,,ab initio prediction:Prodigal:2.6;similar to AA sequence:UniProtKB:P37478,1330964,1331612
S1A_contig_004,CDS,78740,79751,+,1011,PROKKA_01237,czcS_1,Sensor protein CzcS precursor,BS:PROKKA_01237,2.7.13.3,,ab initio prediction:Prodigal:2.6;similar to AA sequence:UniProtKB:Q44007,1331604,1332615
S1A_contig_004,CDS,79850,80516,+,666,PROKKA_01238,bceA_1,Bacitracin export ATP-binding protein BceA,BS:PROKKA_01238,,,ab initio prediction:Prodigal:2.6;similar to AA sequence:UniProtKB:O34697,1332714,1333380
S1A_contig_004,CDS,80521,82888,+,2367,PROKKA_01239,ytrF,ABC transporter permease YtrF precursor,BS:PROKKA_01239,,,ab initio prediction:Prodigal:2.6;similar to AA sequence:UniProtKB:O35005,1333385,1335752
S1A_contig_004,CDS,83317,83965,+,648,PROKKA_01240,yfbR,5'-deoxynucleotidase YfbR,BS:PROKKA_01240,3.1.3.89,,ab initio prediction:Prodigal:2.6;similar to AA sequence:UniProtKB:P76491,1336181,1336829
S1A_contig_004,CDS,84170,86186,+,2016,PROKKA_01241,uvrB,UvrABC system protein B,BS:PROKKA_01241,,,ab initio prediction:Prodigal:2.6;similar to AA sequence:UniProtKB:P37954,1337034,1339050
S1A_contig_004,CDS,86453,89345,+,2892,PROKKA_01242,uvrA_2,UvrABC system protein A,BS:PROKKA_01242,,,ab initio prediction:Prodigal:2.6;similar to AA sequence:UniProtKB:P63383,1339317,1342209
S1A_contig_004,CDS,89696,90236,+,540,PROKKA_01243,,acid-resistance membrane protein,BS:PROKKA_01243,,,ab initio prediction:Prodigal:2.6;protein motif:CLUSTERS:PRK10209,1342560,1343100
S1A_contig_004,CDS,90398,91286,+,888,PROKKA_01244,,glmZ(sRNA)-inactivating NTPase,BS:PROKKA_01244,,,ab initio prediction:Prodigal:2.6;protein motif:CLUSTERS:PRK05416,1343262,1344150
S1A_contig_004,CDS,91282,92311,+,1029,PROKKA_01245,,Putative gluconeogenesis factor,BS:PROKKA_01245,,,ab initio prediction:Prodigal:2.6;similar to AA sequence:UniProtKB:Q97PN8,1344146,1345175
S1A_contig_004,CDS,92315,93263,+,948,PROKKA_01246,whiA,Sporulation transcription regulator WhiA,BS:PROKKA_01246,,,ab initio prediction:Prodigal:2.6;similar to AA sequence:UniProtKB:Q9Z515,1345179,1346127
S1A_contig_004,CDS,93648,94104,+,456,PROKKA_01247,ohrR,Organic hydroperoxide resistance transcriptional regulator,BS:PROKKA_01247,,,ab initio prediction:Prodigal:2.6;similar to AA sequence:UniProtKB:O34777,1346512,1346968
S1A_contig_004,CDS,94220,94811,+,591,PROKKA_01248,clpP,ATP-dependent Clp protease proteolytic subunit,BS:PROKKA_01248,3.4.21.92,,ab initio prediction:Prodigal:2.6;similar to AA sequence:UniProtKB:Q9RQI6,1347084,1347675
S1A_contig_004,tRNA,94913,94987,+,74,PROKKA_01249,,tRNA-Arg,,,,COORDINATES: profile:Aragorn:1.2,1347777,1347851
S1A_contig_004,CDS,95277,95523,-,246,PROKKA_01250,,hypothetical protein,BS:PROKKA_01250,,,ab initio prediction:Prodigal:2.6,1348141,1348387
S1A_contig_004,CDS,95611,96649,+,1038,PROKKA_01251,cggR,Central glycolytic genes regulator,BS:PROKKA_01251,,,ab initio prediction:Prodigal:2.6;similar to AA sequence:UniProtKB:O32253,1348475,1349513
S1A_contig_004,CDS,96685,97708,+,1023,PROKKA_01252,gapA1,Glyceraldehyde-3-phosphate dehydrogenase 1,BS:PROKKA_01252,1.2.1.12,,ab initio prediction:Prodigal:2.6;similar to AA sequence:UniProtKB:Q6GIL8,1349549,1350572
S1A_contig_004,CDS,97898,99089,+,1191,PROKKA_01253,pgk,Phosphoglycerate kinase,BS:PROKKA_01253,2.7.2.3,,ab initio prediction:Prodigal:2.6;similar to AA sequence:UniProtKB:Q6GIL7,1350762,1351953
S1A_contig_004,CDS,99163,99919,+,756,PROKKA_01254,tpiA,Triosephosphate isomerase,BS:PROKKA_01254,5.3.1.1,,ab initio prediction:Prodigal:2.6;similar to AA sequence:UniProtKB:Q93GB7,1352027,1352783
S1A_contig_004,CDS,99967,101272,+,1305,PROKKA_01255,eno_1,Enolase,BS:PROKKA_01255,4.2.1.11,,ab initio prediction:Prodigal:2.6;similar to AA sequence:UniProtKB:Q8GR70,1352831,1354136
S1A_contig_004,CDS,101601,102864,+,1263,PROKKA_01256,,2-acyl-glycerophospho-ethanolamine acyltransferase,BS:PROKKA_01256,,,ab initio prediction:Prodigal:2.6;protein motif:CLUSTERS:PRK08633,1354465,1355728
S1A_contig_004,CDS,102923,103226,+,303,PROKKA_01257,,hypothetical protein,BS:PROKKA_01257,,,ab initio prediction:Prodigal:2.6,1355787,1356090
S1A_contig_004,CDS,103314,104886,+,1572,PROKKA_01258,clcA,H(+)/Cl(-) exchange transporter ClcA,BS:PROKKA_01258,,,ab initio prediction:Prodigal:2.6;similar to AA sequence:UniProtKB:Q8ZRP8,1356178,1357750
S1A_contig_004,CDS,104983,105307,+,324,PROKKA_01259,,preprotein translocase subunit SecG,BS:PROKKA_01259,,,ab initio prediction:Prodigal:2.6;protein motif:CLUSTERS:PRK06870,1357847,1358171
S1A_contig_004,CDS,105549,106284,+,735,PROKKA_01260,est,Carboxylesterase,BS:PROKKA_01260,3.1.1.1,,ab initio prediction:Prodigal:2.6;similar to AA sequence:UniProtKB:Q06174,1358413,1359148
S1A_contig_004,CDS,106285,108655,+,2370,PROKKA_01261,rnr,Ribonuclease R,BS:PROKKA_01261,3.1.13.1,,ab initio prediction:Prodigal:2.6;similar to AA sequence:UniProtKB:P21499,1359149,1361519
S1A_contig_004,CDS,108686,109160,+,474,PROKKA_01262,smpB,SsrA-binding protein,BS:PROKKA_01262,,,ab initio prediction:Prodigal:2.6;similar to AA sequence:UniProtKB:Q8RR57,1361550,1362024
S1A_contig_004,CDS,109557,110511,+,954,PROKKA_01263,exuR,putative HTH-type transcriptional repressor ExuR,BS:PROKKA_01263,,,ab initio prediction:Prodigal:2.6;similar to AA sequence:UniProtKB:Q9JMQ1,1362421,1363375
S1A_contig_004,CDS,110715,112392,+,1677,PROKKA_01264,malL_4,"Oligo-1,6-glucosidase",BS:PROKKA_01264,3.2.1.10,,ab initio prediction:Prodigal:2.6;similar to AA sequence:UniProtKB:P29094,1363579,1365256
S1A_contig_004,CDS,112388,114134,+,1746,PROKKA_01265,bbmA,Intracellular maltogenic amylase,BS:PROKKA_01265,3.2.1.-,,ab initio prediction:Prodigal:2.6;similar to AA sequence:UniProtKB:Q9R9H8,1365252,1366998
S1A_contig_004,CDS,114263,116525,+,2262,PROKKA_01266,malP,Maltose phosphorylase,BS:PROKKA_01266,2.4.1.8,,ab initio prediction:Prodigal:2.6;similar to AA sequence:UniProtKB:E6ENP7,1367127,1369389
S1A_contig_004,CDS,116517,117210,+,693,PROKKA_01267,yvdM,Beta-phosphoglucomutase,BS:PROKKA_01267,5.4.2.6,,ab initio prediction:Prodigal:2.6;similar to AA sequence:UniProtKB:O06995,1369381,1370074
S1A_contig_004,CDS,117214,118345,+,1131,PROKKA_01268,sugC_1,Trehalose import ATP-binding protein SugC,BS:PROKKA_01268,3.6.3.-,,ab initio prediction:Prodigal:2.6;similar to AA sequence:UniProtKB:O50454,1370078,1371209
S1A_contig_004,CDS,118372,119998,+,1626,PROKKA_01269,dexB,"Glucan 1,6-alpha-glucosidase",BS:PROKKA_01269,3.2.1.70,,ab initio prediction:Prodigal:2.6;similar to AA sequence:UniProtKB:Q99040,1371236,1372862
S1A_contig_004,CDS,120037,121270,+,1233,PROKKA_01270,malX_2,Maltose/maltodextrin-binding protein precursor,BS:PROKKA_01270,,,ab initio prediction:Prodigal:2.6;similar to AA sequence:UniProtKB:P59213,1372901,1374134
S1A_contig_004,CDS,121340,122699,+,1359,PROKKA_01271,malF,Maltose transport system permease protein MalF,BS:PROKKA_01271,,,ab initio prediction:Prodigal:2.6;similar to AA sequence:UniProtKB:P02916,1374204,1375563
S1A_contig_004,CDS,122704,123562,+,858,PROKKA_01272,malG,Maltose transport system permease protein MalG,BS:PROKKA_01272,,,ab initio prediction:Prodigal:2.6;similar to AA sequence:UniProtKB:P68183,1375568,1376426
S1A_contig_004,CDS,124036,124339,+,303,PROKKA_01273,,hypothetical protein,BS:PROKKA_01273,,,ab initio prediction:Prodigal:2.6,1376900,1377203
S1A_contig_004,CDS,124328,124517,+,189,PROKKA_01274,,antitoxin HipB,BS:PROKKA_01274,,,ab initio prediction:Prodigal:2.6;protein motif:CLUSTERS:PRK09726,1377192,1377381
S1A_contig_004,CDS,124836,126078,-,1242,PROKKA_01275,,Beta-lactamase superfamily domain protein,BS:PROKKA_01275,,,ab initio prediction:Prodigal:2.6;protein motif:Pfam:PF12706.1,1377700,1378942
S1A_contig_004,CDS,126206,127520,-,1314,PROKKA_01276,ugpB_3,sn-glycerol-3-phosphate-binding periplasmic protein UgpB precursor,BS:PROKKA_01276,,,ab initio prediction:Prodigal:2.6;similar to AA sequence:UniProtKB:P0AG80,1379070,1380384
S1A_contig_004,CDS,127529,128351,-,822,PROKKA_01277,araQ_2,L-arabinose transport system permease protein AraQ,BS:PROKKA_01277,,,ab initio prediction:Prodigal:2.6;similar to AA sequence:UniProtKB:P94530,1380393,1381215
S1A_contig_004,CDS,128366,129260,-,894,PROKKA_01278,lacF_1,Lactose transport system permease protein LacF,BS:PROKKA_01278,,,ab initio prediction:Prodigal:2.6;similar to AA sequence:UniProtKB:P29823,1381230,1382124
S1A_contig_004,CDS,129249,130311,-,1062,PROKKA_01279,sugC_2,Trehalose import ATP-binding protein SugC,BS:PROKKA_01279,3.6.3.-,,ab initio prediction:Prodigal:2.6;similar to AA sequence:UniProtKB:O50454,1382113,1383175
S1A_contig_004,CDS,130680,131262,+,582,PROKKA_01280,,putative acetyltransferase,BS:PROKKA_01280,,,ab initio prediction:Prodigal:2.6;protein motif:CLUSTERS:PRK03624,1383544,1384126
S1A_contig_004,CDS,131569,132076,-,507,PROKKA_01281,,hypothetical protein,BS:PROKKA_01281,,,ab initio prediction:Prodigal:2.6,1384433,1384940
S1A_contig_004,CDS,132410,133304,-,894,PROKKA_01282,ywpJ_2,Putative phosphatase YwpJ,BS:PROKKA_01282,3.1.3.-,,ab initio prediction:Prodigal:2.6;similar to AA sequence:UniProtKB:P94592,1385274,1386168
S1A_contig_004,CDS,133423,134110,+,687,PROKKA_01283,ung,Uracil-DNA glycosylase,BS:PROKKA_01283,3.2.2.27,,ab initio prediction:Prodigal:2.6;similar to AA sequence:UniProtKB:P39615,1386287,1386974
S1A_contig_004,CDS,134231,135209,+,978,PROKKA_01284,pta_1,Phosphate acetyltransferase,BS:PROKKA_01284,2.3.1.8,,ab initio prediction:Prodigal:2.6;similar to AA sequence:UniProtKB:P39646,1387095,1388073
S1A_contig_004,CDS,135205,135667,+,462,PROKKA_01285,tsaE,tRNA threonylcarbamoyladenosine biosynthesis protein TsaE,BS:PROKKA_01285,,,ab initio prediction:Prodigal:2.6;similar to AA sequence:UniProtKB:O05515,1388069,1388531
S1A_contig_004,CDS,135749,135854,+,105,PROKKA_01286,,hypothetical protein,BS:PROKKA_01286,,,ab initio prediction:Prodigal:2.6,1388613,1388718
S1A_contig_004,CDS,136116,137013,+,897,PROKKA_01287,ecsA_3,ABC-type transporter ATP-binding protein EcsA,BS:PROKKA_01287,,,ab initio prediction:Prodigal:2.6;similar to AA sequence:UniProtKB:P55339,1388980,1389877
S1A_contig_004,CDS,137005,138265,+,1260,PROKKA_01288,,ABC-2 family transporter protein,BS:PROKKA_01288,,,ab initio prediction:Prodigal:2.6;protein motif:Pfam:PF12698.1,1389869,1391129
S1A_contig_004,CDS,138399,138942,-,543,PROKKA_01289,polC_1,DNA polymerase III PolC-type,BS:PROKKA_01289,2.7.7.7,,ab initio prediction:Prodigal:2.6;similar to AA sequence:UniProtKB:P13267,1391263,1391806
S1A_contig_004,CDS,138953,139712,-,759,PROKKA_01290,exoA,Exodeoxyribonuclease,BS:PROKKA_01290,3.1.11.2,,ab initio prediction:Prodigal:2.6;similar to AA sequence:UniProtKB:P37454,1391817,1392576
S1A_contig_004,CDS,139971,140877,+,906,PROKKA_01291,murB,UDP-N-acetylenolpyruvoylglucosamine reductase,BS:PROKKA_01291,1.3.1.98,,ab initio prediction:Prodigal:2.6;similar to AA sequence:UniProtKB:Q8Y776,1392835,1393741
S1A_contig_004,CDS,140898,143007,+,2109,PROKKA_01292,nhaK_2,"Sodium, potassium, lithium and rubidium/H(+) antiporter",BS:PROKKA_01292,,,ab initio prediction:Prodigal:2.6;similar to AA sequence:UniProtKB:O32212,1393762,1395871
S1A_contig_004,CDS,143312,143852,+,540,PROKKA_01293,puuR,HTH-type transcriptional regulator PuuR,BS:PROKKA_01293,,,ab initio prediction:Prodigal:2.6;similar to AA sequence:UniProtKB:P0A9U6,1396176,1396716
S1A_contig_004,CDS,143865,144954,+,1089,PROKKA_01294,potA,Spermidine/putrescine import ATP-binding protein PotA,BS:PROKKA_01294,3.6.3.31,,ab initio prediction:Prodigal:2.6;similar to AA sequence:UniProtKB:Q7A679,1396729,1397818
S1A_contig_004,CDS,145053,145878,+,825,PROKKA_01295,potB,Spermidine/putrescine transport system permease protein PotB,BS:PROKKA_01295,,,ab initio prediction:Prodigal:2.6;similar to AA sequence:UniProtKB:P0AFK4,1397917,1398742
S1A_contig_004,CDS,145867,146707,+,840,PROKKA_01296,ydcV,Inner membrane ABC transporter permease protein YdcV,BS:PROKKA_01296,,,ab initio prediction:Prodigal:2.6;similar to AA sequence:UniProtKB:P0AFR9,1398731,1399571
S1A_contig_004,CDS,146690,147764,+,1074,PROKKA_01297,potD_1,Spermidine/putrescine-binding periplasmic protein precursor,BS:PROKKA_01297,,,ab initio prediction:Prodigal:2.6;similar to AA sequence:UniProtKB:P0AFK9,1399554,1400628
S1A_contig_004,CDS,148368,148563,-,195,PROKKA_01298,,hypothetical protein,BS:PROKKA_01298,,,ab initio prediction:Prodigal:2.6,1401232,1401427
S1A_contig_004,CDS,148781,151574,-,2793,PROKKA_01299,,Calcium-transporting ATPase 1,BS:PROKKA_01299,3.6.3.8,,ab initio prediction:Prodigal:2.6;similar to AA sequence:UniProtKB:Q73E41,1401645,1404438
S1A_contig_004,CDS,151688,152354,-,666,PROKKA_01300,bm3R1_2,HTH-type transcriptional repressor Bm3R1,BS:PROKKA_01300,,,ab initio prediction:Prodigal:2.6;similar to AA sequence:UniProtKB:P43506,1404552,1405218
S1A_contig_004,CDS,152371,153511,-,1140,PROKKA_01301,ybhR,Inner membrane transport permease YbhR,BS:PROKKA_01301,,,ab initio prediction:Prodigal:2.6;similar to AA sequence:UniProtKB:P0AFP9,1405235,1406375
S1A_contig_004,CDS,153500,154235,-,735,PROKKA_01302,drrA_3,Daunorubicin/doxorubicin resistance ATP-binding protein DrrA,BS:PROKKA_01302,3.6.3.-,,ab initio prediction:Prodigal:2.6;similar to AA sequence:UniProtKB:P32010,1406364,1407099
S1A_contig_004,CDS,154498,155356,+,858,PROKKA_01303,disA,DNA integrity scanning protein DisA,BS:PROKKA_01303,2.7.7.85,,ab initio prediction:Prodigal:2.6;protein motif:HAMAP:MF_01438,1407362,1408220
S1A_contig_004,CDS,155352,156438,+,1086,PROKKA_01304,,YbbR-like protein,BS:PROKKA_01304,,,ab initio prediction:Prodigal:2.6;protein motif:Pfam:PF07949.6,1408216,1409302
S1A_contig_004,CDS,156459,157824,+,1365,PROKKA_01305,glmM,Phosphoglucosamine mutase,BS:PROKKA_01305,5.4.2.10,,ab initio prediction:Prodigal:2.6;similar to AA sequence:UniProtKB:O34824,1409323,1410688
S1A_contig_004,CDS,158139,159951,+,1812,PROKKA_01306,glmS,Glutamine--fructose-6-phosphate aminotransferase [isomerizing],BS:PROKKA_01306,2.6.1.16,,ab initio prediction:Prodigal:2.6;similar to AA sequence:UniProtKB:P64228,1411003,1412815
S1A_contig_004,CDS,159928,160069,-,141,PROKKA_01307,,hypothetical protein,BS:PROKKA_01307,,,ab initio prediction:Prodigal:2.6,1412792,1412933
S1A_contig_004,CDS,160158,161964,-,1806,PROKKA_01308,pepF1_3,"Oligoendopeptidase F, plasmid",BS:PROKKA_01308,3.4.24.-,,ab initio prediction:Prodigal:2.6;similar to AA sequence:UniProtKB:P54124,1413022,1414828
S1A_contig_004,CDS,162038,162530,+,492,PROKKA_01309,,VanZ like family protein,BS:PROKKA_01309,,,ab initio prediction:Prodigal:2.6;protein motif:Pfam:PF04892.6,1414902,1415394
S1A_contig_004,CDS,162600,163332,+,732,PROKKA_01310,pmpR,Transcriptional regulatory protein PmpR,BS:PROKKA_01310,,,ab initio prediction:Prodigal:2.6;similar to AA sequence:UniProtKB:Q51423,1415464,1416196
S1A_contig_004,CDS,163418,164324,+,906,PROKKA_01311,epsE,Type II secretion system protein E,BS:PROKKA_01311,,,ab initio prediction:Prodigal:2.6;similar to AA sequence:UniProtKB:P37093,1416282,1417188
S1A_contig_004,CDS,164326,165274,+,948,PROKKA_01312,,Bacterial type II secretion system protein F domain protein,BS:PROKKA_01312,,,ab initio prediction:Prodigal:2.6;protein motif:Pfam:PF00482.17,1417190,1418138
S1A_contig_004,CDS,165276,165600,+,324,PROKKA_01313,,hypothetical protein,BS:PROKKA_01313,,,ab initio prediction:Prodigal:2.6,1418140,1418464
S1A_contig_004,CDS,165596,166037,+,441,PROKKA_01314,,hypothetical protein,BS:PROKKA_01314,,,ab initio prediction:Prodigal:2.6,1418460,1418901
S1A_contig_004,CDS,165997,166318,+,321,PROKKA_01315,,hypothetical protein,BS:PROKKA_01315,,,ab initio prediction:Prodigal:2.6,1418861,1419182
S1A_contig_004,CDS,166277,166739,+,462,PROKKA_01316,,hypothetical protein,BS:PROKKA_01316,,,ab initio prediction:Prodigal:2.6,1419141,1419603
S1A_contig_004,CDS,166722,167055,+,333,PROKKA_01317,,hypothetical protein,BS:PROKKA_01317,,,ab initio prediction:Prodigal:2.6,1419586,1419919
S1A_contig_004,CDS,167157,168168,+,1011,PROKKA_01318,,N5-glutamine S-adenosyl-L-methionine-dependent methyltransferase,BS:PROKKA_01318,,,ab initio prediction:Prodigal:2.6;protein motif:CLUSTERS:PRK09328,1420021,1421032
S1A_contig_004,CDS,168386,168845,+,459,PROKKA_01319,,hypothetical protein,BS:PROKKA_01319,,,ab initio prediction:Prodigal:2.6,1421250,1421709
S1A_contig_004,CDS,168983,170372,+,1389,PROKKA_01320,cycA,D-serine/D-alanine/glycine transporter,BS:PROKKA_01320,,,ab initio prediction:Prodigal:2.6;similar to AA sequence:UniProtKB:P0AAE0,1421847,1423236
S1A_contig_004,CDS,170571,171336,+,765,PROKKA_01321,,hypothetical protein,BS:PROKKA_01321,,,ab initio prediction:Prodigal:2.6,1423435,1424200
S1A_contig_004,CDS,171332,172172,+,840,PROKKA_01322,,Glycosyl transferase family 8,BS:PROKKA_01322,,,ab initio prediction:Prodigal:2.6;protein motif:Pfam:PF01501.14,1424196,1425036
S1A_contig_004,CDS,172172,173129,+,957,PROKKA_01323,gspA_1,General stress protein A,BS:PROKKA_01323,,,ab initio prediction:Prodigal:2.6;similar to AA sequence:UniProtKB:P25148,1425036,1425993
S1A_contig_004,CDS,173125,173995,+,870,PROKKA_01324,,Acyltransferase,BS:PROKKA_01324,,,ab initio prediction:Prodigal:2.6;protein motif:Pfam:PF01553.15,1425989,1426859
S1A_contig_004,CDS,174272,176564,+,2292,PROKKA_01325,rafA_1,Alpha-galactosidase,BS:PROKKA_01325,3.2.1.22,,ab initio prediction:Prodigal:2.6;similar to AA sequence:UniProtKB:P16551,1427136,1429428
S1A_contig_004,CDS,176833,177142,-,309,PROKKA_01326,,hypothetical protein,BS:PROKKA_01326,,,ab initio prediction:Prodigal:2.6,1429697,1430006
S1A_contig_004,tmRNA,177331,177692,-,361,PROKKA_01327,ssrA,"transfer-messenger RNA, SsrA",,,,COORDINATES: profile:Aragorn:1.2,1430195,1430556
S1A_contig_004,CDS,177801,178197,+,396,PROKKA_01328,,hypothetical protein,BS:PROKKA_01328,,,ab initio prediction:Prodigal:2.6,1430665,1431061
S1A_contig_004,CDS,178212,178941,+,729,PROKKA_01329,srrA_3,Transcriptional regulatory protein SrrA,BS:PROKKA_01329,,,ab initio prediction:Prodigal:2.6;similar to AA sequence:UniProtKB:Q9L524,1431076,1431805
S1A_contig_004,CDS,178937,180413,+,1476,PROKKA_01330,phoR_2,Alkaline phosphatase synthesis sensor protein PhoR,BS:PROKKA_01330,2.7.13.3,,ab initio prediction:Prodigal:2.6;similar to AA sequence:UniProtKB:P23545,1431801,1433277
S1A_contig_004,CDS,180681,181215,+,534,PROKKA_01331,,hypothetical protein,BS:PROKKA_01331,,,ab initio prediction:Prodigal:2.6,1433545,1434079
S1A_contig_004,CDS,181276,181486,-,210,PROKKA_01332,,hypothetical protein,BS:PROKKA_01332,,,ab initio prediction:Prodigal:2.6,1434140,1434350
S1A_contig_004,CDS,181933,182368,+,435,PROKKA_01333,,hypothetical protein,BS:PROKKA_01333,,,ab initio prediction:Prodigal:2.6;protein motif:CLUSTERS:PRK04435,1434797,1435232
S1A_contig_004,CDS,182392,182896,+,504,PROKKA_01334,,hypothetical protein,BS:PROKKA_01334,,,ab initio prediction:Prodigal:2.6,1435256,1435760
S1A_contig_004,CDS,182976,183312,-,336,PROKKA_01335,,hypothetical protein,BS:PROKKA_01335,,,ab initio prediction:Prodigal:2.6,1435840,1436176
S1A_contig_004,CDS,183289,184597,-,1308,PROKKA_01336,dinB_1,DNA polymerase IV,BS:PROKKA_01336,2.7.7.7,,ab initio prediction:Prodigal:2.6;similar to AA sequence:UniProtKB:Q47155,1436153,1437461
S1A_contig_004,CDS,184731,184908,-,177,PROKKA_01337,,hypothetical protein,BS:PROKKA_01337,,,ab initio prediction:Prodigal:2.6,1437595,1437772
S1A_contig_004,CDS,185043,186237,-,1194,PROKKA_01338,,hypothetical protein,BS:PROKKA_01338,,,ab initio prediction:Prodigal:2.6,1437907,1439101
S1A_contig_004,CDS,186240,187032,-,792,PROKKA_01339,tesA,Esterase TesA precursor,BS:PROKKA_01339,3.1.1.1,,ab initio prediction:Prodigal:2.6;similar to AA sequence:UniProtKB:Q9HZY8,1439104,1439896
S1A_contig_004,CDS,187063,187384,-,321,PROKKA_01340,,hypothetical protein,BS:PROKKA_01340,,,ab initio prediction:Prodigal:2.6,1439927,1440248
S1A_contig_004,CDS,187554,187743,+,189,PROKKA_01341,,hypothetical protein,BS:PROKKA_01341,,,ab initio prediction:Prodigal:2.6,1440418,1440607
S1A_contig_004,CDS,187849,190105,+,2256,PROKKA_01342,pcrA,ATP-dependent DNA helicase PcrA,BS:PROKKA_01342,3.6.4.12,,ab initio prediction:Prodigal:2.6;similar to AA sequence:UniProtKB:O34580,1440713,1442969
S1A_contig_004,CDS,190161,192186,+,2025,PROKKA_01343,ligA_1,DNA ligase,BS:PROKKA_01343,6.5.1.2,,ab initio prediction:Prodigal:2.6;similar to AA sequence:UniProtKB:Q837V6,1443025,1445050
S1A_contig_004,CDS,192195,193347,+,1152,PROKKA_01344,,CamS sex pheromone cAM373 precursor,BS:PROKKA_01344,,,ab initio prediction:Prodigal:2.6;protein motif:Pfam:PF07537.5,1445059,1446211
S1A_contig_004,CDS,193398,193695,+,297,PROKKA_01345,gatC_5,Glutamyl-tRNA(Gln) amidotransferase subunit C,BS:PROKKA_01345,6.3.5.-,,ab initio prediction:Prodigal:2.6;similar to AA sequence:UniProtKB:Q5XAC6,1446262,1446559
S1A_contig_004,CDS,193698,195153,+,1455,PROKKA_01346,gatA,Glutamyl-tRNA(Gln) amidotransferase subunit A,BS:PROKKA_01346,6.3.5.-,,ab initio prediction:Prodigal:2.6;similar to AA sequence:UniProtKB:Q97SE6,1446562,1448017
S1A_contig_004,CDS,195154,196585,+,1431,PROKKA_01347,gatB_3,Aspartyl/glutamyl-tRNA(Asn/Gln) amidotransferase subunit B,BS:PROKKA_01347,6.3.5.-,,ab initio prediction:Prodigal:2.6;similar to AA sequence:UniProtKB:O30509,1448018,1449449
S1A_contig_004,CDS,196857,197892,+,1035,PROKKA_01348,dagK_1,Diacylglycerol kinase,BS:PROKKA_01348,2.7.1.107,,ab initio prediction:Prodigal:2.6;similar to AA sequence:UniProtKB:Q6GFF9,1449721,1450756
S1A_contig_004,CDS,197893,199258,+,1365,PROKKA_01349,rlmCD_1,23S rRNA (uracil-C(5))-methyltransferase RlmCD,BS:PROKKA_01349,2.1.1.189,,ab initio prediction:Prodigal:2.6;similar to AA sequence:UniProtKB:O31503,1450757,1452122
S1A_contig_004,CDS,199818,201063,+,1245,PROKKA_01350,,Major Facilitator Superfamily protein,BS:PROKKA_01350,,,ab initio prediction:Prodigal:2.6;protein motif:Pfam:PF07690.10,1452682,1453927
S1A_contig_004,CDS,201115,201928,+,813,PROKKA_01351,yidA_4,Sugar phosphatase YidA,BS:PROKKA_01351,3.1.3.23,,ab initio prediction:Prodigal:2.6;similar to AA sequence:UniProtKB:P0A8Y5,1453979,1454792
S1A_contig_004,CDS,202007,202883,-,876,PROKKA_01352,,Polyphosphate kinase 2 (PPK2),BS:PROKKA_01352,,,ab initio prediction:Prodigal:2.6;protein motif:Pfam:PF03976.8,1454871,1455747
S1A_contig_004,CDS,203051,204956,+,1905,PROKKA_01353,pepO_1,Neutral endopeptidase,BS:PROKKA_01353,3.4.24.-,,ab initio prediction:Prodigal:2.6;similar to AA sequence:UniProtKB:Q07744,1455915,1457820
S1A_contig_004,CDS,205084,206500,+,1416,PROKKA_01354,bmr3_4,Multidrug resistance protein 3,BS:PROKKA_01354,,,ab initio prediction:Prodigal:2.6;similar to AA sequence:UniProtKB:P96712,1457948,1459364
S1A_contig_004,CDS,206584,207037,-,453,PROKKA_01355,,ribosomal-protein-alanine N-acetyltransferase,BS:PROKKA_01355,,,ab initio prediction:Prodigal:2.6;protein motif:CLUSTERS:PRK09491,1459448,1459901
S1A_contig_004,CDS,207334,208207,-,873,PROKKA_01356,,DegV domain-containing protein,BS:PROKKA_01356,,,ab initio prediction:Prodigal:2.6;similar to AA sequence:UniProtKB:P67370,1460198,1461071
S1A_contig_004,CDS,208464,209391,-,927,PROKKA_01357,hflK,Modulator of FtsH protease HflK,BS:PROKKA_01357,,,ab initio prediction:Prodigal:2.6;similar to AA sequence:UniProtKB:P0ABC7,1461328,1462255
S1A_contig_004,CDS,209475,209670,-,195,PROKKA_01358,,hypothetical protein,BS:PROKKA_01358,,,ab initio prediction:Prodigal:2.6,1462339,1462534
S1A_contig_004,CDS,210176,210914,+,738,PROKKA_01359,acm,Lysozyme M1 precursor,BS:PROKKA_01359,3.2.1.17,,ab initio prediction:Prodigal:2.6;similar to AA sequence:UniProtKB:P25310,1463040,1463778
S1A_contig_004,CDS,211046,211403,+,357,PROKKA_01360,,hypothetical protein,BS:PROKKA_01360,,,ab initio prediction:Prodigal:2.6,1463910,1464267
S1A_contig_004,CDS,211614,211971,-,357,PROKKA_01361,,hypothetical protein,BS:PROKKA_01361,,,ab initio prediction:Prodigal:2.6,1464478,1464835
S1A_contig_004,CDS,212317,213271,+,954,PROKKA_01362,afr_2,"1,5-anhydro-D-fructose reductase",BS:PROKKA_01362,1.1.1.292,,ab initio prediction:Prodigal:2.6;similar to AA sequence:UniProtKB:Q92KZ3,1465181,1466135
S1A_contig_004,CDS,213284,214571,+,1287,PROKKA_01363,cshA_2,DEAD-box ATP-dependent RNA helicase CshA,BS:PROKKA_01363,3.6.4.13,,ab initio prediction:Prodigal:2.6;similar to AA sequence:UniProtKB:P96614,1466148,1467435
S1A_contig_004,CDS,214570,214939,+,369,PROKKA_01364,licA_4,Lichenan-specific phosphotransferase enzyme IIA component,BS:PROKKA_01364,2.7.1.-,,ab initio prediction:Prodigal:2.6;similar to AA sequence:UniProtKB:P46319,1467434,1467803
S1A_contig_004,CDS,215012,215435,+,423,PROKKA_01365,,hypothetical protein,BS:PROKKA_01365,,,ab initio prediction:Prodigal:2.6,1467876,1468299
S1A_contig_004,tRNA,215527,215601,+,74,PROKKA_01366,,tRNA-Arg,,,,COORDINATES: profile:Aragorn:1.2,1468391,1468465
S1A_contig_004,CDS,215732,216455,+,723,PROKKA_01367,,hypothetical protein,BS:PROKKA_01367,,,ab initio prediction:Prodigal:2.6,1468596,1469319
S1A_contig_004,CDS,216540,218319,+,1779,PROKKA_01368,recQ_1,ATP-dependent DNA helicase RecQ,BS:PROKKA_01368,3.6.4.12,,ab initio prediction:Prodigal:2.6;similar to AA sequence:UniProtKB:P15043,1469404,1471183
S1A_contig_004,CDS,218473,219709,-,1236,PROKKA_01369,pepS,Aminopeptidase PepS,BS:PROKKA_01369,3.4.11.-,,ab initio prediction:Prodigal:2.6;similar to AA sequence:UniProtKB:Q9X4A7,1471337,1472573
S1A_contig_004,CDS,220033,220642,+,609,PROKKA_01370,,"Bacterial regulatory proteins, tetR family",BS:PROKKA_01370,,,ab initio prediction:Prodigal:2.6;protein motif:Pfam:PF00440.17,1472897,1473506
S1A_contig_004,CDS,221031,222405,+,1374,PROKKA_01371,,hypothetical protein,BS:PROKKA_01371,,,ab initio prediction:Prodigal:2.6,1473895,1475269
S1A_contig_004,CDS,222545,223553,+,1008,PROKKA_01372,,ribonuclease BN/unknown domain fusion protein,BS:PROKKA_01372,,,ab initio prediction:Prodigal:2.6;protein motif:CLUSTERS:PRK04214,1475409,1476417
S1A_contig_004,CDS,223638,224100,-,462,PROKKA_01373,,Flavodoxin,BS:PROKKA_01373,,,ab initio prediction:Prodigal:2.6;similar to AA sequence:UniProtKB:Q01095,1476502,1476964
S1A_contig_004,CDS,224352,225276,-,924,PROKKA_01374,,Glycosyl transferase family 8,BS:PROKKA_01374,,,ab initio prediction:Prodigal:2.6;protein motif:Pfam:PF01501.14,1477216,1478140
S1A_contig_004,CDS,225508,226333,+,825,PROKKA_01375,map,Methionine aminopeptidase 1,BS:PROKKA_01375,3.4.11.18,,ab initio prediction:Prodigal:2.6;similar to AA sequence:UniProtKB:P19994,1478372,1479197
S1A_contig_004,CDS,226611,227673,+,1062,PROKKA_01376,epsH_2,Putative glycosyltransferase EpsH,BS:PROKKA_01376,2.4.-.-,,ab initio prediction:Prodigal:2.6;similar to AA sequence:UniProtKB:P71057,1479475,1480537
S1A_contig_004,CDS,227891,228149,-,258,PROKKA_01377,,hypothetical protein,BS:PROKKA_01377,,,ab initio prediction:Prodigal:2.6,1480755,1481013
S1A_contig_004,CDS,228164,228374,-,210,PROKKA_01378,,hypothetical protein,BS:PROKKA_01378,,,ab initio prediction:Prodigal:2.6,1481028,1481238
S1A_contig_004,CDS,228752,229826,+,1074,PROKKA_01379,,mevalonate kinase,BS:PROKKA_01379,,,ab initio prediction:Prodigal:2.6;protein motif:CLUSTERS:PRK03926,1481616,1482690
S1A_contig_004,CDS,229983,230898,+,915,PROKKA_01380,gtaB,UTP--glucose-1-phosphate uridylyltransferase,BS:PROKKA_01380,2.7.7.9,,ab initio prediction:Prodigal:2.6;similar to AA sequence:UniProtKB:Q7A3J9,1482847,1483762
S1A_contig_004,CDS,231002,231905,-,903,PROKKA_01381,,Glycosyl transferase family 8,BS:PROKKA_01381,,,ab initio prediction:Prodigal:2.6;protein motif:Pfam:PF01501.14,1483866,1484769
S1A_contig_004,CDS,232070,232973,-,903,PROKKA_01382,,Glycosyl transferase family 8,BS:PROKKA_01382,,,ab initio prediction:Prodigal:2.6;protein motif:Pfam:PF01501.14,1484934,1485837
S1A_contig_004,CDS,233008,233917,-,909,PROKKA_01383,,Glycosyl transferase family 8,BS:PROKKA_01383,,,ab initio prediction:Prodigal:2.6;protein motif:Pfam:PF01501.14,1485872,1486781
S1A_contig_004,CDS,233962,234892,-,930,PROKKA_01384,gspA_2,General stress protein A,BS:PROKKA_01384,,,ab initio prediction:Prodigal:2.6;similar to AA sequence:UniProtKB:P25148,1486826,1487756
S1A_contig_004,CDS,234995,235184,-,189,PROKKA_01385,,hypothetical protein,BS:PROKKA_01385,,,ab initio prediction:Prodigal:2.6,1487859,1488048
S1A_contig_004,CDS,235270,237658,+,2388,PROKKA_01386,,preprotein translocase subunit SecA,BS:PROKKA_01386,,,ab initio prediction:Prodigal:2.6;protein motif:CLUSTERS:PRK09200,1488134,1490522
S1A_contig_004,CDS,237717,238941,+,1224,PROKKA_01387,,preprotein translocase subunit SecY,BS:PROKKA_01387,,,ab initio prediction:Prodigal:2.6;protein motif:CLUSTERS:PRK12417,1490581,1491805
S1A_contig_004,CDS,238955,240569,+,1614,PROKKA_01388,,hypothetical protein,BS:PROKKA_01388,,,ab initio prediction:Prodigal:2.6,1491819,1493433
S1A_contig_004,CDS,240561,242175,+,1614,PROKKA_01389,asp2,Accessory Sec system protein Asp2,BS:PROKKA_01389,,,ab initio prediction:Prodigal:2.6;similar to AA sequence:UniProtKB:Q9AET8,1493425,1495039
S1A_contig_004,CDS,242195,242945,+,750,PROKKA_01390,asp3,Accessory Sec system protein Asp3,BS:PROKKA_01390,,,ab initio prediction:Prodigal:2.6;similar to AA sequence:UniProtKB:Q9AET7,1495059,1495809
S1A_contig_004,CDS,242972,244415,+,1443,PROKKA_01391,gtf1_1,Glycosyltransferase Gtf1,BS:PROKKA_01391,2.4.1.-,,ab initio prediction:Prodigal:2.6;similar to AA sequence:UniProtKB:A1C3L9,1495836,1497279
S1A_contig_004,CDS,244404,245271,+,867,PROKKA_01392,,hypothetical protein,BS:PROKKA_01392,,,ab initio prediction:Prodigal:2.6,1497268,1498135
S1A_contig_004,CDS,245784,245964,+,180,PROKKA_01393,,hypothetical protein,BS:PROKKA_01393,,,ab initio prediction:Prodigal:2.6,1498648,1498828
S1A_contig_004,CDS,250348,250771,-,423,PROKKA_01394,,hypothetical protein,BS:PROKKA_01394,,,ab initio prediction:Prodigal:2.6,1503212,1503635
S1A_contig_005,CDS,224,1121,+,897,PROKKA_01395,glyQ,Glycine--tRNA ligase alpha subunit,BS:PROKKA_01395,6.1.1.14,,ab initio prediction:Prodigal:2.6;similar to AA sequence:UniProtKB:P00960,1504455,1505352
S1A_contig_005,CDS,1122,3192,+,2070,PROKKA_01396,glyS,Glycine--tRNA ligase beta subunit,BS:PROKKA_01396,6.1.1.14,,ab initio prediction:Prodigal:2.6;similar to AA sequence:UniProtKB:P00961,1505353,1507423
S1A_contig_005,CDS,3384,5172,+,1788,PROKKA_01397,dnaG,DNA primase,BS:PROKKA_01397,2.7.7.-,,ab initio prediction:Prodigal:2.6;similar to AA sequence:UniProtKB:Q9X4D0,1507615,1509403
S1A_contig_005,CDS,5185,6454,+,1269,PROKKA_01398,sigA,RNA polymerase sigma factor SigA,BS:PROKKA_01398,,,ab initio prediction:Prodigal:2.6;similar to AA sequence:UniProtKB:P06224,1509416,1510685
S1A_contig_005,CDS,6669,7380,+,711,PROKKA_01399,trmK,tRNA (adenine(22)-N(1))-methyltransferase,BS:PROKKA_01399,2.1.1.217,,ab initio prediction:Prodigal:2.6;similar to AA sequence:UniProtKB:P54471,1510900,1511611
S1A_contig_005,CDS,7366,8161,+,795,PROKKA_01400,,Putative GTP cyclohydrolase 1 type 2,BS:PROKKA_01400,3.5.4.16,,ab initio prediction:Prodigal:2.6;similar to AA sequence:UniProtKB:Q97PK0,1511597,1512392
S1A_contig_005,CDS,8303,8492,+,189,PROKKA_01401,,putative tautomerase,BS:PROKKA_01401,5.3.2.-,,ab initio prediction:Prodigal:2.6;similar to AA sequence:UniProtKB:Q6GH41,1512534,1512723
S1A_contig_005,CDS,8543,8894,+,351,PROKKA_01402,,hypothetical protein,BS:PROKKA_01402,,,ab initio prediction:Prodigal:2.6,1512774,1513125
S1A_contig_005,CDS,8986,9730,+,744,PROKKA_01403,,hypothetical protein,BS:PROKKA_01403,,,ab initio prediction:Prodigal:2.6,1513217,1513961
S1A_contig_005,CDS,9782,10739,+,957,PROKKA_01404,,MacB-like periplasmic core domain protein,BS:PROKKA_01404,,,ab initio prediction:Prodigal:2.6;protein motif:Pfam:PF12704.1,1514013,1514970
S1A_contig_005,CDS,10725,12057,+,1332,PROKKA_01405,rsmF,Ribosomal RNA small subunit methyltransferase F,BS:PROKKA_01405,2.1.1.178,,ab initio prediction:Prodigal:2.6;similar to AA sequence:UniProtKB:P76273,1514956,1516288
S1A_contig_005,CDS,12545,13580,-,1035,PROKKA_01406,fni,Isopentenyl-diphosphate delta-isomerase,BS:PROKKA_01406,5.3.3.2,,ab initio prediction:Prodigal:2.6;similar to AA sequence:UniProtKB:Q9KWG2,1516776,1517811
S1A_contig_005,CDS,13545,14550,-,1005,PROKKA_01407,,homoserine kinase,BS:PROKKA_01407,,,ab initio prediction:Prodigal:2.6;protein motif:CLUSTERS:PRK01212,1517776,1518781
S1A_contig_005,CDS,14557,15493,-,936,PROKKA_01408,,mevalonate kinase,BS:PROKKA_01408,,,ab initio prediction:Prodigal:2.6;protein motif:CLUSTERS:PRK03926,1518788,1519724
S1A_contig_005,CDS,15843,19383,+,3540,PROKKA_01409,addB,ATP-dependent helicase/deoxyribonuclease subunit B,BS:PROKKA_01409,3.1.-.-,,ab initio prediction:Prodigal:2.6;similar to AA sequence:UniProtKB:P23477,1520074,1523614
S1A_contig_005,CDS,19379,23084,+,3705,PROKKA_01410,addA,ATP-dependent helicase/nuclease subunit A,BS:PROKKA_01410,3.1.-.-,,ab initio prediction:Prodigal:2.6;similar to AA sequence:UniProtKB:P23478,1523610,1527315
S1A_contig_005,CDS,23122,25909,+,2787,PROKKA_01411,,hypothetical protein,BS:PROKKA_01411,,,ab initio prediction:Prodigal:2.6;similar to AA sequence:UniProtKB:Q7A5K4,1527353,1530140
S1A_contig_005,CDS,26083,26572,+,489,PROKKA_01412,,hypothetical protein,BS:PROKKA_01412,,,ab initio prediction:Prodigal:2.6,1530314,1530803
S1A_contig_005,CDS,26626,27802,+,1176,PROKKA_01413,,Aspartate aminotransferase,BS:PROKKA_01413,2.6.1.1,,ab initio prediction:Prodigal:2.6;similar to AA sequence:UniProtKB:P23034,1530857,1532033
S1A_contig_005,CDS,27832,29131,+,1299,PROKKA_01414,asnS,Asparagine--tRNA ligase,BS:PROKKA_01414,6.1.1.22,,ab initio prediction:Prodigal:2.6;similar to AA sequence:UniProtKB:P67572,1532063,1533362
S1A_contig_005,CDS,29185,29809,+,624,PROKKA_01415,dnaD,DNA replication protein DnaD,BS:PROKKA_01415,,,ab initio prediction:Prodigal:2.6;similar to AA sequence:UniProtKB:P39787,1533416,1534040
S1A_contig_005,CDS,29844,30534,+,690,PROKKA_01416,pdg_2,Ultraviolet N-glycosylase/AP lyase,BS:PROKKA_01416,,,ab initio prediction:Prodigal:2.6;similar to AA sequence:UniProtKB:P46303,1534075,1534765
S1A_contig_005,CDS,30530,30992,+,462,PROKKA_01417,tadA_2,tRNA-specific adenosine deaminase,BS:PROKKA_01417,3.5.4.33,,ab initio prediction:Prodigal:2.6;similar to AA sequence:UniProtKB:P68398,1534761,1535223
S1A_contig_005,CDS,31100,33407,-,2307,PROKKA_01418,ponA,Penicillin-binding protein 1A,BS:PROKKA_01418,,,ab initio prediction:Prodigal:2.6;similar to AA sequence:UniProtKB:Q04707,1535331,1537638
S1A_contig_005,CDS,33399,34026,-,627,PROKKA_01419,recU,Holliday junction resolvase RecU,BS:PROKKA_01419,3.1.22.-,,ab initio prediction:Prodigal:2.6;similar to AA sequence:UniProtKB:Q5KXY4,1537630,1538257
S1A_contig_005,CDS,34092,34668,+,576,PROKKA_01420,,hypothetical protein,BS:PROKKA_01420,,,ab initio prediction:Prodigal:2.6,1538323,1538899
S1A_contig_005,CDS,34723,35119,+,396,PROKKA_01421,gpsB,Cell cycle protein GpsB,BS:PROKKA_01421,,,ab initio prediction:Prodigal:2.6;similar to AA sequence:UniProtKB:P0CI74,1538954,1539350
S1A_contig_005,CDS,35919,37062,+,1143,PROKKA_01422,rlmL,Ribosomal RNA large subunit methyltransferase L,BS:PROKKA_01422,2.1.1.173,,ab initio prediction:Prodigal:2.6;similar to AA sequence:UniProtKB:Q9K0V4,1540150,1541293
S1A_contig_005,CDS,37197,38133,+,936,PROKKA_01423,ghrB,Glyoxylate/hydroxypyruvate reductase B,BS:PROKKA_01423,1.1.1.79,,ab initio prediction:Prodigal:2.6;similar to AA sequence:UniProtKB:P37666,1541428,1542364
S1A_contig_005,CDS,38288,38516,+,228,PROKKA_01424,,hypothetical protein,BS:PROKKA_01424,,,ab initio prediction:Prodigal:2.6,1542519,1542747
S1A_contig_005,CDS,38629,39643,-,1014,PROKKA_01425,lplJ,Lipoate-protein ligase LplJ,BS:PROKKA_01425,2.7.7.63,,ab initio prediction:Prodigal:2.6;similar to AA sequence:UniProtKB:O07608,1542860,1543874
S1A_contig_005,CDS,39882,41787,+,1905,PROKKA_01426,pepO_2,Neutral endopeptidase,BS:PROKKA_01426,3.4.24.-,,ab initio prediction:Prodigal:2.6;similar to AA sequence:UniProtKB:Q07744,1544113,1546018
S1A_contig_005,CDS,42014,42896,+,882,PROKKA_01427,oxyR_2,Hydrogen peroxide-inducible genes activator,BS:PROKKA_01427,,,ab initio prediction:Prodigal:2.6;similar to AA sequence:UniProtKB:P0ACQ4,1546245,1547127
S1A_contig_005,CDS,42971,43952,-,981,PROKKA_01428,nrdF2,Ribonucleoside-diphosphate reductase subunit beta nrdF2,BS:PROKKA_01428,1.17.4.1,,ab initio prediction:Prodigal:2.6;similar to AA sequence:UniProtKB:Q50549,1547202,1548183
S1A_contig_005,CDS,44004,46176,-,2172,PROKKA_01429,nrdE2,Ribonucleoside-diphosphate reductase subunit alpha 2,BS:PROKKA_01429,1.17.4.1,,ab initio prediction:Prodigal:2.6;similar to AA sequence:UniProtKB:P0CH00,1548235,1550407
S1A_contig_005,CDS,46245,46476,-,231,PROKKA_01430,nrdH_1,Glutaredoxin-like protein NrdH,BS:PROKKA_01430,,,ab initio prediction:Prodigal:2.6;similar to AA sequence:UniProtKB:Q48708,1550476,1550707
S1A_contig_005,CDS,46849,48301,+,1452,PROKKA_01431,,Mga helix-turn-helix domain protein,BS:PROKKA_01431,,,ab initio prediction:Prodigal:2.6;protein motif:Pfam:PF05043.7,1551080,1552532
S1A_contig_005,CDS,48452,48779,+,327,PROKKA_01432,,hypothetical protein,BS:PROKKA_01432,,,ab initio prediction:Prodigal:2.6,1552683,1553010
S1A_contig_005,CDS,48847,50317,-,1470,PROKKA_01433,cls,Cardiolipin synthase,BS:PROKKA_01433,2.7.8.-,,ab initio prediction:Prodigal:2.6;similar to AA sequence:UniProtKB:P63801,1553078,1554548
S1A_contig_005,CDS,50626,51229,+,603,PROKKA_01434,,Nitroreductase family protein,BS:PROKKA_01434,,,ab initio prediction:Prodigal:2.6;protein motif:Pfam:PF00881.18,1554857,1555460
S1A_contig_005,CDS,51469,51868,-,399,PROKKA_01435,rnhA_2,14.7 kDa ribonuclease H-like protein,BS:PROKKA_01435,,,ab initio prediction:Prodigal:2.6;similar to AA sequence:UniProtKB:P54162,1555700,1556099
S1A_contig_005,CDS,51892,52297,+,405,PROKKA_01436,,hypothetical protein,BS:PROKKA_01436,,,ab initio prediction:Prodigal:2.6,1556123,1556528
S1A_contig_005,CDS,52309,53983,+,1674,PROKKA_01437,fhs1,Formate--tetrahydrofolate ligase 1,BS:PROKKA_01437,6.3.4.3,,ab initio prediction:Prodigal:2.6;similar to AA sequence:UniProtKB:Q5XC12,1556540,1558214
S1A_contig_005,CDS,54093,54558,+,465,PROKKA_01438,lspA,Lipoprotein signal peptidase,BS:PROKKA_01438,3.4.23.36,,ab initio prediction:Prodigal:2.6;similar to AA sequence:UniProtKB:P00804,1558324,1558789
S1A_contig_005,CDS,54557,55478,+,921,PROKKA_01439,rluD_2,Ribosomal large subunit pseudouridine synthase D,BS:PROKKA_01439,5.4.99.23,,ab initio prediction:Prodigal:2.6;similar to AA sequence:UniProtKB:P33643,1558788,1559709
S1A_contig_005,CDS,55804,56353,+,549,PROKKA_01440,pyrR,Bifunctional protein pyrR,BS:PROKKA_01440,,,ab initio prediction:Prodigal:2.6;similar to AA sequence:UniProtKB:F2MMP6,1560035,1560584
S1A_contig_005,CDS,56354,57662,+,1308,PROKKA_01441,pyrP,Uracil permease,BS:PROKKA_01441,,,ab initio prediction:Prodigal:2.6;similar to AA sequence:UniProtKB:P39766,1560585,1561893
S1A_contig_005,CDS,57648,58590,+,942,PROKKA_01442,pyrB,Aspartate carbamoyltransferase,BS:PROKKA_01442,2.1.3.2,,ab initio prediction:Prodigal:2.6;similar to AA sequence:UniProtKB:P05654,1561879,1562821
S1A_contig_005,CDS,58593,59859,+,1266,PROKKA_01443,pyrC,Dihydroorotase,BS:PROKKA_01443,3.5.2.3,,ab initio prediction:Prodigal:2.6;similar to AA sequence:UniProtKB:P65907,1562824,1564090
S1A_contig_005,CDS,60018,61101,+,1083,PROKKA_01444,carA,Carbamoyl-phosphate synthase small chain,BS:PROKKA_01444,6.3.5.5,,ab initio prediction:Prodigal:2.6;similar to AA sequence:UniProtKB:P99147,1564249,1565332
S1A_contig_005,CDS,61103,64286,+,3183,PROKKA_01445,carB,Carbamoyl-phosphate synthase large chain,BS:PROKKA_01445,6.3.5.5,,ab initio prediction:Prodigal:2.6;similar to AA sequence:UniProtKB:O32771,1565334,1568517
S1A_contig_005,CDS,64446,65322,+,876,PROKKA_01446,pyrDB,"Dihydroorotate dehydrogenase B (NAD(+)), catalytic subunit",BS:PROKKA_01446,1.3.1.14,,ab initio prediction:Prodigal:2.6;similar to AA sequence:UniProtKB:P54322,1568677,1569553
S1A_contig_005,CDS,65318,66038,+,720,PROKKA_01447,pyrF,Orotidine 5'-phosphate decarboxylase,BS:PROKKA_01447,4.1.1.23,,ab initio prediction:Prodigal:2.6;similar to AA sequence:UniProtKB:P0CB75,1569549,1570269
S1A_contig_005,CDS,66030,66672,+,642,PROKKA_01448,pyrE,Orotate phosphoribosyltransferase,BS:PROKKA_01448,2.4.2.10,,ab initio prediction:Prodigal:2.6;similar to AA sequence:UniProtKB:P0CB78,1570261,1570903
S1A_contig_005,CDS,67221,68073,+,852,PROKKA_01449,pta_2,Phosphate acetyltransferase,BS:PROKKA_01449,2.3.1.8,,ab initio prediction:Prodigal:2.6;similar to AA sequence:UniProtKB:Q9X0L4,1571452,1572304
S1A_contig_005,CDS,68069,69191,+,1122,PROKKA_01450,buk2,Butyrate kinase 2,BS:PROKKA_01450,2.7.2.7,,ab initio prediction:Prodigal:2.6;similar to AA sequence:UniProtKB:Q97II1,1572300,1573422
S1A_contig_005,CDS,69187,70603,+,1416,PROKKA_01451,lpd,Dihydrolipoyl dehydrogenase,BS:PROKKA_01451,1.8.1.4,,ab initio prediction:Prodigal:2.6;similar to AA sequence:UniProtKB:Q8NTE1,1573418,1574834
S1A_contig_005,CDS,70620,71625,+,1005,PROKKA_01452,bfmBAA,2-oxoisovalerate dehydrogenase subunit alpha,BS:PROKKA_01452,1.2.4.4,,ab initio prediction:Prodigal:2.6;similar to AA sequence:UniProtKB:P37940,1574851,1575856
S1A_contig_005,CDS,71764,72751,+,987,PROKKA_01453,bfmBAB,2-oxoisovalerate dehydrogenase subunit beta,BS:PROKKA_01453,1.2.4.4,,ab initio prediction:Prodigal:2.6;similar to AA sequence:UniProtKB:P37941,1575995,1576982
S1A_contig_005,CDS,72768,74094,+,1326,PROKKA_01454,pdhC_1,Dihydrolipoyllysine-residue acetyltransferase component of pyruvate dehydrogenase complex,BS:PROKKA_01454,2.3.1.12,,ab initio prediction:Prodigal:2.6;similar to AA sequence:UniProtKB:P65636,1576999,1578325
S1A_contig_005,CDS,74187,75132,+,945,PROKKA_01455,panE,2-dehydropantoate 2-reductase,BS:PROKKA_01455,1.1.1.169,,ab initio prediction:Prodigal:2.6;similar to AA sequence:UniProtKB:P0A9J4,1578418,1579363
S1A_contig_005,CDS,75146,76295,+,1149,PROKKA_01456,,hypothetical protein,BS:PROKKA_01456,,,ab initio prediction:Prodigal:2.6,1579377,1580526
S1A_contig_005,CDS,76355,76667,-,312,PROKKA_01457,,hypothetical protein,BS:PROKKA_01457,,,ab initio prediction:Prodigal:2.6,1580586,1580898
S1A_contig_005,CDS,76712,78416,-,1704,PROKKA_01458,,hypothetical protein,BS:PROKKA_01458,,,ab initio prediction:Prodigal:2.6;protein motif:Pfam:PF05833.5,1580943,1582647
S1A_contig_005,CDS,78569,79436,+,867,PROKKA_01459,,DegV domain-containing protein,BS:PROKKA_01459,,,ab initio prediction:Prodigal:2.6;similar to AA sequence:UniProtKB:P0A0N0,1582800,1583667
S1A_contig_005,CDS,79485,80046,+,561,PROKKA_01460,nudF_1,ADP-ribose pyrophosphatase,BS:PROKKA_01460,3.6.1.13,,ab initio prediction:Prodigal:2.6;similar to AA sequence:UniProtKB:P54570,1583716,1584277
S1A_contig_005,CDS,80614,81712,+,1098,PROKKA_01461,hisC_1,Histidinol-phosphate aminotransferase,BS:PROKKA_01461,2.6.1.9,,ab initio prediction:Prodigal:2.6;similar to AA sequence:UniProtKB:Q92A83,1584845,1585943
S1A_contig_005,CDS,82282,83431,+,1149,PROKKA_01462,hisZ,ATP phosphoribosyltransferase regulatory subunit,BS:PROKKA_01462,,,ab initio prediction:Prodigal:2.6;similar to AA sequence:UniProtKB:Q02147,1586513,1587662
S1A_contig_005,CDS,83427,84063,+,636,PROKKA_01463,hisG,ATP phosphoribosyltransferase,BS:PROKKA_01463,2.4.2.17,,ab initio prediction:Prodigal:2.6;similar to AA sequence:UniProtKB:Q02129,1587658,1588294
S1A_contig_005,CDS,84059,85352,+,1293,PROKKA_01464,hisD,Histidinol dehydrogenase,BS:PROKKA_01464,1.1.1.23,,ab initio prediction:Prodigal:2.6;similar to AA sequence:UniProtKB:Q8G2R2,1588290,1589583
S1A_contig_005,CDS,85355,85940,+,585,PROKKA_01465,hisB,Imidazoleglycerol-phosphate dehydratase,BS:PROKKA_01465,4.2.1.19,,ab initio prediction:Prodigal:2.6;similar to AA sequence:UniProtKB:Q92TB0,1589586,1590171
S1A_contig_005,CDS,85940,86567,+,627,PROKKA_01466,hisH1,Imidazole glycerol phosphate synthase subunit HisH 1,BS:PROKKA_01466,2.4.2.-,,ab initio prediction:Prodigal:2.6;similar to AA sequence:UniProtKB:Q0P8U2,1590171,1590798
S1A_contig_005,CDS,86544,87261,+,717,PROKKA_01467,hisA,1-(5-phosphoribosyl)-5-[(5- phosphoribosylamino)methylideneamino] imidazole-4-carboxamide isomerase,BS:PROKKA_01467,5.3.1.16,,ab initio prediction:Prodigal:2.6;similar to AA sequence:UniProtKB:Q4KJS5,1590775,1591492
S1A_contig_005,CDS,87262,88021,+,759,PROKKA_01468,hisF,Imidazole glycerol phosphate synthase subunit HisF,BS:PROKKA_01468,4.1.3.-,,ab initio prediction:Prodigal:2.6;similar to AA sequence:UniProtKB:Q7SIB9,1591493,1592252
S1A_contig_005,CDS,88017,88350,+,333,PROKKA_01469,,bifunctional phosphoribosyl-AMP cyclohydrolase/phosphoribosyl-ATP pyrophosphatase protein,BS:PROKKA_01469,,,ab initio prediction:Prodigal:2.6;protein motif:CLUSTERS:PRK02759,1592248,1592581
S1A_contig_005,CDS,88346,88679,+,333,PROKKA_01470,hisE,Phosphoribosyl-ATP pyrophosphatase,BS:PROKKA_01470,3.6.1.31,,ab initio prediction:Prodigal:2.6;similar to AA sequence:UniProtKB:Q81G00,1592577,1592910
S1A_contig_005,CDS,88762,89854,+,1092,PROKKA_01471,hisC_2,Histidinol-phosphate aminotransferase,BS:PROKKA_01471,2.6.1.9,,ab initio prediction:Prodigal:2.6;similar to AA sequence:UniProtKB:Q92A83,1592993,1594085
S1A_contig_005,CDS,90122,90758,+,636,PROKKA_01472,yodC_2,Putative NAD(P)H nitroreductase YodC,BS:PROKKA_01472,1.-.-.-,,ab initio prediction:Prodigal:2.6;similar to AA sequence:UniProtKB:P81102,1594353,1594989
S1A_contig_005,CDS,90978,91377,+,399,PROKKA_01473,,Acetyltransferase (GNAT) family protein,BS:PROKKA_01473,,,ab initio prediction:Prodigal:2.6;protein motif:Pfam:PF00583.18,1595209,1595608
S1A_contig_005,CDS,91379,91775,+,396,PROKKA_01474,,Acetyltransferase (GNAT) family protein,BS:PROKKA_01474,,,ab initio prediction:Prodigal:2.6;protein motif:Pfam:PF00583.18,1595610,1596006
S1A_contig_005,CDS,92011,93076,-,1065,PROKKA_01475,,enterobactin exporter EntS,BS:PROKKA_01475,,,ab initio prediction:Prodigal:2.6;protein motif:CLUSTERS:PRK10489,1596242,1597307
S1A_contig_005,CDS,93372,94065,+,693,PROKKA_01476,graR_1,Response regulator protein GraR,BS:PROKKA_01476,,,ab initio prediction:Prodigal:2.6;similar to AA sequence:UniProtKB:Q5HI09,1597603,1598296
S1A_contig_005,CDS,94061,95018,+,957,PROKKA_01477,graS_1,Sensor histidine kinase GraS,BS:PROKKA_01477,2.7.13.3,,ab initio prediction:Prodigal:2.6;similar to AA sequence:UniProtKB:Q7A6Z3,1598292,1599249
S1A_contig_005,CDS,95111,95882,+,771,PROKKA_01478,yxdL,ABC transporter ATP-binding protein YxdL,BS:PROKKA_01478,,,ab initio prediction:Prodigal:2.6;similar to AA sequence:UniProtKB:P42423,1599342,1600113
S1A_contig_005,CDS,95878,97870,+,1992,PROKKA_01479,bceB_1,Bacitracin export permease protein BceB,BS:PROKKA_01479,,,ab initio prediction:Prodigal:2.6;similar to AA sequence:UniProtKB:O34741,1600109,1602101
S1A_contig_005,CDS,97937,98291,-,354,PROKKA_01480,,hypothetical protein,BS:PROKKA_01480,,,ab initio prediction:Prodigal:2.6,1602168,1602522
S1A_contig_005,CDS,98397,99510,-,1113,PROKKA_01481,xerS,Tyrosine recombinase XerS,BS:PROKKA_01481,,,ab initio prediction:Prodigal:2.6;similar to AA sequence:UniProtKB:A2RKP9,1602628,1603741
S1A_contig_005,CDS,100661,101594,-,933,PROKKA_01482,ppaC,putative manganese-dependent inorganic pyrophosphatase,BS:PROKKA_01482,3.6.1.1,,ab initio prediction:Prodigal:2.6;similar to AA sequence:UniProtKB:P65756,1604892,1605825
S1A_contig_005,CDS,101623,102592,-,969,PROKKA_01483,cmpR,HTH-type transcriptional activator CmpR,BS:PROKKA_01483,,,ab initio prediction:Prodigal:2.6;similar to AA sequence:UniProtKB:Q55459,1605854,1606823
S1A_contig_005,CDS,102716,103568,-,852,PROKKA_01484,pflA,Pyruvate formate-lyase-activating enzyme,BS:PROKKA_01484,1.97.1.4,,ab initio prediction:Prodigal:2.6;similar to AA sequence:UniProtKB:Q7A7X5,1606947,1607799
S1A_contig_005,CDS,103699,105961,-,2262,PROKKA_01485,pflB,Formate acetyltransferase,BS:PROKKA_01485,2.3.1.54,,ab initio prediction:Prodigal:2.6;similar to AA sequence:UniProtKB:Q7A7X6,1607930,1610192
S1A_contig_005,CDS,106212,108657,-,2445,PROKKA_01486,parC,DNA topoisomerase 4 subunit A,BS:PROKKA_01486,5.99.1.3,,ab initio prediction:Prodigal:2.6;similar to AA sequence:UniProtKB:P72525,1610443,1612888
S1A_contig_005,CDS,108663,110676,-,2013,PROKKA_01487,parE,DNA topoisomerase 4 subunit B,BS:PROKKA_01487,5.99.1.3,,ab initio prediction:Prodigal:2.6;similar to AA sequence:UniProtKB:Q59961,1612894,1614907
S1A_contig_005,CDS,111193,111817,+,624,PROKKA_01488,plsY,Glycerol-3-phosphate acyltransferase,BS:PROKKA_01488,2.3.1.-,,ab initio prediction:Prodigal:2.6;similar to AA sequence:UniProtKB:Q45064,1615424,1616048
S1A_contig_005,CDS,111898,112777,-,879,PROKKA_01489,,Aldose 1-epimerase,BS:PROKKA_01489,,,ab initio prediction:Prodigal:2.6;protein motif:Pfam:PF01263.1,1616129,1617008
S1A_contig_005,CDS,112812,114222,-,1410,PROKKA_01490,clpY,ATP-dependent protease ATPase subunit ClpY,BS:PROKKA_01490,,,ab initio prediction:Prodigal:2.6;similar to AA sequence:UniProtKB:P39778,1617043,1618453
S1A_contig_005,CDS,114265,114790,-,525,PROKKA_01491,hslV,ATP-dependent protease subunit HslV,BS:PROKKA_01491,3.4.25.2,,ab initio prediction:Prodigal:2.6;similar to AA sequence:UniProtKB:P65797,1618496,1619021
S1A_contig_005,CDS,115037,115934,-,897,PROKKA_01492,xerC,Tyrosine recombinase XerC,BS:PROKKA_01492,,,ab initio prediction:Prodigal:2.6;similar to AA sequence:UniProtKB:P39776,1619268,1620165
S1A_contig_005,CDS,116058,117378,-,1320,PROKKA_01493,trmFO,Methylenetetrahydrofolate--tRNA-(uracil-5-)- methyltransferase TrmFO,BS:PROKKA_01493,2.1.1.74,,ab initio prediction:Prodigal:2.6;similar to AA sequence:UniProtKB:P39815,1620289,1621609
S1A_contig_005,CDS,117809,119894,-,2085,PROKKA_01494,topA,DNA topoisomerase 1,BS:PROKKA_01494,5.99.1.2,,ab initio prediction:Prodigal:2.6;similar to AA sequence:UniProtKB:Q7A5Y5,1622040,1624125
S1A_contig_005,CDS,120163,120979,-,816,PROKKA_01495,,hypothetical protein,BS:PROKKA_01495,,,ab initio prediction:Prodigal:2.6;protein motif:CLUSTERS:PRK10736,1624394,1625210
S1A_contig_005,CDS,121040,121808,-,768,PROKKA_01496,rnhB,Ribonuclease HII,BS:PROKKA_01496,3.1.26.4,,ab initio prediction:Prodigal:2.6;similar to AA sequence:UniProtKB:A2REG0,1625271,1626039
S1A_contig_005,CDS,121782,122643,-,861,PROKKA_01497,rbgA,Ribosome biogenesis GTPase A,BS:PROKKA_01497,,,ab initio prediction:Prodigal:2.6;similar to AA sequence:UniProtKB:O31743,1626013,1626874
S1A_contig_005,CDS,122795,123110,-,315,PROKKA_01498,,hypothetical protein,BS:PROKKA_01498,,,ab initio prediction:Prodigal:2.6,1627026,1627341
S1A_contig_005,CDS,123204,124590,-,1386,PROKKA_01499,ctpA,Carboxy-terminal processing protease CtpA precursor,BS:PROKKA_01499,3.4.21.102,,ab initio prediction:Prodigal:2.6;similar to AA sequence:UniProtKB:O34666,1627435,1628821
S1A_contig_005,CDS,124615,124858,-,243,PROKKA_01500,,hypothetical protein,BS:PROKKA_01500,,,ab initio prediction:Prodigal:2.6,1628846,1629089
S1A_contig_005,CDS,124857,125334,-,477,PROKKA_01501,msrA,Peptide methionine sulfoxide reductase MsrA,BS:PROKKA_01501,1.8.4.11,,ab initio prediction:Prodigal:2.6;similar to AA sequence:UniProtKB:P54154,1629088,1629565
S1A_contig_005,CDS,125404,126034,-,630,PROKKA_01502,,hypothetical protein,BS:PROKKA_01502,,,ab initio prediction:Prodigal:2.6,1629635,1630265
S1A_contig_005,CDS,126039,126885,-,846,PROKKA_01503,lipC,Spore germination lipase LipC,BS:PROKKA_01503,3.-.-.-,,ab initio prediction:Prodigal:2.6;similar to AA sequence:UniProtKB:P42969,1630270,1631116
S1A_contig_005,CDS,127221,128106,-,885,PROKKA_01504,,DegV domain-containing protein,BS:PROKKA_01504,,,ab initio prediction:Prodigal:2.6;similar to AA sequence:UniProtKB:Q97QT7,1631452,1632337
S1A_contig_005,CDS,128267,128909,+,642,PROKKA_01505,,hemolysin-III related,BS:PROKKA_01505,,,ab initio prediction:Prodigal:2.6;protein motif:Pfam:PF03006.14,1632498,1633140
S1A_contig_005,CDS,129063,129555,-,492,PROKKA_01506,folA,Dihydrofolate reductase,BS:PROKKA_01506,1.5.1.3,,ab initio prediction:Prodigal:2.6;similar to AA sequence:UniProtKB:P00381,1633294,1633786
S1A_contig_005,CDS,129682,130633,-,951,PROKKA_01507,thyA,Thymidylate synthase,BS:PROKKA_01507,2.1.1.45,,ab initio prediction:Prodigal:2.6;similar to AA sequence:UniProtKB:P00469,1633913,1634864
S1A_contig_005,CDS,130661,132554,-,1893,PROKKA_01508,yjjK,putative ABC transporter ATP-binding protein YjjK,BS:PROKKA_01508,,,ab initio prediction:Prodigal:2.6;similar to AA sequence:UniProtKB:P0A9W3,1634892,1636785
S1A_contig_005,CDS,132649,133105,-,456,PROKKA_01509,,hypothetical protein,BS:PROKKA_01509,,,ab initio prediction:Prodigal:2.6,1636880,1637336
S1A_contig_005,CDS,133242,134439,-,1197,PROKKA_01510,cca,CCA-adding enzyme,BS:PROKKA_01510,2.7.7.72,,ab initio prediction:Prodigal:2.6;similar to AA sequence:UniProtKB:Q7SIB1,1637473,1638670
S1A_contig_005,CDS,134542,135421,+,879,PROKKA_01511,,hypothetical protein,BS:PROKKA_01511,,,ab initio prediction:Prodigal:2.6,1638773,1639652
S1A_contig_005,CDS,135431,136700,-,1269,PROKKA_01512,,tetratricopeptide repeat protein,BS:PROKKA_01512,,,ab initio prediction:Prodigal:2.6;protein motif:CLUSTERS:PRK11788,1639662,1640931
S1A_contig_005,CDS,136944,137220,-,276,PROKKA_01513,hup,DNA-binding protein HU,BS:PROKKA_01513,,,ab initio prediction:Prodigal:2.6;similar to AA sequence:UniProtKB:P0A3H0,1641175,1641451
S1A_contig_005,CDS,137463,138771,-,1308,PROKKA_01514,der,GTPase Der,BS:PROKKA_01514,,,ab initio prediction:Prodigal:2.6;similar to AA sequence:UniProtKB:P50743,1641694,1643002
S1A_contig_005,CDS,138860,140180,-,1320,PROKKA_01515,rps1,30S ribosomal protein S1,BS:PROKKA_01515,,,ab initio prediction:Prodigal:2.6;similar to AA sequence:UniProtKB:P50889,1643091,1644411
S1A_contig_005,CDS,140267,140933,-,666,PROKKA_01516,cmk,Cytidylate kinase,BS:PROKKA_01516,2.7.4.25,,ab initio prediction:Prodigal:2.6;similar to AA sequence:UniProtKB:Q97PK6,1644498,1645164
S1A_contig_005,CDS,140998,141619,-,621,PROKKA_01517,,lipoprotein NlpD,BS:PROKKA_01517,,,ab initio prediction:Prodigal:2.6;protein motif:CLUSTERS:PRK10871,1645229,1645850
S1A_contig_005,CDS,141677,143087,-,1410,PROKKA_01518,recQ_2,ATP-dependent DNA helicase RecQ,BS:PROKKA_01518,3.6.4.12,,ab initio prediction:Prodigal:2.6;similar to AA sequence:UniProtKB:P15043,1645908,1647318
S1A_contig_005,CDS,143073,144054,-,981,PROKKA_01519,,hypothetical protein,BS:PROKKA_01519,,,ab initio prediction:Prodigal:2.6,1647304,1648285
S1A_contig_005,CDS,144119,144377,+,258,PROKKA_01520,fer,Ferredoxin,BS:PROKKA_01520,,,ab initio prediction:Prodigal:2.6;similar to AA sequence:UniProtKB:P00212,1648350,1648608
S1A_contig_005,CDS,144523,145102,-,579,PROKKA_01521,ribU,Riboflavin transporter RibU,BS:PROKKA_01521,,,ab initio prediction:Prodigal:2.6;similar to AA sequence:UniProtKB:E5QVT2,1648754,1649333
S1A_contig_005,CDS,145404,146148,-,744,PROKKA_01522,rluB,Ribosomal large subunit pseudouridine synthase B,BS:PROKKA_01522,5.4.99.22,,ab initio prediction:Prodigal:2.6;similar to AA sequence:UniProtKB:P35159,1649635,1650379
S1A_contig_005,CDS,146131,146752,-,621,PROKKA_01523,scpB,Segregation and condensation protein B,BS:PROKKA_01523,,,ab initio prediction:Prodigal:2.6;similar to AA sequence:UniProtKB:C1CMI5,1650362,1650983
S1A_contig_005,CDS,146751,147477,-,726,PROKKA_01524,scpA,Segregation and condensation protein A,BS:PROKKA_01524,,,ab initio prediction:Prodigal:2.6;similar to AA sequence:UniProtKB:P35154,1650982,1651708
S1A_contig_005,CDS,147451,147838,-,387,PROKKA_01525,,hypothetical protein,BS:PROKKA_01525,,,ab initio prediction:Prodigal:2.6,1651682,1652069
S1A_contig_005,CDS,148091,148973,-,882,PROKKA_01526,xerD_1,Tyrosine recombinase XerD,BS:PROKKA_01526,,,ab initio prediction:Prodigal:2.6;similar to AA sequence:UniProtKB:P0A0P0,1652322,1653204
S1A_contig_005,CDS,148977,149856,-,879,PROKKA_01527,,hypothetical protein,BS:PROKKA_01527,,,ab initio prediction:Prodigal:2.6;similar to AA sequence:UniProtKB:Q7A5Q1,1653208,1654087
S1A_contig_005,CDS,149895,150357,-,462,PROKKA_01528,,hypothetical protein,BS:PROKKA_01528,,,ab initio prediction:Prodigal:2.6,1654126,1654588
S1A_contig_005,CDS,150581,152348,-,1767,PROKKA_01529,pyk,Pyruvate kinase,BS:PROKKA_01529,2.7.1.40,,ab initio prediction:Prodigal:2.6;similar to AA sequence:UniProtKB:P34038,1654812,1656579
S1A_contig_005,CDS,152406,153366,-,960,PROKKA_01530,pfkA,6-phosphofructokinase,BS:PROKKA_01530,2.7.1.11,,ab initio prediction:Prodigal:2.6;similar to AA sequence:UniProtKB:P80019,1656637,1657597
S1A_contig_005,CDS,153477,156774,-,3297,PROKKA_01531,dnaE,DNA polymerase III subunit alpha,BS:PROKKA_01531,2.7.7.7,,ab initio prediction:Prodigal:2.6;similar to AA sequence:UniProtKB:P63979,1657708,1661005
S1A_contig_005,CDS,156869,157064,+,195,PROKKA_01532,,hypothetical protein,BS:PROKKA_01532,,,ab initio prediction:Prodigal:2.6,1661100,1661295
S1A_contig_005,CDS,157171,158083,-,912,PROKKA_01533,,hypothetical protein,BS:PROKKA_01533,,,ab initio prediction:Prodigal:2.6,1661402,1662314
S1A_contig_005,CDS,158125,159679,-,1554,PROKKA_01534,yfkN_1,Trifunctional nucleotide phosphoesterase protein YfkN precursor,BS:PROKKA_01534,,,ab initio prediction:Prodigal:2.6;similar to AA sequence:UniProtKB:O34313,1662356,1663910
S1A_contig_005,CDS,159675,160227,-,552,PROKKA_01535,,hypothetical protein,BS:PROKKA_01535,,,ab initio prediction:Prodigal:2.6,1663906,1664458
S1A_contig_005,CDS,160583,160775,-,192,PROKKA_01536,rpmF,50S ribosomal protein L32,BS:PROKKA_01536,,,ab initio prediction:Prodigal:2.6;similar to AA sequence:UniProtKB:P07840,1664814,1665006
S1A_contig_005,CDS,160955,163562,-,2607,PROKKA_01537,clpB,Chaperone protein ClpB,BS:PROKKA_01537,,,ab initio prediction:Prodigal:2.6;similar to AA sequence:UniProtKB:O68185,1665186,1667793
S1A_contig_005,CDS,163918,164254,-,336,PROKKA_01538,,hypothetical protein,BS:PROKKA_01538,,,ab initio prediction:Prodigal:2.6,1668149,1668485
S1A_contig_005,CDS,164267,165053,-,786,PROKKA_01539,,putative oxidoreductase,BS:PROKKA_01539,1.-.-.-,,ab initio prediction:Prodigal:2.6;similar to AA sequence:UniProtKB:Q99RF5,1668498,1669284
S1A_contig_005,CDS,165096,166059,-,963,PROKKA_01540,rnz,Ribonuclease Z,BS:PROKKA_01540,3.1.26.11,,ab initio prediction:Prodigal:2.6;similar to AA sequence:UniProtKB:P54548,1669327,1670290
S1A_contig_005,CDS,166287,168267,-,1980,PROKKA_01541,oatA_1,O-acetyltransferase OatA,BS:PROKKA_01541,2.3.1.-,,ab initio prediction:Prodigal:2.6;similar to AA sequence:UniProtKB:Q7A3D6,1670518,1672498
S1A_contig_005,CDS,168321,169608,-,1287,PROKKA_01542,obg,GTPase ObgE,BS:PROKKA_01542,,,ab initio prediction:Prodigal:2.6;similar to AA sequence:UniProtKB:P20964,1672552,1673839
S1A_contig_005,CDS,169856,170606,+,750,PROKKA_01543,glcR_3,HTH-type transcriptional repressor GlcR,BS:PROKKA_01543,,,ab initio prediction:Prodigal:2.6;similar to AA sequence:UniProtKB:P94591,1674087,1674837
S1A_contig_005,CDS,170602,171517,+,915,PROKKA_01544,lacC_2,Tagatose-6-phosphate kinase,BS:PROKKA_01544,2.7.1.144,,ab initio prediction:Prodigal:2.6;similar to AA sequence:UniProtKB:Q833W9,1674833,1675748
S1A_contig_005,CDS,171526,173497,+,1971,PROKKA_01545,fruA_6,PTS system fructose-specific EIIABC component,BS:PROKKA_01545,,,ab initio prediction:Prodigal:2.6;similar to AA sequence:UniProtKB:P71012,1675757,1677728
S1A_contig_005,CDS,173871,175680,-,1809,PROKKA_01546,uvrC,UvrABC system protein C,BS:PROKKA_01546,,,ab initio prediction:Prodigal:2.6;similar to AA sequence:UniProtKB:Q5KWH6,1678102,1679911
S1A_contig_005,CDS,175856,176603,-,747,PROKKA_01547,glnQ_2,Glutamine transport ATP-binding protein GlnQ,BS:PROKKA_01547,,,ab initio prediction:Prodigal:2.6;similar to AA sequence:UniProtKB:P27675,1680087,1680834
S1A_contig_005,CDS,176592,178050,-,1458,PROKKA_01548,yecS_2,Inner membrane amino-acid ABC transporter permease protein YecS,BS:PROKKA_01548,,,ab initio prediction:Prodigal:2.6;similar to AA sequence:UniProtKB:P0AFT2,1680823,1682281
S1A_contig_005,CDS,178204,178366,+,162,PROKKA_01549,,hypothetical protein,BS:PROKKA_01549,,,ab initio prediction:Prodigal:2.6,1682435,1682597
S1A_contig_005,CDS,178409,178700,-,291,PROKKA_01550,,MazG nucleotide pyrophosphohydrolase domain protein,BS:PROKKA_01550,,,ab initio prediction:Prodigal:2.6;protein motif:Pfam:PF03819.11,1682640,1682931
S1A_contig_005,CDS,178703,179300,-,597,PROKKA_01551,engB,putative GTP-binding protein EngB,BS:PROKKA_01551,,,ab initio prediction:Prodigal:2.6;similar to AA sequence:UniProtKB:P38424,1682934,1683531
S1A_contig_005,CDS,179517,180768,-,1251,PROKKA_01552,clpX,ATP-dependent Clp protease ATP-binding subunit ClpX,BS:PROKKA_01552,,,ab initio prediction:Prodigal:2.6;similar to AA sequence:UniProtKB:P50866,1683748,1684999
S1A_contig_005,CDS,180962,182300,-,1338,PROKKA_01553,tig,Trigger factor,BS:PROKKA_01553,5.2.1.8,,ab initio prediction:Prodigal:2.6;similar to AA sequence:UniProtKB:P80698,1685193,1686531
S1A_contig_005,CDS,182490,184227,-,1737,PROKKA_01554,,Putative multidrug export ATP-binding/permease protein,BS:PROKKA_01554,3.6.3.-,,ab initio prediction:Prodigal:2.6;similar to AA sequence:UniProtKB:Q99T13,1686721,1688458
S1A_contig_005,CDS,184680,185871,-,1191,PROKKA_01555,tuf,Elongation factor Tu,BS:PROKKA_01555,,,ab initio prediction:Prodigal:2.6;similar to AA sequence:UniProtKB:Q5XD49,1688911,1690102
S1A_contig_005,CDS,186081,186993,-,912,PROKKA_01556,,hypothetical protein,BS:PROKKA_01556,,,ab initio prediction:Prodigal:2.6,1690312,1691224
S1A_contig_005,CDS,187079,188762,-,1683,PROKKA_01557,,Ribonuclease J 2,BS:PROKKA_01557,3.1.-.-,,ab initio prediction:Prodigal:2.6;similar to AA sequence:UniProtKB:Q7A5X6,1691310,1692993
S1A_contig_005,CDS,188937,189633,-,696,PROKKA_01558,,hypothetical protein,BS:PROKKA_01558,,,ab initio prediction:Prodigal:2.6,1693168,1693864
S1A_contig_005,CDS,189824,190094,-,270,PROKKA_01559,rpsO,30S ribosomal protein S15,BS:PROKKA_01559,,,ab initio prediction:Prodigal:2.6;similar to AA sequence:UniProtKB:Q7A5X8,1694055,1694325
S1A_contig_005,CDS,190203,190317,+,114,PROKKA_01560,,hypothetical protein,BS:PROKKA_01560,,,ab initio prediction:Prodigal:2.6,1694434,1694548
S1A_contig_005,CDS,190341,190596,+,255,PROKKA_01561,rpsT,30S ribosomal protein S20,BS:PROKKA_01561,,,ab initio prediction:Prodigal:2.6;similar to AA sequence:UniProtKB:Q7A5C0,1694572,1694827
S1A_contig_005,CDS,190686,191730,-,1044,PROKKA_01562,,DNA polymerase III subunit delta,BS:PROKKA_01562,,,ab initio prediction:Prodigal:2.6;protein motif:CLUSTERS:PRK05574,1694917,1695961
S1A_contig_005,CDS,191716,193921,-,2205,PROKKA_01563,,ComEC family competence protein,BS:PROKKA_01563,,,ab initio prediction:Prodigal:2.6;protein motif:CLUSTERS:PRK11539,1695947,1698152
S1A_contig_005,CDS,193917,194601,-,684,PROKKA_01564,comEA,ComE operon protein 1,BS:PROKKA_01564,,,ab initio prediction:Prodigal:2.6;similar to AA sequence:UniProtKB:P39694,1698148,1698832
S1A_contig_005,CDS,194714,195719,-,1005,PROKKA_01565,lon,Lon protease,BS:PROKKA_01565,3.4.21.53,,ab initio prediction:Prodigal:2.6;protein motif:HAMAP:MF_01973,1698945,1699950
S1A_contig_005,CDS,195774,196278,-,504,PROKKA_01566,coaD,Phosphopantetheine adenylyltransferase,BS:PROKKA_01566,2.7.7.3,,ab initio prediction:Prodigal:2.6;similar to AA sequence:UniProtKB:Q831P9,1700005,1700509
S1A_contig_005,CDS,196270,196837,-,567,PROKKA_01567,rsmD,Ribosomal RNA small subunit methyltransferase D,BS:PROKKA_01567,2.1.1.171,,ab initio prediction:Prodigal:2.6;similar to AA sequence:UniProtKB:P44869,1700501,1701068
S1A_contig_005,CDS,196823,197201,-,378,PROKKA_01568,,hypothetical protein,BS:PROKKA_01568,,,ab initio prediction:Prodigal:2.6;protein motif:CLUSTERS:PRK02886,1701054,1701432
S1A_contig_005,CDS,197197,200635,-,3438,PROKKA_01569,cfiB,2-oxoglutarate carboxylase small subunit,BS:PROKKA_01569,6.4.1.7,,ab initio prediction:Prodigal:2.6;similar to AA sequence:UniProtKB:D3DJ42,1701428,1704866
S1A_contig_005,CDS,200627,201797,-,1170,PROKKA_01570,ftsW,Lipid II flippase FtsW,BS:PROKKA_01570,,,ab initio prediction:Prodigal:2.6;similar to AA sequence:UniProtKB:O07639,1704858,1706028
S1A_contig_005,CDS,202036,203881,-,1845,PROKKA_01571,typA,GTP-binding protein TypA/BipA,BS:PROKKA_01571,,,ab initio prediction:Prodigal:2.6;similar to AA sequence:UniProtKB:P32132,1706267,1708112
S1A_contig_005,CDS,204139,204931,-,792,PROKKA_01572,suhB,Inositol-1-monophosphatase,BS:PROKKA_01572,3.1.3.25,,ab initio prediction:Prodigal:2.6;similar to AA sequence:UniProtKB:P0ADG4,1708370,1709162
S1A_contig_005,CDS,204933,205215,-,282,PROKKA_01573,,hypothetical protein,BS:PROKKA_01573,,,ab initio prediction:Prodigal:2.6;protein motif:CLUSTERS:PRK04387,1709164,1709446
S1A_contig_005,CDS,205204,206095,-,891,PROKKA_01574,ldh_3,L-lactate dehydrogenase,BS:PROKKA_01574,1.1.1.27,,ab initio prediction:Prodigal:2.6;similar to AA sequence:UniProtKB:P00344,1709435,1710326
S1A_contig_005,CDS,206331,207735,-,1404,PROKKA_01575,pdhD,Dihydrolipoyl dehydrogenase,BS:PROKKA_01575,1.8.1.4,,ab initio prediction:Prodigal:2.6;similar to AA sequence:UniProtKB:P99084,1710562,1711966
S1A_contig_005,CDS,207737,209402,-,1665,PROKKA_01576,pdhC_2,Dihydrolipoyllysine-residue acetyltransferase component of pyruvate dehydrogenase complex,BS:PROKKA_01576,2.3.1.12,,ab initio prediction:Prodigal:2.6;similar to AA sequence:UniProtKB:P11961,1711968,1713633
S1A_contig_005,CDS,209419,210397,-,978,PROKKA_01577,pdhB,Pyruvate dehydrogenase E1 component subunit beta,BS:PROKKA_01577,1.2.4.1,,ab initio prediction:Prodigal:2.6;similar to AA sequence:UniProtKB:P21874,1713650,1714628
S1A_contig_005,CDS,210399,211512,-,1113,PROKKA_01578,pdhA,Pyruvate dehydrogenase E1 component subunit alpha,BS:PROKKA_01578,1.2.4.1,,ab initio prediction:Prodigal:2.6;similar to AA sequence:UniProtKB:Q820A6,1714630,1715743
S1A_contig_005,CDS,211772,212588,-,816,PROKKA_01579,,hypothetical protein,BS:PROKKA_01579,,,ab initio prediction:Prodigal:2.6,1716003,1716819
S1A_contig_005,CDS,213360,213915,+,555,PROKKA_01580,def,Peptide deformylase,BS:PROKKA_01580,3.5.1.88,,ab initio prediction:Prodigal:2.6;similar to AA sequence:UniProtKB:Q82ZJ0,1717591,1718146
S1A_contig_005,CDS,213978,214272,-,294,PROKKA_01581,,hypothetical protein,BS:PROKKA_01581,,,ab initio prediction:Prodigal:2.6,1718209,1718503
S1A_contig_005,CDS,214302,214752,-,450,PROKKA_01582,,hypothetical protein,BS:PROKKA_01582,,,ab initio prediction:Prodigal:2.6,1718533,1718983
S1A_contig_005,CDS,215371,215584,+,213,PROKKA_01583,,hypothetical protein,BS:PROKKA_01583,,,ab initio prediction:Prodigal:2.6,1719602,1719815
S1A_contig_005,CDS,215588,217271,+,1683,PROKKA_01584,rnjA,Ribonuclease J 1,BS:PROKKA_01584,3.1.-.-,,ab initio prediction:Prodigal:2.6;similar to AA sequence:UniProtKB:Q45493,1719819,1721502
S1A_contig_005,CDS,217560,218511,+,951,PROKKA_01585,ytlR_2,Putative lipid kinase YtlR,BS:PROKKA_01585,2.7.1.-,,ab initio prediction:Prodigal:2.6;similar to AA sequence:UniProtKB:O34799,1721791,1722742
S1A_contig_006,CDS,1068,1632,+,564,PROKKA_01586,efp_1,Elongation factor P,BS:PROKKA_01586,,,ab initio prediction:Prodigal:2.6;similar to AA sequence:UniProtKB:Q5XA92,1723989,1724553
S1A_contig_006,CDS,1859,3290,+,1431,PROKKA_01587,emrY,putative multidrug resistance protein EmrY,BS:PROKKA_01587,,,ab initio prediction:Prodigal:2.6;similar to AA sequence:UniProtKB:P52600,1724780,1726211
S1A_contig_006,CDS,3721,5344,+,1623,PROKKA_01588,dppE_2,Dipeptide-binding protein DppE precursor,BS:PROKKA_01588,,,ab initio prediction:Prodigal:2.6;similar to AA sequence:UniProtKB:P26906,1726642,1728265
S1A_contig_006,CDS,5518,6442,+,924,PROKKA_01589,oppB_1,Oligopeptide transport system permease protein OppB,BS:PROKKA_01589,,,ab initio prediction:Prodigal:2.6;similar to AA sequence:UniProtKB:P24138,1728439,1729363
S1A_contig_006,CDS,6441,7440,+,999,PROKKA_01590,oppC_1,Oligopeptide transport system permease protein OppC,BS:PROKKA_01590,,,ab initio prediction:Prodigal:2.6;similar to AA sequence:UniProtKB:P24139,1729362,1730361
S1A_contig_006,CDS,7451,8504,+,1053,PROKKA_01591,oppD_1,Oligopeptide transport ATP-binding protein OppD,BS:PROKKA_01591,,,ab initio prediction:Prodigal:2.6;similar to AA sequence:UniProtKB:P24136,1730372,1731425
S1A_contig_006,CDS,8505,9483,+,978,PROKKA_01592,oppF_1,Oligopeptide transport ATP-binding protein OppF,BS:PROKKA_01592,,,ab initio prediction:Prodigal:2.6;similar to AA sequence:UniProtKB:P24137,1731426,1732404
S1A_contig_006,CDS,9791,10430,+,639,PROKKA_01593,gpgP,Glucosyl-3-phosphoglycerate phosphatase,BS:PROKKA_01593,3.1.3.-,,ab initio prediction:Prodigal:2.6;similar to AA sequence:UniProtKB:A1TC01,1732712,1733351
S1A_contig_006,CDS,10689,11001,+,312,PROKKA_01594,,anaerobic benzoate catabolism transcriptional regulator,BS:PROKKA_01594,,,ab initio prediction:Prodigal:2.6;protein motif:CLUSTERS:PRK08154,1733610,1733922
S1A_contig_006,CDS,11285,11510,+,225,PROKKA_01595,,hypothetical protein,BS:PROKKA_01595,,,ab initio prediction:Prodigal:2.6,1734206,1734431
S1A_contig_006,CDS,11506,12220,+,714,PROKKA_01596,kduD,2-dehydro-3-deoxy-D-gluconate 5-dehydrogenase,BS:PROKKA_01596,1.1.1.127,,ab initio prediction:Prodigal:2.6;similar to AA sequence:UniProtKB:P50842,1734427,1735141
S1A_contig_006,CDS,12331,12832,+,501,PROKKA_01597,queT_2,Queuosine precursor transporter QueT,BS:PROKKA_01597,,,ab initio prediction:Prodigal:2.6;similar to AA sequence:UniProtKB:A2RM05,1735252,1735753
S1A_contig_006,CDS,13114,13834,-,720,PROKKA_01598,oatA_2,O-acetyltransferase OatA,BS:PROKKA_01598,2.3.1.-,,ab initio prediction:Prodigal:2.6;similar to AA sequence:UniProtKB:Q7A3D6,1736035,1736755
S1A_contig_006,CDS,14190,15171,+,981,PROKKA_01599,strE,"dTDP-glucose 4,6-dehydratase",BS:PROKKA_01599,4.2.1.46,,ab initio prediction:Prodigal:2.6;similar to AA sequence:UniProtKB:P29782,1737111,1738092
S1A_contig_006,CDS,15568,16480,+,912,PROKKA_01600,cap8A_1,Capsular polysaccharide type 8 biosynthesis protein cap8A,BS:PROKKA_01600,,,ab initio prediction:Prodigal:2.6;similar to AA sequence:UniProtKB:P72367,1738489,1739401
S1A_contig_006,CDS,16493,17246,+,753,PROKKA_01601,ywqD_1,Tyrosine-protein kinase YwqD,BS:PROKKA_01601,2.7.10.2,,ab initio prediction:Prodigal:2.6;similar to AA sequence:UniProtKB:P96716,1739414,1740167
S1A_contig_006,CDS,17328,18453,+,1125,PROKKA_01602,glf,UDP-galactopyranose mutase,BS:PROKKA_01602,5.4.99.9,,ab initio prediction:Prodigal:2.6;similar to AA sequence:UniProtKB:P37747,1740249,1741374
S1A_contig_006,CDS,18540,19938,+,1398,PROKKA_01603,rfbX,Putative O-antigen transporter,BS:PROKKA_01603,,,ab initio prediction:Prodigal:2.6;similar to AA sequence:UniProtKB:P37746,1741461,1742859
S1A_contig_006,CDS,20002,21370,+,1368,PROKKA_01604,,hypothetical protein,BS:PROKKA_01604,,,ab initio prediction:Prodigal:2.6,1742923,1744291
S1A_contig_006,CDS,21424,22489,+,1065,PROKKA_01605,wbbI,"Beta-1,6-galactofuranosyltransferase WbbI",BS:PROKKA_01605,2.4.1.-,,ab initio prediction:Prodigal:2.6;similar to AA sequence:UniProtKB:P37749,1744345,1745410
S1A_contig_006,CDS,22529,23666,+,1137,PROKKA_01606,epsF,Putative glycosyltransferase EpsF,BS:PROKKA_01606,2.4.-.-,,ab initio prediction:Prodigal:2.6;similar to AA sequence:UniProtKB:P71055,1745450,1746587
S1A_contig_006,CDS,23680,24772,+,1092,PROKKA_01607,tagE_3,putative poly(glycerol-phosphate) alpha-glucosyltransferase,BS:PROKKA_01607,2.4.1.52,,ab initio prediction:Prodigal:2.6;similar to AA sequence:UniProtKB:P13484,1746601,1747693
S1A_contig_006,CDS,24865,25663,+,798,PROKKA_01608,,hypothetical protein,BS:PROKKA_01608,,,ab initio prediction:Prodigal:2.6,1747786,1748584
S1A_contig_006,CDS,25754,26783,+,1029,PROKKA_01609,,Acyltransferase family protein,BS:PROKKA_01609,,,ab initio prediction:Prodigal:2.6;protein motif:Pfam:PF01757.16,1748675,1749704
S1A_contig_006,CDS,26779,27190,+,411,PROKKA_01610,,hypothetical protein,BS:PROKKA_01610,,,ab initio prediction:Prodigal:2.6,1749700,1750111
S1A_contig_006,CDS,27398,28067,+,669,PROKKA_01611,pglC,"Undecaprenyl phosphate N,N'-diacetylbacillosamine 1-phosphate transferase",BS:PROKKA_01611,2.7.8.36,,ab initio prediction:Prodigal:2.6;similar to AA sequence:UniProtKB:Q0P9D0,1750319,1750988
S1A_contig_006,CDS,28249,29143,-,894,PROKKA_01612,brpA_3,Biofilm regulatory protein A precursor,BS:PROKKA_01612,,,ab initio prediction:Prodigal:2.6;similar to AA sequence:UniProtKB:Q8DVR0,1751170,1752064
S1A_contig_006,CDS,29320,30085,+,765,PROKKA_01613,ywqE,Tyrosine-protein phosphatase YwqE,BS:PROKKA_01613,3.1.3.48,,ab initio prediction:Prodigal:2.6;similar to AA sequence:UniProtKB:P96717,1752241,1753006
S1A_contig_006,CDS,30449,32600,+,2151,PROKKA_01614,clpC_1,putative ATP-dependent Clp protease ATP-binding subunit,BS:PROKKA_01614,,,ab initio prediction:Prodigal:2.6;similar to AA sequence:UniProtKB:Q5XCL7,1753370,1755521
S1A_contig_006,CDS,33232,33634,+,402,PROKKA_01615,spxA_1,Regulatory protein Spx,BS:PROKKA_01615,,,ab initio prediction:Prodigal:2.6;similar to AA sequence:UniProtKB:Q8DU17,1756153,1756555
S1A_contig_006,CDS,34065,35997,+,1932,PROKKA_01616,fbp,"Fructose-1,6-bisphosphatase class 3",BS:PROKKA_01616,3.1.3.11,,ab initio prediction:Prodigal:2.6;similar to AA sequence:UniProtKB:Q45597,1756986,1758918
S1A_contig_006,CDS,36463,37294,+,831,PROKKA_01617,,hypothetical protein,BS:PROKKA_01617,,,ab initio prediction:Prodigal:2.6,1759384,1760215
S1A_contig_006,CDS,37883,39296,-,1413,PROKKA_01618,,hypothetical protein,BS:PROKKA_01618,,,ab initio prediction:Prodigal:2.6,1760804,1762217
S1A_contig_006,CDS,39385,39526,-,141,PROKKA_01619,,hypothetical protein,BS:PROKKA_01619,,,ab initio prediction:Prodigal:2.6,1762306,1762447
S1A_contig_006,CDS,39900,40803,+,903,PROKKA_01620,,Sortase family protein,BS:PROKKA_01620,,,ab initio prediction:Prodigal:2.6;protein motif:Pfam:PF04203.7,1762821,1763724
S1A_contig_006,CDS,41069,42101,-,1032,PROKKA_01621,ilvE,Branched-chain-amino-acid transaminase 1,BS:PROKKA_01621,2.6.1.42,,ab initio prediction:Prodigal:2.6;similar to AA sequence:UniProtKB:O31461,1763990,1765022
S1A_contig_006,CDS,42477,44577,+,2100,PROKKA_01622,glgB,"1,4-alpha-glucan branching enzyme GlgB",BS:PROKKA_01622,2.4.1.18,,ab initio prediction:Prodigal:2.6;similar to AA sequence:UniProtKB:P30537,1765398,1767498
S1A_contig_006,CDS,44573,45716,+,1143,PROKKA_01623,glgC,Glucose-1-phosphate adenylyltransferase,BS:PROKKA_01623,2.7.7.27,,ab initio prediction:Prodigal:2.6;similar to AA sequence:UniProtKB:P39122,1767494,1768637
S1A_contig_006,CDS,45712,46882,+,1170,PROKKA_01624,glgD,Glycogen biosynthesis protein GlgD,BS:PROKKA_01624,,,ab initio prediction:Prodigal:2.6;similar to AA sequence:UniProtKB:P39124,1768633,1769803
S1A_contig_006,CDS,46874,48320,+,1446,PROKKA_01625,glgA,Glycogen synthase,BS:PROKKA_01625,2.4.1.21,,ab initio prediction:Prodigal:2.6;similar to AA sequence:UniProtKB:P39125,1769795,1771241
S1A_contig_006,CDS,48535,50944,+,2409,PROKKA_01626,glgP,Glycogen phosphorylase,BS:PROKKA_01626,2.4.1.1,,ab initio prediction:Prodigal:2.6;similar to AA sequence:UniProtKB:P39123,1771456,1773865
S1A_contig_006,CDS,51193,52972,+,1779,PROKKA_01627,apu,Amylopullulanase precursor,BS:PROKKA_01627,,,ab initio prediction:Prodigal:2.6;similar to AA sequence:UniProtKB:P38939,1774114,1775893
S1A_contig_006,CDS,53419,54349,-,930,PROKKA_01628,apbE_3,Thiamine biosynthesis lipoprotein ApbE precursor,BS:PROKKA_01628,,,ab initio prediction:Prodigal:2.6;similar to AA sequence:UniProtKB:O83774,1776340,1777270
S1A_contig_006,CDS,54523,54859,+,336,PROKKA_01629,czrA_1,HTH-type transcriptional repressor CzrA,BS:PROKKA_01629,,,ab initio prediction:Prodigal:2.6;similar to AA sequence:UniProtKB:O31844,1777444,1777780
S1A_contig_006,CDS,55033,55978,+,945,PROKKA_01630,fieF,Ferrous-iron efflux pump FieF,BS:PROKKA_01630,,,ab initio prediction:Prodigal:2.6;similar to AA sequence:UniProtKB:P69380,1777954,1778899
S1A_contig_006,CDS,56511,57786,+,1275,PROKKA_01631,tyrS1,Tyrosine--tRNA ligase 1,BS:PROKKA_01631,6.1.1.1,,ab initio prediction:Prodigal:2.6;similar to AA sequence:UniProtKB:P22326,1779432,1780707
S1A_contig_006,CDS,58093,59311,+,1218,PROKKA_01632,ykfC,Gamma-D-glutamyl-L-lysine endopeptidase,BS:PROKKA_01632,3.4.-.-,,ab initio prediction:Prodigal:2.6;similar to AA sequence:UniProtKB:O35010,1781014,1782232
S1A_contig_006,CDS,59417,59825,+,408,PROKKA_01633,,Acetyltransferase (GNAT) family protein,BS:PROKKA_01633,,,ab initio prediction:Prodigal:2.6;protein motif:Pfam:PF00583.18,1782338,1782746
S1A_contig_006,CDS,59941,60544,+,603,PROKKA_01634,gmk_1,Guanylate kinase,BS:PROKKA_01634,2.7.4.8,,ab initio prediction:Prodigal:2.6;similar to AA sequence:UniProtKB:Q2GLF7,1782862,1783465
S1A_contig_006,CDS,60613,60727,-,114,PROKKA_01635,,hypothetical protein,BS:PROKKA_01635,,,ab initio prediction:Prodigal:2.6,1783534,1783648
S1A_contig_006,CDS,60835,61282,+,447,PROKKA_01636,zur,Zinc-specific metallo-regulatory protein,BS:PROKKA_01636,,,ab initio prediction:Prodigal:2.6;similar to AA sequence:UniProtKB:P54479,1783756,1784203
S1A_contig_006,CDS,61573,62014,+,441,PROKKA_01637,,hypothetical protein,BS:PROKKA_01637,,,ab initio prediction:Prodigal:2.6,1784494,1784935
S1A_contig_006,CDS,62034,63021,+,987,PROKKA_01638,,hypothetical protein,BS:PROKKA_01638,,,ab initio prediction:Prodigal:2.6,1784955,1785942
S1A_contig_006,CDS,63437,64175,+,738,PROKKA_01639,glnQ_3,Glutamine transport ATP-binding protein GlnQ,BS:PROKKA_01639,,,ab initio prediction:Prodigal:2.6;similar to AA sequence:UniProtKB:P27675,1786358,1787096
S1A_contig_006,CDS,64302,65127,+,825,PROKKA_01640,glnH_3,ABC transporter glutamine-binding protein GlnH precursor,BS:PROKKA_01640,,,ab initio prediction:Prodigal:2.6;similar to AA sequence:UniProtKB:O34563,1787223,1788048
S1A_contig_006,CDS,65128,65773,+,645,PROKKA_01641,glnM,putative glutamine ABC transporter permease protein GlnM,BS:PROKKA_01641,,,ab initio prediction:Prodigal:2.6;similar to AA sequence:UniProtKB:O34671,1788049,1788694
S1A_contig_006,CDS,65788,66451,+,663,PROKKA_01642,glnP,putative glutamine ABC transporter permease protein GlnP,BS:PROKKA_01642,,,ab initio prediction:Prodigal:2.6;similar to AA sequence:UniProtKB:O34606,1788709,1789372
S1A_contig_006,CDS,66609,67545,+,936,PROKKA_01643,,UDP-glucose 4-epimerase,BS:PROKKA_01643,5.1.3.2,,ab initio prediction:Prodigal:2.6;similar to AA sequence:UniProtKB:A0R5C5,1789530,1790466
S1A_contig_006,CDS,67629,68385,+,756,PROKKA_01644,wfgD,"UDP-Glc:alpha-D-GlcNAc-diphosphoundecaprenol beta-1,3-glucosyltransferase WfgD",BS:PROKKA_01644,2.4.1.305,,ab initio prediction:Prodigal:2.6;similar to AA sequence:UniProtKB:B5L3F2,1790550,1791306
S1A_contig_006,CDS,68406,69147,+,741,PROKKA_01645,,Glycosyltransferase sugar-binding region containing DXD motif protein,BS:PROKKA_01645,,,ab initio prediction:Prodigal:2.6;protein motif:Pfam:PF04488.9,1791327,1792068
S1A_contig_006,CDS,69277,70678,+,1401,PROKKA_01646,wecA,UDP-N-acetylgalactosamine-undecaprenyl-phosphate N-acetylgalactosaminephosphotransferase,BS:PROKKA_01646,2.7.8.40,,ab initio prediction:Prodigal:2.6;similar to AA sequence:UniProtKB:B3FN88,1792198,1793599
S1A_contig_006,CDS,70820,71687,+,867,PROKKA_01647,,hypothetical protein,BS:PROKKA_01647,,,ab initio prediction:Prodigal:2.6,1793741,1794608
S1A_contig_006,CDS,71948,73091,+,1143,PROKKA_01648,mnaA,UDP-N-acetylglucosamine 2-epimerase,BS:PROKKA_01648,5.1.3.14,,ab initio prediction:Prodigal:2.6;similar to AA sequence:UniProtKB:P39131,1794869,1796012
S1A_contig_006,CDS,73162,74155,+,993,PROKKA_01649,ykoT_2,putative glycosyltransferase YkoT,BS:PROKKA_01649,2.4.-.-,,ab initio prediction:Prodigal:2.6;similar to AA sequence:UniProtKB:O34755,1796083,1797076
S1A_contig_006,CDS,74282,75323,-,1041,PROKKA_01650,,Acyltransferase family protein,BS:PROKKA_01650,,,ab initio prediction:Prodigal:2.6;protein motif:Pfam:PF01757.16,1797203,1798244
S1A_contig_006,CDS,75573,77061,+,1488,PROKKA_01651,,hypothetical protein,BS:PROKKA_01651,,,ab initio prediction:Prodigal:2.6,1798494,1799982
S1A_contig_006,CDS,77199,79281,+,2082,PROKKA_01652,lyc,Autolytic lysozyme,BS:PROKKA_01652,3.2.1.17,,ab initio prediction:Prodigal:2.6;similar to AA sequence:UniProtKB:P34020,1800120,1802202
S1A_contig_006,CDS,79476,81216,+,1740,PROKKA_01653,,hypothetical protein,BS:PROKKA_01653,,,ab initio prediction:Prodigal:2.6,1802397,1804137
S1A_contig_006,CDS,81370,83044,-,1674,PROKKA_01654,,hypothetical protein,BS:PROKKA_01654,,,ab initio prediction:Prodigal:2.6,1804291,1805965
S1A_contig_006,CDS,83454,84420,+,966,PROKKA_01655,epsJ_2,putative glycosyltransferase EpsJ,BS:PROKKA_01655,2.4.-.-,,ab initio prediction:Prodigal:2.6;similar to AA sequence:UniProtKB:P71059,1806375,1807341
S1A_contig_006,CDS,84474,85611,+,1137,PROKKA_01656,,Glycosyl transferases group 1,BS:PROKKA_01656,,,ab initio prediction:Prodigal:2.6;protein motif:Pfam:PF00534.14,1807395,1808532
S1A_contig_006,CDS,85625,87065,+,1440,PROKKA_01657,,hypothetical protein,BS:PROKKA_01657,,,ab initio prediction:Prodigal:2.6,1808546,1809986
S1A_contig_006,CDS,87308,88001,+,693,PROKKA_01658,cap8A_2,Capsular polysaccharide type 8 biosynthesis protein cap8A,BS:PROKKA_01658,,,ab initio prediction:Prodigal:2.6;similar to AA sequence:UniProtKB:P72367,1810229,1810922
S1A_contig_006,CDS,88058,88694,+,636,PROKKA_01659,ywqD_2,Tyrosine-protein kinase YwqD,BS:PROKKA_01659,2.7.10.2,,ab initio prediction:Prodigal:2.6;similar to AA sequence:UniProtKB:P96716,1810979,1811615
S1A_contig_006,CDS,88771,89821,+,1050,PROKKA_01660,epsG,Transmembrane protein EpsG,BS:PROKKA_01660,,,ab initio prediction:Prodigal:2.6;similar to AA sequence:UniProtKB:P71056,1811692,1812742
S1A_contig_006,CDS,90108,92433,+,2325,PROKKA_01661,,Sulfatase,BS:PROKKA_01661,,,ab initio prediction:Prodigal:2.6;protein motif:Pfam:PF00884.17,1813029,1815354
S1A_contig_006,CDS,92742,93741,+,999,PROKKA_01662,pgdA,Peptidoglycan-N-acetylglucosamine deacetylase,BS:PROKKA_01662,3.5.1.104,,ab initio prediction:Prodigal:2.6;similar to AA sequence:UniProtKB:Q8DP63,1815663,1816662
S1A_contig_006,CDS,93878,95174,-,1296,PROKKA_01663,hflX,GTPase HflX,BS:PROKKA_01663,,,ab initio prediction:Prodigal:2.6;similar to AA sequence:UniProtKB:P25519,1816799,1818095
S1A_contig_006,CDS,95311,96193,-,882,PROKKA_01664,dagK_2,Diacylglycerol kinase,BS:PROKKA_01664,2.7.1.107,,ab initio prediction:Prodigal:2.6;similar to AA sequence:UniProtKB:Q6GFF9,1818232,1819114
S1A_contig_006,CDS,96328,97984,-,1656,PROKKA_01665,ycaM_2,Inner membrane transporter YcaM,BS:PROKKA_01665,,,ab initio prediction:Prodigal:2.6;similar to AA sequence:UniProtKB:P75835,1819249,1820905
S1A_contig_006,CDS,98284,99043,+,759,PROKKA_01666,bceA_2,Bacitracin export ATP-binding protein BceA,BS:PROKKA_01666,,,ab initio prediction:Prodigal:2.6;similar to AA sequence:UniProtKB:O34697,1821205,1821964
S1A_contig_006,CDS,99055,100864,+,1809,PROKKA_01667,yxdM,ABC transporter permease protein YxdM,BS:PROKKA_01667,,,ab initio prediction:Prodigal:2.6;similar to AA sequence:UniProtKB:P42424,1821976,1823785
S1A_contig_006,CDS,101214,101874,-,660,PROKKA_01668,gpmA_3,"2,3-bisphosphoglycerate-dependent phosphoglycerate mutase",BS:PROKKA_01668,5.4.2.11,,ab initio prediction:Prodigal:2.6;similar to AA sequence:UniProtKB:P30798,1824135,1824795
S1A_contig_006,CDS,102031,102997,+,966,PROKKA_01669,hemH,Ferrochelatase,BS:PROKKA_01669,4.99.1.1,,ab initio prediction:Prodigal:2.6;similar to AA sequence:UniProtKB:P23871,1824952,1825918
S1A_contig_006,CDS,102983,104336,+,1353,PROKKA_01670,mntH_2,Divalent metal cation transporter MntH,BS:PROKKA_01670,,,ab initio prediction:Prodigal:2.6;similar to AA sequence:UniProtKB:Q93V04,1825904,1827257
S1A_contig_006,CDS,104446,104908,-,462,PROKKA_01671,,hypothetical protein,BS:PROKKA_01671,,,ab initio prediction:Prodigal:2.6,1827367,1827829
S1A_contig_006,CDS,104965,105871,-,906,PROKKA_01672,fpaP_2,Proline iminopeptidase,BS:PROKKA_01672,3.4.11.5,,ab initio prediction:Prodigal:2.6;similar to AA sequence:UniProtKB:O05420,1827886,1828792
S1A_contig_006,CDS,105926,107756,-,1830,PROKKA_01673,kefC,Glutathione-regulated potassium-efflux system protein KefC,BS:PROKKA_01673,,,ab initio prediction:Prodigal:2.6;similar to AA sequence:UniProtKB:P03819,1828847,1830677
S1A_contig_006,CDS,107827,108022,+,195,PROKKA_01674,,hypothetical protein,BS:PROKKA_01674,,,ab initio prediction:Prodigal:2.6,1830748,1830943
S1A_contig_006,CDS,108982,111274,+,2292,PROKKA_01675,helD_2,Helicase IV,BS:PROKKA_01675,3.6.4.12,,ab initio prediction:Prodigal:2.6;similar to AA sequence:UniProtKB:O32215,1831903,1834195
S1A_contig_006,CDS,111278,111755,+,477,PROKKA_01676,,putative acyl-CoA thioester hydrolase,BS:PROKKA_01676,3.1.2.-,,ab initio prediction:Prodigal:2.6;similar to AA sequence:UniProtKB:P44886,1834199,1834676
S1A_contig_006,CDS,111929,112505,-,576,PROKKA_01677,,hypothetical protein,BS:PROKKA_01677,,,ab initio prediction:Prodigal:2.6,1834850,1835426
S1A_contig_006,CDS,112952,114362,+,1410,PROKKA_01678,pepDA_2,Dipeptidase A,BS:PROKKA_01678,3.4.-.-,,ab initio prediction:Prodigal:2.6;similar to AA sequence:UniProtKB:Q48558,1835873,1837283
S1A_contig_006,CDS,114425,114716,-,291,PROKKA_01679,,hypothetical protein,BS:PROKKA_01679,,,ab initio prediction:Prodigal:2.6,1837346,1837637
S1A_contig_006,CDS,114762,115125,-,363,PROKKA_01680,,hypothetical protein,BS:PROKKA_01680,,,ab initio prediction:Prodigal:2.6,1837683,1838046
S1A_contig_006,CDS,115280,116207,+,927,PROKKA_01681,coaA,Pantothenate kinase,BS:PROKKA_01681,2.7.1.33,,ab initio prediction:Prodigal:2.6;similar to AA sequence:UniProtKB:P63810,1838201,1839128
S1A_contig_006,CDS,116379,117933,+,1554,PROKKA_01682,guaA_2,GMP synthase [glutamine-hydrolyzing],BS:PROKKA_01682,6.3.5.2,,ab initio prediction:Prodigal:2.6;similar to AA sequence:UniProtKB:P99105,1839300,1840854
S1A_contig_006,CDS,118142,118907,-,765,PROKKA_01683,,hypothetical protein,BS:PROKKA_01683,,,ab initio prediction:Prodigal:2.6,1841063,1841828
S1A_contig_006,CDS,119755,121210,-,1455,PROKKA_01684,,hypothetical protein,BS:PROKKA_01684,,,ab initio prediction:Prodigal:2.6,1842676,1844131
S1A_contig_006,CDS,122224,122365,+,141,PROKKA_01685,,hypothetical protein,BS:PROKKA_01685,,,ab initio prediction:Prodigal:2.6,1845145,1845286
S1A_contig_006,CDS,122463,122793,-,330,PROKKA_01686,,anaerobic benzoate catabolism transcriptional regulator,BS:PROKKA_01686,,,ab initio prediction:Prodigal:2.6;protein motif:CLUSTERS:PRK08154,1845384,1845714
S1A_contig_006,CDS,123493,125089,-,1596,PROKKA_01687,,hypothetical protein,BS:PROKKA_01687,,,ab initio prediction:Prodigal:2.6,1846414,1848010
S1A_contig_006,CDS,125401,126169,+,768,PROKKA_01688,glcR_4,HTH-type transcriptional repressor GlcR,BS:PROKKA_01688,,,ab initio prediction:Prodigal:2.6;similar to AA sequence:UniProtKB:P94591,1848322,1849090
S1A_contig_006,CDS,126150,126357,-,207,PROKKA_01689,,hypothetical protein,BS:PROKKA_01689,,,ab initio prediction:Prodigal:2.6,1849071,1849278
S1A_contig_006,CDS,126343,127105,-,762,PROKKA_01690,,Matrixin,BS:PROKKA_01690,,,ab initio prediction:Prodigal:2.6;protein motif:Pfam:PF00413.1,1849264,1850026
S1A_contig_006,CDS,127457,130880,+,3423,PROKKA_01691,smc_2,Chromosome partition protein Smc,BS:PROKKA_01691,,,ab initio prediction:Prodigal:2.6;protein motif:HAMAP:MF_01894,1850378,1853801
S1A_contig_006,CDS,131028,131322,+,294,PROKKA_01692,,hypothetical protein,BS:PROKKA_01692,,,ab initio prediction:Prodigal:2.6,1853949,1854243
S1A_contig_006,CDS,131413,131812,+,399,PROKKA_01693,,hypothetical protein,BS:PROKKA_01693,,,ab initio prediction:Prodigal:2.6,1854334,1854733
S1A_contig_006,CDS,131962,132064,+,102,PROKKA_01694,,hypothetical protein,BS:PROKKA_01694,,,ab initio prediction:Prodigal:2.6,1854883,1854985
S1A_contig_006,CDS,132235,133837,+,1602,PROKKA_01695,yheI_1,putative multidrug resistance ABC transporter ATP-binding/permease protein YheI,BS:PROKKA_01695,3.6.3.-,,ab initio prediction:Prodigal:2.6;similar to AA sequence:UniProtKB:O07550,1855156,1856758
S1A_contig_006,CDS,133826,135482,+,1656,PROKKA_01696,msbA_4,Lipid A export ATP-binding/permease protein MsbA,BS:PROKKA_01696,3.6.3.-,,ab initio prediction:Prodigal:2.6;similar to AA sequence:UniProtKB:P60752,1856747,1858403
S1A_contig_006,CDS,135588,135852,+,264,PROKKA_01697,,hypothetical protein,BS:PROKKA_01697,,,ab initio prediction:Prodigal:2.6,1858509,1858773
S1A_contig_006,CDS,136063,136396,+,333,PROKKA_01698,,hypothetical protein,BS:PROKKA_01698,,,ab initio prediction:Prodigal:2.6;similar to AA sequence:UniProtKB:Q55940,1858984,1859317
S1A_contig_006,CDS,136392,137073,+,681,PROKKA_01699,hchA,Molecular chaperone Hsp31 and glyoxalase 3,BS:PROKKA_01699,4.2.1.130,,ab initio prediction:Prodigal:2.6;similar to AA sequence:UniProtKB:P31658,1859313,1859994
S1A_contig_006,CDS,137435,139106,+,1671,PROKKA_01700,oppA_2,Oligopeptide-binding protein OppA precursor,BS:PROKKA_01700,,,ab initio prediction:Prodigal:2.6;similar to AA sequence:UniProtKB:P24141,1860356,1862027
S1A_contig_006,CDS,139209,140163,+,954,PROKKA_01701,oppB_2,Oligopeptide transport system permease protein OppB,BS:PROKKA_01701,,,ab initio prediction:Prodigal:2.6;similar to AA sequence:UniProtKB:P24138,1862130,1863084
S1A_contig_006,CDS,140287,141271,+,984,PROKKA_01702,oppC_2,Oligopeptide transport system permease protein OppC,BS:PROKKA_01702,,,ab initio prediction:Prodigal:2.6;similar to AA sequence:UniProtKB:P24139,1863208,1864192
S1A_contig_006,CDS,141374,141686,+,312,PROKKA_01703,,hypothetical protein,BS:PROKKA_01703,,,ab initio prediction:Prodigal:2.6,1864295,1864607
S1A_contig_006,CDS,141735,142824,+,1089,PROKKA_01704,oppD_2,Oligopeptide transport ATP-binding protein OppD,BS:PROKKA_01704,,,ab initio prediction:Prodigal:2.6;similar to AA sequence:UniProtKB:P24136,1864656,1865745
S1A_contig_006,CDS,142820,143699,+,879,PROKKA_01705,oppF_2,Oligopeptide transport ATP-binding protein OppF,BS:PROKKA_01705,,,ab initio prediction:Prodigal:2.6;similar to AA sequence:UniProtKB:P24137,1865741,1866620
S1A_contig_006,CDS,143712,144273,+,561,PROKKA_01706,ydaF_2,Putative ribosomal N-acetyltransferase YdaF,BS:PROKKA_01706,2.3.1.-,,ab initio prediction:Prodigal:2.6;similar to AA sequence:UniProtKB:P96579,1866633,1867194
S1A_contig_006,CDS,144340,145081,-,741,PROKKA_01707,,hypothetical protein,BS:PROKKA_01707,,,ab initio prediction:Prodigal:2.6,1867261,1868002
S1A_contig_006,CDS,145077,145791,-,714,PROKKA_01708,albC_1,Putative ABC transporter ATP-binding protein AlbC,BS:PROKKA_01708,,,ab initio prediction:Prodigal:2.6;similar to AA sequence:UniProtKB:P71009,1867998,1868712
S1A_contig_006,CDS,145780,146158,-,378,PROKKA_01709,ytrA_4,HTH-type transcriptional repressor YtrA,BS:PROKKA_01709,,,ab initio prediction:Prodigal:2.6;similar to AA sequence:UniProtKB:O34712,1868701,1869079
S1A_contig_006,CDS,146339,147191,+,852,PROKKA_01710,,Alpha/beta hydrolase family protein,BS:PROKKA_01710,,,ab initio prediction:Prodigal:2.6;protein motif:Pfam:PF12697.1,1869260,1870112
S1A_contig_006,CDS,147275,148310,-,1035,PROKKA_01711,,transcriptional repressor DicA,BS:PROKKA_01711,,,ab initio prediction:Prodigal:2.6;protein motif:CLUSTERS:PRK09706,1870196,1871231
S1A_contig_006,CDS,148429,149167,-,738,PROKKA_01712,,hypothetical protein,BS:PROKKA_01712,,,ab initio prediction:Prodigal:2.6;protein motif:CLUSTERS:PRK10621,1871350,1872088
S1A_contig_006,CDS,149329,150739,+,1410,PROKKA_01713,hsrA,putative transport protein HsrA,BS:PROKKA_01713,,,ab initio prediction:Prodigal:2.6;similar to AA sequence:UniProtKB:P31474,1872250,1873660
S1A_contig_006,CDS,150826,151465,-,639,PROKKA_01714,fadR,Fatty acid metabolism regulator protein,BS:PROKKA_01714,,,ab initio prediction:Prodigal:2.6;similar to AA sequence:UniProtKB:P94548,1873747,1874386
S1A_contig_006,CDS,151461,153078,-,1617,PROKKA_01715,,hypothetical protein,BS:PROKKA_01715,,,ab initio prediction:Prodigal:2.6,1874382,1875999
S1A_contig_006,CDS,153064,153982,-,918,PROKKA_01716,ecsA_4,ABC-type transporter ATP-binding protein EcsA,BS:PROKKA_01716,,,ab initio prediction:Prodigal:2.6;similar to AA sequence:UniProtKB:P55339,1875985,1876903
S1A_contig_006,CDS,154254,155010,-,756,PROKKA_01717,nfrA1,FMN reductase (NADPH),BS:PROKKA_01717,1.5.1.38,,ab initio prediction:Prodigal:2.6;similar to AA sequence:UniProtKB:P39605,1877175,1877931
S1A_contig_006,CDS,155103,155961,-,858,PROKKA_01718,,hypothetical protein,BS:PROKKA_01718,,,ab initio prediction:Prodigal:2.6,1878024,1878882
S1A_contig_006,CDS,155957,156296,-,339,PROKKA_01719,,Transcriptional regulator PadR-like family protein,BS:PROKKA_01719,,,ab initio prediction:Prodigal:2.6;protein motif:Pfam:PF03551.8,1878878,1879217
S1A_contig_006,CDS,156558,157176,+,618,PROKKA_01720,,NADP oxidoreductase coenzyme F420-dependent,BS:PROKKA_01720,,,ab initio prediction:Prodigal:2.6;protein motif:Pfam:PF03807.11,1879479,1880097
S1A_contig_006,CDS,157195,157690,-,495,PROKKA_01721,,Acetyltransferase (GNAT) family protein,BS:PROKKA_01721,,,ab initio prediction:Prodigal:2.6;protein motif:Pfam:PF00583.18,1880116,1880611
S1A_contig_006,CDS,157740,158304,+,564,PROKKA_01722,,RNA 2'-phosphotransferase,BS:PROKKA_01722,,,ab initio prediction:Prodigal:2.6;protein motif:CLUSTERS:PRK00819,1880661,1881225
S1A_contig_006,CDS,158377,158635,+,258,PROKKA_01723,,hypothetical protein,BS:PROKKA_01723,,,ab initio prediction:Prodigal:2.6,1881298,1881556
S1A_contig_006,CDS,158919,160269,+,1350,PROKKA_01724,citN,Citrate transporter,BS:PROKKA_01724,,,ab initio prediction:Prodigal:2.6;similar to AA sequence:UniProtKB:P42308,1881840,1883190
S1A_contig_006,CDS,160367,160694,+,327,PROKKA_01725,,hypothetical protein,BS:PROKKA_01725,,,ab initio prediction:Prodigal:2.6,1883288,1883615
S1A_contig_006,CDS,160699,161098,+,399,PROKKA_01726,cfiA,2-oxoglutarate carboxylase large subunit,BS:PROKKA_01726,6.4.1.7,,ab initio prediction:Prodigal:2.6;similar to AA sequence:UniProtKB:D3DJ41,1883620,1884019
S1A_contig_006,CDS,161112,162237,+,1125,PROKKA_01727,gcdB,Glutaconyl-CoA decarboxylase subunit beta,BS:PROKKA_01727,4.1.1.70,,ab initio prediction:Prodigal:2.6;similar to AA sequence:UniProtKB:Q9ZAA6,1884033,1885158
S1A_contig_006,CDS,162410,162554,+,144,PROKKA_01728,,"Oxaloacetate decarboxylase, gamma chain",BS:PROKKA_01728,,,ab initio prediction:Prodigal:2.6;protein motif:Pfam:PF04277.7,1885331,1885475
S1A_contig_006,CDS,162555,163560,+,1005,PROKKA_01729,citC,[Citrate [pro-3S]-lyase] ligase,BS:PROKKA_01729,6.2.1.22,,ab initio prediction:Prodigal:2.6;similar to AA sequence:UniProtKB:O53076,1885476,1886481
S1A_contig_006,CDS,163549,163855,+,306,PROKKA_01730,citD,Citrate lyase acyl carrier protein,BS:PROKKA_01730,,,ab initio prediction:Prodigal:2.6;similar to AA sequence:UniProtKB:P69330,1886470,1886776
S1A_contig_006,CDS,163842,164721,+,879,PROKKA_01731,citE,Citrate lyase subunit beta,BS:PROKKA_01731,4.1.3.6,,ab initio prediction:Prodigal:2.6;similar to AA sequence:UniProtKB:P0A9I1,1886763,1887642
S1A_contig_006,CDS,164720,166253,+,1533,PROKKA_01732,citF,Citrate lyase alpha chain,BS:PROKKA_01732,4.1.3.6,,ab initio prediction:Prodigal:2.6;similar to AA sequence:UniProtKB:P75726,1887641,1889174
S1A_contig_006,CDS,166245,166785,+,540,PROKKA_01733,citX,Apo-citrate lyase phosphoribosyl-dephospho-CoA transferase,BS:PROKKA_01733,2.7.7.61,,ab initio prediction:Prodigal:2.6;similar to AA sequence:UniProtKB:P0A6G5,1889166,1889706
S1A_contig_006,CDS,167030,168434,+,1404,PROKKA_01734,,Methylmalonyl-CoA carboxyltransferase 5S subunit,BS:PROKKA_01734,2.1.3.1,,ab initio prediction:Prodigal:2.6;similar to AA sequence:UniProtKB:Q70AC7,1889951,1891355
S1A_contig_006,CDS,168570,169266,+,696,PROKKA_01735,ydfH_2,putative HTH-type transcriptional regulator YdfH,BS:PROKKA_01735,,,ab initio prediction:Prodigal:2.6;similar to AA sequence:UniProtKB:P0ACM2,1891491,1892187
S1A_contig_006,CDS,169258,170101,+,843,PROKKA_01736,citG,2-(5''-triphosphoribosyl)-3'-dephosphocoenzyme-A synthase,BS:PROKKA_01736,2.4.2.52,,ab initio prediction:Prodigal:2.6;similar to AA sequence:UniProtKB:P77231,1892179,1893022
S1A_contig_006,CDS,170054,170480,-,426,PROKKA_01737,,hypothetical protein,BS:PROKKA_01737,,,ab initio prediction:Prodigal:2.6,1892975,1893401
S1A_contig_006,CDS,170703,171285,+,582,PROKKA_01738,,hypothetical protein,BS:PROKKA_01738,,,ab initio prediction:Prodigal:2.6,1893624,1894206
S1A_contig_006,CDS,171436,172246,-,810,PROKKA_01739,,alpha/beta hydrolase fold protein,BS:PROKKA_01739,,,ab initio prediction:Prodigal:2.6;protein motif:Pfam:PF07859.7,1894357,1895167
S1A_contig_006,CDS,172380,173262,+,882,PROKKA_01740,rluD_3,Ribosomal large subunit pseudouridine synthase D,BS:PROKKA_01740,5.4.99.23,,ab initio prediction:Prodigal:2.6;similar to AA sequence:UniProtKB:P33643,1895301,1896183
S1A_contig_006,CDS,173365,173983,-,618,PROKKA_01741,sodA,Superoxide dismutase [Mn],BS:PROKKA_01741,1.15.1.1,,ab initio prediction:Prodigal:2.6;similar to AA sequence:UniProtKB:P00449,1896286,1896904
S1A_contig_006,CDS,174200,174350,-,150,PROKKA_01742,rpmGA,50S ribosomal protein L33 1,BS:PROKKA_01742,,,ab initio prediction:Prodigal:2.6;similar to AA sequence:UniProtKB:P23375,1897121,1897271
S1A_contig_006,CDS,174412,174988,-,576,PROKKA_01743,,hypothetical protein,BS:PROKKA_01743,,,ab initio prediction:Prodigal:2.6,1897333,1897909
S1A_contig_006,CDS,175285,176320,-,1035,PROKKA_01744,,hypothetical protein,BS:PROKKA_01744,,,ab initio prediction:Prodigal:2.6,1898206,1899241
S1A_contig_006,CDS,176922,177447,+,525,PROKKA_01745,,Acetyltransferase (GNAT) family protein,BS:PROKKA_01745,,,ab initio prediction:Prodigal:2.6;protein motif:Pfam:PF00583.18,1899843,1900368
S1A_contig_006,CDS,177566,178118,+,552,PROKKA_01746,,hypothetical protein,BS:PROKKA_01746,,,ab initio prediction:Prodigal:2.6,1900487,1901039
S1A_contig_006,CDS,178429,180106,+,1677,PROKKA_01747,alsS,Acetolactate synthase,BS:PROKKA_01747,2.2.1.6,,ab initio prediction:Prodigal:2.6;similar to AA sequence:UniProtKB:Q04789,1901350,1903027
S1A_contig_006,CDS,180164,180875,+,711,PROKKA_01748,aldB,Alpha-acetolactate decarboxylase precursor,BS:PROKKA_01748,4.1.1.5,,ab initio prediction:Prodigal:2.6;similar to AA sequence:UniProtKB:P23616,1903085,1903796
S1A_contig_006,CDS,180959,181103,+,144,PROKKA_01749,,hypothetical protein,BS:PROKKA_01749,,,ab initio prediction:Prodigal:2.6,1903880,1904024
S1A_contig_006,CDS,181615,183070,+,1455,PROKKA_01750,lysP,Lysine-specific permease,BS:PROKKA_01750,,,ab initio prediction:Prodigal:2.6;similar to AA sequence:UniProtKB:P25737,1904536,1905991
S1A_contig_006,CDS,183133,184663,-,1530,PROKKA_01751,,Mga helix-turn-helix domain protein,BS:PROKKA_01751,,,ab initio prediction:Prodigal:2.6;protein motif:Pfam:PF05043.7,1906054,1907584
S1A_contig_006,CDS,184923,186501,+,1578,PROKKA_01752,,Mga helix-turn-helix domain protein,BS:PROKKA_01752,,,ab initio prediction:Prodigal:2.6;protein motif:Pfam:PF05043.7,1907844,1909422
S1A_contig_006,CDS,186872,188156,+,1284,PROKKA_01753,serS,Serine--tRNA ligase,BS:PROKKA_01753,6.1.1.11,,ab initio prediction:Prodigal:2.6;similar to AA sequence:UniProtKB:P99178,1909793,1911077
S1A_contig_007,CDS,1105,5971,-,4866,PROKKA_01754,,Phage-related minor tail protein,BS:PROKKA_01754,,,ab initio prediction:Prodigal:2.6;protein motif:Pfam:PF10145.3,1912495,1917361
S1A_contig_007,CDS,6093,6507,-,414,PROKKA_01755,,hypothetical protein,BS:PROKKA_01755,,,ab initio prediction:Prodigal:2.6,1917483,1917897
S1A_contig_007,CDS,6822,7431,-,609,PROKKA_01756,,hypothetical protein,BS:PROKKA_01756,,,ab initio prediction:Prodigal:2.6,1918212,1918821
S1A_contig_007,CDS,7464,7851,-,387,PROKKA_01757,,hypothetical protein,BS:PROKKA_01757,,,ab initio prediction:Prodigal:2.6,1918854,1919241
S1A_contig_007,CDS,7850,8237,-,387,PROKKA_01758,,hypothetical protein,BS:PROKKA_01758,,,ab initio prediction:Prodigal:2.6,1919240,1919627
S1A_contig_007,CDS,8236,8566,-,330,PROKKA_01759,,Phage head-tail joining protein,BS:PROKKA_01759,,,ab initio prediction:Prodigal:2.6;protein motif:Pfam:PF05521.5,1919626,1919956
S1A_contig_007,CDS,8555,8915,-,360,PROKKA_01760,,hypothetical protein,BS:PROKKA_01760,,,ab initio prediction:Prodigal:2.6,1919945,1920305
S1A_contig_007,CDS,8925,9165,-,240,PROKKA_01761,,hypothetical protein,BS:PROKKA_01761,,,ab initio prediction:Prodigal:2.6,1920315,1920555
S1A_contig_007,CDS,9182,10385,-,1203,PROKKA_01762,,Phage capsid family protein,BS:PROKKA_01762,,,ab initio prediction:Prodigal:2.6;protein motif:Pfam:PF05065.7,1920572,1921775
S1A_contig_007,CDS,10425,11055,-,630,PROKKA_01763,,Caudovirus prohead protease,BS:PROKKA_01763,,,ab initio prediction:Prodigal:2.6;protein motif:Pfam:PF04586.11,1921815,1922445
S1A_contig_007,CDS,11008,12262,-,1254,PROKKA_01764,,Phage portal protein,BS:PROKKA_01764,,,ab initio prediction:Prodigal:2.6;protein motif:Pfam:PF04860.6,1922398,1923652
S1A_contig_007,CDS,12267,12459,-,192,PROKKA_01765,,hypothetical protein,BS:PROKKA_01765,,,ab initio prediction:Prodigal:2.6,1923657,1923849
S1A_contig_007,CDS,12470,14183,-,1713,PROKKA_01766,,Phage Terminase,BS:PROKKA_01766,,,ab initio prediction:Prodigal:2.6;protein motif:Pfam:PF03354.9,1923860,1925573
S1A_contig_007,CDS,14204,14660,-,456,PROKKA_01767,,"Phage terminase, small subunit",BS:PROKKA_01767,,,ab initio prediction:Prodigal:2.6;protein motif:Pfam:PF05119.6,1925594,1926050
S1A_contig_007,CDS,14859,15654,-,795,PROKKA_01768,,HNH endonuclease,BS:PROKKA_01768,,,ab initio prediction:Prodigal:2.6;protein motif:Pfam:PF01844.17,1926249,1927044
S1A_contig_007,CDS,15643,16201,-,558,PROKKA_01769,,hypothetical protein,BS:PROKKA_01769,,,ab initio prediction:Prodigal:2.6,1927033,1927591
S1A_contig_007,CDS,16197,16590,-,393,PROKKA_01770,,hypothetical protein,BS:PROKKA_01770,,,ab initio prediction:Prodigal:2.6,1927587,1927980
S1A_contig_007,CDS,16582,17731,-,1149,PROKKA_01771,,hypothetical protein,BS:PROKKA_01771,,,ab initio prediction:Prodigal:2.6,1927972,1929121
S1A_contig_007,CDS,18152,18371,+,219,PROKKA_01772,,CsbD-like protein,BS:PROKKA_01772,,,ab initio prediction:Prodigal:2.6;protein motif:Pfam:PF05532.6,1929542,1929761
S1A_contig_007,CDS,18628,19126,-,498,PROKKA_01773,,hypothetical protein,BS:PROKKA_01773,,,ab initio prediction:Prodigal:2.6,1930018,1930516
S1A_contig_007,CDS,19094,19535,-,441,PROKKA_01774,,hypothetical protein,BS:PROKKA_01774,,,ab initio prediction:Prodigal:2.6,1930484,1930925
S1A_contig_007,CDS,20300,20753,-,453,PROKKA_01775,,hypothetical protein,BS:PROKKA_01775,,,ab initio prediction:Prodigal:2.6,1931690,1932143
S1A_contig_007,CDS,21170,21353,-,183,PROKKA_01776,,hypothetical protein,BS:PROKKA_01776,,,ab initio prediction:Prodigal:2.6,1932560,1932743
S1A_contig_007,CDS,21349,21748,-,399,PROKKA_01777,,YopX protein,BS:PROKKA_01777,,,ab initio prediction:Prodigal:2.6;protein motif:Pfam:PF09643.4,1932739,1933138
S1A_contig_007,CDS,21744,21942,-,198,PROKKA_01778,,hypothetical protein,BS:PROKKA_01778,,,ab initio prediction:Prodigal:2.6,1933134,1933332
S1A_contig_007,CDS,21938,22316,-,378,PROKKA_01779,,hypothetical protein,BS:PROKKA_01779,,,ab initio prediction:Prodigal:2.6,1933328,1933706
S1A_contig_007,CDS,22305,22524,-,219,PROKKA_01780,,hypothetical protein,BS:PROKKA_01780,,,ab initio prediction:Prodigal:2.6,1933695,1933914
S1A_contig_007,CDS,22507,23047,-,540,PROKKA_01781,,hypothetical protein,BS:PROKKA_01781,,,ab initio prediction:Prodigal:2.6,1933897,1934437
S1A_contig_007,CDS,23043,23322,-,279,PROKKA_01782,,hypothetical protein,BS:PROKKA_01782,,,ab initio prediction:Prodigal:2.6,1934433,1934712
S1A_contig_007,CDS,23392,23878,-,486,PROKKA_01783,,hypothetical protein,BS:PROKKA_01783,,,ab initio prediction:Prodigal:2.6,1934782,1935268
S1A_contig_007,CDS,23877,24702,-,825,PROKKA_01784,,hypothetical protein,BS:PROKKA_01784,,,ab initio prediction:Prodigal:2.6;protein motif:CLUSTERS:PRK08116,1935267,1936092
S1A_contig_007,CDS,24716,25466,-,750,PROKKA_01785,,Replication initiation and membrane attachment,BS:PROKKA_01785,,,ab initio prediction:Prodigal:2.6;protein motif:Pfam:PF07261.5,1936106,1936856
S1A_contig_007,CDS,25458,25773,-,315,PROKKA_01786,,hypothetical protein,BS:PROKKA_01786,,,ab initio prediction:Prodigal:2.6,1936848,1937163
S1A_contig_007,CDS,25812,25911,-,99,PROKKA_01787,,hypothetical protein,BS:PROKKA_01787,,,ab initio prediction:Prodigal:2.6,1937202,1937301
S1A_contig_007,CDS,25955,26501,+,546,PROKKA_01788,,hypothetical protein,BS:PROKKA_01788,,,ab initio prediction:Prodigal:2.6,1937345,1937891
S1A_contig_007,CDS,26483,26687,-,204,PROKKA_01789,,hypothetical protein,BS:PROKKA_01789,,,ab initio prediction:Prodigal:2.6,1937873,1938077
S1A_contig_007,CDS,26679,26772,-,93,PROKKA_01790,,hypothetical protein,BS:PROKKA_01790,,,ab initio prediction:Prodigal:2.6,1938069,1938162
S1A_contig_007,CDS,26771,27128,-,357,PROKKA_01791,,hypothetical protein,BS:PROKKA_01791,,,ab initio prediction:Prodigal:2.6,1938161,1938518
S1A_contig_007,CDS,27194,27446,+,252,PROKKA_01792,,hypothetical protein,BS:PROKKA_01792,,,ab initio prediction:Prodigal:2.6,1938584,1938836
S1A_contig_007,CDS,27438,27618,-,180,PROKKA_01793,,hypothetical protein,BS:PROKKA_01793,,,ab initio prediction:Prodigal:2.6,1938828,1939008
S1A_contig_007,CDS,27618,28434,-,816,PROKKA_01794,,ORF6N domain protein,BS:PROKKA_01794,,,ab initio prediction:Prodigal:2.6;protein motif:Pfam:PF10543.3,1939008,1939824
S1A_contig_007,CDS,28484,28946,+,462,PROKKA_01795,,hypothetical protein,BS:PROKKA_01795,,,ab initio prediction:Prodigal:2.6,1939874,1940336
S1A_contig_007,CDS,29051,29318,-,267,PROKKA_01796,,helix-turn-helix protein,BS:PROKKA_01796,,,ab initio prediction:Prodigal:2.6;protein motif:Pfam:PF01381.16,1940441,1940708
S1A_contig_007,CDS,29466,30114,+,648,PROKKA_01797,,LexA repressor,BS:PROKKA_01797,,,ab initio prediction:Prodigal:2.6;protein motif:CLUSTERS:PRK00215,1940856,1941504
S1A_contig_007,CDS,30175,30853,+,678,PROKKA_01798,,hypothetical protein,BS:PROKKA_01798,,,ab initio prediction:Prodigal:2.6,1941565,1942243
S1A_contig_007,CDS,30933,31578,+,645,PROKKA_01799,,hypothetical protein,BS:PROKKA_01799,,,ab initio prediction:Prodigal:2.6,1942323,1942968
S1A_contig_007,CDS,31697,32585,+,888,PROKKA_01800,bmrU,Putative lipid kinase BmrU,BS:PROKKA_01800,2.7.1.-,,ab initio prediction:Prodigal:2.6;similar to AA sequence:UniProtKB:P39074,1943087,1943975
S1A_contig_007,CDS,32661,32925,+,264,PROKKA_01801,,hypothetical protein,BS:PROKKA_01801,,,ab initio prediction:Prodigal:2.6,1944051,1944315
S1A_contig_007,CDS,33033,34206,+,1173,PROKKA_01802,Int-Tn_1,Transposase from transposon Tn916,BS:PROKKA_01802,,,ab initio prediction:Prodigal:2.6;similar to AA sequence:UniProtKB:P22886,1944423,1945596
S1A_contig_007,CDS,34377,35028,+,651,PROKKA_01803,plsC,1-acyl-sn-glycerol-3-phosphate acyltransferase,BS:PROKKA_01803,2.3.1.-,,ab initio prediction:Prodigal:2.6;similar to AA sequence:UniProtKB:Q8DNY1,1945767,1946418
S1A_contig_007,CDS,35084,36479,+,1395,PROKKA_01804,yhdG_3,putative amino acid permease YhdG,BS:PROKKA_01804,,,ab initio prediction:Prodigal:2.6;similar to AA sequence:UniProtKB:O07576,1946474,1947869
S1A_contig_007,CDS,36509,37301,+,792,PROKKA_01805,,hypothetical protein,BS:PROKKA_01805,,,ab initio prediction:Prodigal:2.6,1947899,1948691
S1A_contig_007,CDS,37398,39192,-,1794,PROKKA_01806,yheH,putative multidrug resistance ABC transporter ATP-binding/permease protein YheH,BS:PROKKA_01806,3.6.3.-,,ab initio prediction:Prodigal:2.6;similar to AA sequence:UniProtKB:O07549,1948788,1950582
S1A_contig_007,CDS,39181,40939,-,1758,PROKKA_01807,yheI_2,putative multidrug resistance ABC transporter ATP-binding/permease protein YheI,BS:PROKKA_01807,3.6.3.-,,ab initio prediction:Prodigal:2.6;similar to AA sequence:UniProtKB:O07550,1950571,1952329
S1A_contig_007,CDS,41080,41302,-,222,PROKKA_01808,,hypothetical protein,BS:PROKKA_01808,,,ab initio prediction:Prodigal:2.6;protein motif:CLUSTERS:PRK01844,1952470,1952692
S1A_contig_007,CDS,41362,41608,-,246,PROKKA_01809,,hypothetical protein,BS:PROKKA_01809,,,ab initio prediction:Prodigal:2.6;protein motif:CLUSTERS:PRK02539,1952752,1952998
S1A_contig_007,CDS,41640,41817,-,177,PROKKA_01810,,hypothetical protein,BS:PROKKA_01810,,,ab initio prediction:Prodigal:2.6,1953030,1953207
S1A_contig_007,CDS,42043,42391,-,348,PROKKA_01811,rplS,50S ribosomal protein L19,BS:PROKKA_01811,,,ab initio prediction:Prodigal:2.6;similar to AA sequence:UniProtKB:O31742,1953433,1953781
S1A_contig_007,CDS,42527,43295,-,768,PROKKA_01812,trmD,tRNA (guanine-N(1)-)-methyltransferase,BS:PROKKA_01812,2.1.1.228,,ab initio prediction:Prodigal:2.6;similar to AA sequence:UniProtKB:Q6GHJ5,1953917,1954685
S1A_contig_007,CDS,43284,43803,-,519,PROKKA_01813,rimM,Ribosome maturation factor RimM,BS:PROKKA_01813,,,ab initio prediction:Prodigal:2.6;similar to AA sequence:UniProtKB:P66656,1954674,1955193
S1A_contig_007,CDS,43977,44232,-,255,PROKKA_01814,,hypothetical protein,BS:PROKKA_01814,,,ab initio prediction:Prodigal:2.6;protein motif:CLUSTERS:PRK00468,1955367,1955622
S1A_contig_007,CDS,44244,44520,-,276,PROKKA_01815,rpsP,30S ribosomal protein S16,BS:PROKKA_01815,,,ab initio prediction:Prodigal:2.6;similar to AA sequence:UniProtKB:P21474,1955634,1955910
S1A_contig_007,CDS,44664,46101,-,1437,PROKKA_01816,ffh,Signal recognition particle protein,BS:PROKKA_01816,,,ab initio prediction:Prodigal:2.6;similar to AA sequence:UniProtKB:P37105,1956054,1957491
S1A_contig_007,CDS,46113,46458,-,345,PROKKA_01817,,putative DNA-binding protein,BS:PROKKA_01817,,,ab initio prediction:Prodigal:2.6;protein motif:CLUSTERS:PRK00118,1957503,1957848
S1A_contig_007,CDS,46862,47177,+,315,PROKKA_01818,,hypothetical protein,BS:PROKKA_01818,,,ab initio prediction:Prodigal:2.6,1958252,1958567
S1A_contig_007,CDS,47244,48240,-,996,PROKKA_01819,ftsY,Signal recognition particle receptor FtsY,BS:PROKKA_01819,,,ab initio prediction:Prodigal:2.6;similar to AA sequence:UniProtKB:P51835,1958634,1959630
S1A_contig_007,CDS,48239,51794,-,3555,PROKKA_01820,smc_3,Chromosome partition protein Smc,BS:PROKKA_01820,,,ab initio prediction:Prodigal:2.6;similar to AA sequence:UniProtKB:P51834,1959629,1963184
S1A_contig_007,CDS,51811,52507,-,696,PROKKA_01821,rnc,Ribonuclease 3,BS:PROKKA_01821,3.1.26.3,,ab initio prediction:Prodigal:2.6;similar to AA sequence:UniProtKB:P66670,1963201,1963897
S1A_contig_007,CDS,52725,54516,-,1791,PROKKA_01822,appA,Oligopeptide-binding protein AppA precursor,BS:PROKKA_01822,,,ab initio prediction:Prodigal:2.6;similar to AA sequence:UniProtKB:P42061,1964115,1965906
S1A_contig_007,CDS,54709,55618,-,909,PROKKA_01823,oppC_3,Oligopeptide transport system permease protein OppC,BS:PROKKA_01823,,,ab initio prediction:Prodigal:2.6;similar to AA sequence:UniProtKB:P24139,1966099,1967008
S1A_contig_007,CDS,55634,56597,-,963,PROKKA_01824,gsiC,Glutathione transport system permease protein GsiC,BS:PROKKA_01824,,,ab initio prediction:Prodigal:2.6;similar to AA sequence:UniProtKB:P75798,1967024,1967987
S1A_contig_007,CDS,56596,57550,-,954,PROKKA_01825,oppF_3,Oligopeptide transport ATP-binding protein OppF,BS:PROKKA_01825,,,ab initio prediction:Prodigal:2.6;similar to AA sequence:UniProtKB:P24137,1967986,1968940
S1A_contig_007,CDS,57553,58576,-,1023,PROKKA_01826,oppD_3,Oligopeptide transport ATP-binding protein OppD,BS:PROKKA_01826,,,ab initio prediction:Prodigal:2.6;similar to AA sequence:UniProtKB:P24136,1968943,1969966
S1A_contig_007,CDS,59025,59268,-,243,PROKKA_01827,acpP_2,Acyl carrier protein,BS:PROKKA_01827,,,ab initio prediction:Prodigal:2.6;similar to AA sequence:UniProtKB:Q5SL79,1970415,1970658
S1A_contig_007,CDS,59321,60347,-,1026,PROKKA_01828,plsX,Phosphate acyltransferase,BS:PROKKA_01828,2.3.1.-,,ab initio prediction:Prodigal:2.6;similar to AA sequence:UniProtKB:Q8DRN3,1970711,1971737
S1A_contig_007,CDS,60368,62408,-,2040,PROKKA_01829,recG,ATP-dependent DNA helicase RecG,BS:PROKKA_01829,3.6.4.12,,ab initio prediction:Prodigal:2.6;similar to AA sequence:UniProtKB:P64325,1971758,1973798
S1A_contig_007,CDS,62557,64234,-,1677,PROKKA_01830,,dihydroxyacetone kinase subunit DhaL,BS:PROKKA_01830,,,ab initio prediction:Prodigal:2.6;protein motif:CLUSTERS:PRK10005,1973947,1975624
S1A_contig_007,CDS,64293,64656,-,363,PROKKA_01831,,hypothetical protein,BS:PROKKA_01831,,,ab initio prediction:Prodigal:2.6,1975683,1976046
S1A_contig_007,CDS,65072,65258,+,186,PROKKA_01832,rpmB,50S ribosomal protein L28,BS:PROKKA_01832,,,ab initio prediction:Prodigal:2.6;similar to AA sequence:UniProtKB:P23374,1976462,1976648
S1A_contig_007,CDS,65577,66246,-,669,PROKKA_01833,thiN,Thiamine pyrophosphokinase,BS:PROKKA_01833,2.7.6.2,,ab initio prediction:Prodigal:2.6;similar to AA sequence:UniProtKB:O34664,1976967,1977636
S1A_contig_007,CDS,66242,66893,-,651,PROKKA_01834,rpe_2,Ribulose-phosphate 3-epimerase,BS:PROKKA_01834,5.1.3.1,,ab initio prediction:Prodigal:2.6;similar to AA sequence:UniProtKB:P74061,1977632,1978283
S1A_contig_007,CDS,66965,67871,-,906,PROKKA_01835,rsgA,Putative ribosome biogenesis GTPase RsgA,BS:PROKKA_01835,3.6.1.-,,ab initio prediction:Prodigal:2.6;similar to AA sequence:UniProtKB:O34530,1978355,1979261
S1A_contig_007,CDS,67867,69868,-,2001,PROKKA_01836,prkC,Serine/threonine-protein kinase PrkC,BS:PROKKA_01836,2.7.11.1,,ab initio prediction:Prodigal:2.6;similar to AA sequence:UniProtKB:O34507,1979257,1981258
S1A_contig_007,CDS,69864,70608,-,744,PROKKA_01837,,Putative protein phosphatase 2C-type,BS:PROKKA_01837,3.1.3.16,,ab initio prediction:Prodigal:2.6;similar to AA sequence:UniProtKB:Q5XAP6,1981254,1981998
S1A_contig_007,CDS,70617,71958,-,1341,PROKKA_01838,rsmB,Ribosomal RNA small subunit methyltransferase B,BS:PROKKA_01838,2.1.1.176,,ab initio prediction:Prodigal:2.6;similar to AA sequence:UniProtKB:P36929,1982007,1983348
S1A_contig_007,CDS,71944,72901,-,957,PROKKA_01839,fmt,Methionyl-tRNA formyltransferase,BS:PROKKA_01839,2.1.2.9,,ab initio prediction:Prodigal:2.6;similar to AA sequence:UniProtKB:P99127,1983334,1984291
S1A_contig_007,CDS,72969,75387,-,2418,PROKKA_01840,priA,Primosomal protein N',BS:PROKKA_01840,3.6.4.-,,ab initio prediction:Prodigal:2.6;similar to AA sequence:UniProtKB:P17888,1984359,1986777
S1A_contig_007,CDS,75391,76591,-,1200,PROKKA_01841,coaBC,Coenzyme A biosynthesis bifunctional protein CoaBC,BS:PROKKA_01841,,,ab initio prediction:Prodigal:2.6;similar to AA sequence:UniProtKB:P0ABQ0,1986781,1987981
S1A_contig_007,CDS,76737,76986,-,249,PROKKA_01842,rpoZ,DNA-directed RNA polymerase subunit omega,BS:PROKKA_01842,2.7.7.6,,ab initio prediction:Prodigal:2.6;similar to AA sequence:UniProtKB:Q5XAP2,1988127,1988376
S1A_contig_007,CDS,77052,77679,-,627,PROKKA_01843,gmk_2,Guanylate kinase,BS:PROKKA_01843,2.7.4.8,,ab initio prediction:Prodigal:2.6;similar to AA sequence:UniProtKB:Q5HGM3,1988442,1989069
S1A_contig_007,CDS,77745,78432,-,687,PROKKA_01844,,hypothetical protein,BS:PROKKA_01844,,,ab initio prediction:Prodigal:2.6;protein motif:CLUSTERS:PRK10279,1989135,1989822
S1A_contig_007,CDS,78540,78843,+,303,PROKKA_01845,,hypothetical protein,BS:PROKKA_01845,,,ab initio prediction:Prodigal:2.6,1989930,1990233
S1A_contig_007,CDS,78839,78977,+,138,PROKKA_01846,,hypothetical protein,BS:PROKKA_01846,,,ab initio prediction:Prodigal:2.6,1990229,1990367
S1A_contig_007,CDS,79147,80848,-,1701,PROKKA_01847,recN,DNA repair protein RecN,BS:PROKKA_01847,,,ab initio prediction:Prodigal:2.6;similar to AA sequence:UniProtKB:P05824,1990537,1992238
S1A_contig_007,CDS,80852,81305,-,453,PROKKA_01848,argR_1,Arginine repressor,BS:PROKKA_01848,,,ab initio prediction:Prodigal:2.6;similar to AA sequence:UniProtKB:O31408,1992242,1992695
S1A_contig_007,CDS,81418,82249,-,831,PROKKA_01849,tlyA,16S/23S rRNA (cytidine-2'-O)-methyltransferase TlyA,BS:PROKKA_01849,2.1.1.226,,ab initio prediction:Prodigal:2.6;similar to AA sequence:UniProtKB:Q50760,1992808,1993639
S1A_contig_007,CDS,82245,83097,-,852,PROKKA_01850,,Farnesyl diphosphate synthase,BS:PROKKA_01850,2.5.1.10,,ab initio prediction:Prodigal:2.6;similar to AA sequence:UniProtKB:Q08291,1993635,1994487
S1A_contig_007,CDS,83093,83321,-,228,PROKKA_01851,xseB,Exodeoxyribonuclease 7 small subunit,BS:PROKKA_01851,3.1.11.6,,ab initio prediction:Prodigal:2.6;similar to AA sequence:UniProtKB:P0A8G9,1994483,1994711
S1A_contig_007,CDS,83313,84663,-,1350,PROKKA_01852,xseA,Exodeoxyribonuclease 7 large subunit,BS:PROKKA_01852,3.1.11.6,,ab initio prediction:Prodigal:2.6;similar to AA sequence:UniProtKB:P04994,1994703,1996053
S1A_contig_007,CDS,84655,85507,-,852,PROKKA_01853,folD,Bifunctional protein FolD protein,BS:PROKKA_01853,,,ab initio prediction:Prodigal:2.6;similar to AA sequence:UniProtKB:Q0PA35,1996045,1996897
S1A_contig_007,CDS,85632,86040,-,408,PROKKA_01854,,hypothetical protein,BS:PROKKA_01854,,,ab initio prediction:Prodigal:2.6;similar to AA sequence:UniProtKB:P65582,1997022,1997430
S1A_contig_007,CDS,86041,86503,-,462,PROKKA_01855,,Alkaline shock protein 23,BS:PROKKA_01855,,,ab initio prediction:Prodigal:2.6;similar to AA sequence:UniProtKB:P0A0P8,1997431,1997893
S1A_contig_007,CDS,86522,87086,-,564,PROKKA_01856,efp_2,Elongation factor P,BS:PROKKA_01856,,,ab initio prediction:Prodigal:2.6;similar to AA sequence:UniProtKB:P99066,1997912,1998476
S1A_contig_007,CDS,87275,87440,-,165,PROKKA_01857,,hypothetical protein,BS:PROKKA_01857,,,ab initio prediction:Prodigal:2.6,1998665,1998830
S1A_contig_007,CDS,87584,88652,-,1068,PROKKA_01858,,putative peptidase,BS:PROKKA_01858,3.4.-.-,,ab initio prediction:Prodigal:2.6;similar to AA sequence:UniProtKB:Q7A552,1998974,2000042
S1A_contig_007,CDS,88727,89018,-,291,PROKKA_01859,rpmA,50S ribosomal protein L27,BS:PROKKA_01859,,,ab initio prediction:Prodigal:2.6;similar to AA sequence:UniProtKB:P66133,2000117,2000408
S1A_contig_007,CDS,89036,89387,-,351,PROKKA_01860,,hypothetical protein,BS:PROKKA_01860,,,ab initio prediction:Prodigal:2.6,2000426,2000777
S1A_contig_007,CDS,89402,89714,-,312,PROKKA_01861,rplU,50S ribosomal protein L21,BS:PROKKA_01861,,,ab initio prediction:Prodigal:2.6;similar to AA sequence:UniProtKB:P26908,2000792,2001104
S1A_contig_007,CDS,90619,90742,-,123,PROKKA_01862,,hypothetical protein,BS:PROKKA_01862,,,ab initio prediction:Prodigal:2.6,2002009,2002132
S1A_contig_007,CDS,90905,91196,-,291,PROKKA_01863,,hypothetical protein,BS:PROKKA_01863,,,ab initio prediction:Prodigal:2.6,2002295,2002586
S1A_contig_007,tRNA,91398,91474,-,76,PROKKA_01864,,tRNA-Arg,,,,COORDINATES: profile:Aragorn:1.2,2002788,2002864
S1A_contig_007,CDS,91624,94024,+,2400,PROKKA_01865,pepX,Xaa-Pro dipeptidyl-peptidase,BS:PROKKA_01865,3.4.14.11,,ab initio prediction:Prodigal:2.6;similar to AA sequence:UniProtKB:Q59485,2003014,2005414
S1A_contig_007,CDS,94174,95515,-,1341,PROKKA_01866,glnA_2,Glutamine synthetase,BS:PROKKA_01866,6.3.1.2,,ab initio prediction:Prodigal:2.6;similar to AA sequence:UniProtKB:P99095,2005564,2006905
S1A_contig_007,CDS,95533,95896,-,363,PROKKA_01867,glnR,HTH-type transcriptional regulator GlnR,BS:PROKKA_01867,,,ab initio prediction:Prodigal:2.6;similar to AA sequence:UniProtKB:P37582,2006923,2007286
S1A_contig_007,CDS,96246,98337,+,2091,PROKKA_01868,speF,"Ornithine decarboxylase, inducible",BS:PROKKA_01868,4.1.1.17,,ab initio prediction:Prodigal:2.6;similar to AA sequence:UniProtKB:P24169,2007636,2009727
S1A_contig_007,CDS,98391,99648,-,1257,PROKKA_01869,mdeA_1,Methionine gamma-lyase,BS:PROKKA_01869,4.4.1.11,,ab initio prediction:Prodigal:2.6;similar to AA sequence:UniProtKB:P13254,2009781,2011038
S1A_contig_007,CDS,99791,100721,-,930,PROKKA_01870,miaA,tRNA dimethylallyltransferase,BS:PROKKA_01870,2.5.1.75,,ab initio prediction:Prodigal:2.6;similar to AA sequence:UniProtKB:Q9KAC3,2011181,2012111
S1A_contig_007,CDS,100789,100969,+,180,PROKKA_01871,,hypothetical protein,BS:PROKKA_01871,,,ab initio prediction:Prodigal:2.6,2012179,2012359
S1A_contig_007,CDS,101071,101479,-,408,PROKKA_01872,moeZ,putative adenylyltransferase/sulfurtransferase MoeZ,BS:PROKKA_01872,,,ab initio prediction:Prodigal:2.6;similar to AA sequence:UniProtKB:Q7D5X9,2012461,2012869
S1A_contig_007,CDS,101500,102463,-,963,PROKKA_01873,glcK,Glucokinase,BS:PROKKA_01873,2.7.1.2,,ab initio prediction:Prodigal:2.6;similar to AA sequence:UniProtKB:P54495,2012890,2013853
S1A_contig_007,CDS,102455,102710,-,255,PROKKA_01874,,hypothetical protein,BS:PROKKA_01874,,,ab initio prediction:Prodigal:2.6,2013845,2014100
S1A_contig_007,CDS,102711,103395,-,684,PROKKA_01875,gluP,Rhomboid protease GluP,BS:PROKKA_01875,3.4.21.105,,ab initio prediction:Prodigal:2.6;similar to AA sequence:UniProtKB:P54493,2014101,2014785
S1A_contig_007,CDS,103584,105711,-,2127,PROKKA_01876,penA,Penicillin-binding protein 2B,BS:PROKKA_01876,,,ab initio prediction:Prodigal:2.6;similar to AA sequence:UniProtKB:P0A3M6,2014974,2017101
S1A_contig_007,CDS,105862,108469,+,2607,PROKKA_01877,,Bacterial membrane protein YfhO,BS:PROKKA_01877,,,ab initio prediction:Prodigal:2.6;protein motif:Pfam:PF09586.4,2017252,2019859
S1A_contig_007,CDS,108691,108991,-,300,PROKKA_01878,,Iron-sulfur cluster biosynthesis,BS:PROKKA_01878,,,ab initio prediction:Prodigal:2.6;protein motif:Pfam:PF01521.14,2020081,2020381
S1A_contig_007,CDS,108971,109637,-,666,PROKKA_01879,liaR,Transcriptional regulatory protein LiaR,BS:PROKKA_01879,,,ab initio prediction:Prodigal:2.6;similar to AA sequence:UniProtKB:O32197,2020361,2021027
S1A_contig_007,CDS,109629,110694,-,1065,PROKKA_01880,liaS,Sensor histidine kinase LiaS,BS:PROKKA_01880,2.7.13.3,,ab initio prediction:Prodigal:2.6;similar to AA sequence:UniProtKB:O32198,2021019,2022084
S1A_contig_007,CDS,110690,111395,-,705,PROKKA_01881,,hypothetical protein,BS:PROKKA_01881,,,ab initio prediction:Prodigal:2.6,2022080,2022785
S1A_contig_007,CDS,111644,112115,-,471,PROKKA_01882,greA_2,Transcription elongation factor GreA,BS:PROKKA_01882,,,ab initio prediction:Prodigal:2.6;similar to AA sequence:UniProtKB:P80240,2023034,2023505
S1A_contig_007,CDS,112181,112820,-,639,PROKKA_01883,udk,Uridine kinase,BS:PROKKA_01883,2.7.1.48,,ab initio prediction:Prodigal:2.6;similar to AA sequence:UniProtKB:P67411,2023571,2024210
S1A_contig_007,CDS,112921,114124,-,1203,PROKKA_01884,,putative aminodeoxychorismate lyase,BS:PROKKA_01884,,,ab initio prediction:Prodigal:2.6;protein motif:CLUSTERS:PRK10270,2024311,2025514
S1A_contig_007,CDS,114287,116699,-,2412,PROKKA_01885,pheT_1,Phenylalanine--tRNA ligase beta subunit,BS:PROKKA_01885,6.1.1.20,,ab initio prediction:Prodigal:2.6;similar to AA sequence:UniProtKB:Q5XCX3,2025677,2028089
S1A_contig_007,CDS,116700,117747,-,1047,PROKKA_01886,pheS,Phenylalanine--tRNA ligase alpha subunit,BS:PROKKA_01886,6.1.1.20,,ab initio prediction:Prodigal:2.6;similar to AA sequence:UniProtKB:P68847,2028090,2029137
S1A_contig_007,CDS,118263,118638,-,375,PROKKA_01887,yodB,HTH-type transcriptional regulator YodB,BS:PROKKA_01887,,,ab initio prediction:Prodigal:2.6;similar to AA sequence:UniProtKB:O34844,2029653,2030028
S1A_contig_007,CDS,118828,119332,-,504,PROKKA_01888,,hypothetical protein,BS:PROKKA_01888,,,ab initio prediction:Prodigal:2.6,2030218,2030722
S1A_contig_007,CDS,119415,120177,-,762,PROKKA_01889,,Putative TrmH family tRNA/rRNA methyltransferase,BS:PROKKA_01889,2.1.1.-,,ab initio prediction:Prodigal:2.6;similar to AA sequence:UniProtKB:Q7A794,2030805,2031567
S1A_contig_007,CDS,120325,120658,+,333,PROKKA_01890,acyP,Acylphosphatase,BS:PROKKA_01890,3.6.1.7,,ab initio prediction:Prodigal:2.6;similar to AA sequence:UniProtKB:O35031,2031715,2032048
S1A_contig_007,CDS,120716,121715,+,999,PROKKA_01891,misCB,Membrane protein insertase MisCB precursor,BS:PROKKA_01891,,,ab initio prediction:Prodigal:2.6;similar to AA sequence:UniProtKB:P54544,2032106,2033105
S1A_contig_007,CDS,121923,123510,-,1587,PROKKA_01892,arlS_2,Signal transduction histidine-protein kinase ArlS,BS:PROKKA_01892,2.7.13.3,,ab initio prediction:Prodigal:2.6;similar to AA sequence:UniProtKB:Q7A5N3,2033313,2034900
S1A_contig_007,CDS,123509,124196,-,687,PROKKA_01893,arlR,Response regulator ArlR,BS:PROKKA_01893,,,ab initio prediction:Prodigal:2.6;similar to AA sequence:UniProtKB:P0C000,2034899,2035586
S1A_contig_007,CDS,124465,125884,-,1419,PROKKA_01894,gnd,"6-phosphogluconate dehydrogenase, decarboxylating",BS:PROKKA_01894,1.1.1.44,,ab initio prediction:Prodigal:2.6;similar to AA sequence:UniProtKB:P96789,2035855,2037274
S1A_contig_007,CDS,126067,126382,-,315,PROKKA_01895,,hypothetical protein,BS:PROKKA_01895,,,ab initio prediction:Prodigal:2.6,2037457,2037772
S1A_contig_007,CDS,126516,127065,-,549,PROKKA_01896,,hypothetical protein,BS:PROKKA_01896,,,ab initio prediction:Prodigal:2.6,2037906,2038455
S1A_contig_007,CDS,127130,127385,+,255,PROKKA_01897,,hypothetical protein,BS:PROKKA_01897,,,ab initio prediction:Prodigal:2.6,2038520,2038775
S1A_contig_007,CDS,127328,128465,-,1137,PROKKA_01898,,nicotinic acid mononucleotide adenylyltransferase,BS:PROKKA_01898,,,ab initio prediction:Prodigal:2.6;protein motif:CLUSTERS:PRK00071,2038718,2039855
S1A_contig_007,CDS,128500,129238,-,738,PROKKA_01899,,Glycine/sarcosine N-methyltransferase,BS:PROKKA_01899,2.1.1.156,,ab initio prediction:Prodigal:2.6;similar to AA sequence:UniProtKB:Q83WC4,2039890,2040628
S1A_contig_007,CDS,129234,129594,-,360,PROKKA_01900,rsfS,Ribosomal silencing factor RsfS,BS:PROKKA_01900,,,ab initio prediction:Prodigal:2.6;similar to AA sequence:UniProtKB:Q9KD89,2040624,2040984
S1A_contig_007,CDS,129597,130197,-,600,PROKKA_01901,,putative nicotinate-nucleotide adenylyltransferase,BS:PROKKA_01901,,,ab initio prediction:Prodigal:2.6;protein motif:CLUSTERS:PRK07152,2040987,2041587
S1A_contig_007,CDS,130189,130840,-,651,PROKKA_01902,nadD,Nicotinate-nucleotide adenylyltransferase,BS:PROKKA_01902,2.7.7.18,,ab initio prediction:Prodigal:2.6;similar to AA sequence:UniProtKB:P54455,2041579,2042230
S1A_contig_007,CDS,130850,131162,-,312,PROKKA_01903,,RNA-binding protein,BS:PROKKA_01903,,,ab initio prediction:Prodigal:2.6;similar to AA sequence:UniProtKB:P71376,2042240,2042552
S1A_contig_007,CDS,131301,132426,-,1125,PROKKA_01904,,GTP-binding protein Der,BS:PROKKA_01904,,,ab initio prediction:Prodigal:2.6;protein motif:CLUSTERS:PRK00093,2042691,2043816
S1A_contig_007,CDS,132406,132943,-,537,PROKKA_01905,gph_2,Phosphoglycolate phosphatase,BS:PROKKA_01905,3.1.3.18,,ab initio prediction:Prodigal:2.6;protein motif:HAMAP:MF_00495,2043796,2044333
S1A_contig_007,CDS,133349,134249,+,900,PROKKA_01906,mhqA_2,Putative ring-cleaving dioxygenase MhqA,BS:PROKKA_01906,1.13.11.-,,ab initio prediction:Prodigal:2.6;similar to AA sequence:UniProtKB:O34689,2044739,2045639
S1A_contig_007,CDS,134241,135210,+,969,PROKKA_01907,mhqA_3,Putative ring-cleaving dioxygenase MhqA,BS:PROKKA_01907,1.13.11.-,,ab initio prediction:Prodigal:2.6;similar to AA sequence:UniProtKB:O34689,2045631,2046600
S1A_contig_007,CDS,135225,135867,+,642,PROKKA_01908,mhqD,Putative hydrolase MhqD,BS:PROKKA_01908,3.1.-.-,,ab initio prediction:Prodigal:2.6;similar to AA sequence:UniProtKB:O34842,2046615,2047257
S1A_contig_007,CDS,135873,136842,+,969,PROKKA_01909,,Zinc-type alcohol dehydrogenase-like protein,BS:PROKKA_01909,,,ab initio prediction:Prodigal:2.6;similar to AA sequence:UniProtKB:P99173,2047263,2048232
S1A_contig_007,CDS,136918,137482,+,564,PROKKA_01910,yvdD,LOG family protein YvdD,BS:PROKKA_01910,,,ab initio prediction:Prodigal:2.6;similar to AA sequence:UniProtKB:O06986,2048308,2048872
S1A_contig_007,CDS,137600,137957,-,357,PROKKA_01911,rplT,50S ribosomal protein L20,BS:PROKKA_01911,,,ab initio prediction:Prodigal:2.6;similar to AA sequence:UniProtKB:P55873,2048990,2049347
S1A_contig_007,CDS,137991,138192,-,201,PROKKA_01912,rpmI,50S ribosomal protein L35,BS:PROKKA_01912,,,ab initio prediction:Prodigal:2.6;similar to AA sequence:UniProtKB:P75447,2049381,2049582
S1A_contig_007,CDS,138271,138736,-,465,PROKKA_01913,infC,Translation initiation factor IF-3,BS:PROKKA_01913,,,ab initio prediction:Prodigal:2.6;similar to AA sequence:UniProtKB:P03000,2049661,2050126
S1A_contig_007,CDS,138985,139681,-,696,PROKKA_01914,,hypothetical protein,BS:PROKKA_01914,,,ab initio prediction:Prodigal:2.6,2050375,2051071
S1A_contig_007,CDS,139673,140159,-,486,PROKKA_01915,,hypothetical protein,BS:PROKKA_01915,,,ab initio prediction:Prodigal:2.6,2051063,2051549
S1A_contig_007,CDS,140212,140782,+,570,PROKKA_01916,,bifunctional RNase H/acid phosphatase,BS:PROKKA_01916,,,ab initio prediction:Prodigal:2.6;protein motif:CLUSTERS:PRK07238,2051602,2052172
S1A_contig_007,CDS,140902,142876,-,1974,PROKKA_01917,thrS,Threonine--tRNA ligase,BS:PROKKA_01917,6.1.1.3,,ab initio prediction:Prodigal:2.6;similar to AA sequence:UniProtKB:Q97PI4,2052292,2054266
S1A_contig_007,CDS,142930,143362,-,432,PROKKA_01918,,hypothetical protein,BS:PROKKA_01918,,,ab initio prediction:Prodigal:2.6,2054320,2054752
S1A_contig_007,CDS,143404,144340,-,936,PROKKA_01919,dnaI,Primosomal protein DnaI,BS:PROKKA_01919,,,ab initio prediction:Prodigal:2.6;similar to AA sequence:UniProtKB:P06567,2054794,2055730
S1A_contig_007,CDS,144323,145685,-,1362,PROKKA_01920,dnaB,Replication initiation and membrane attachment protein,BS:PROKKA_01920,,,ab initio prediction:Prodigal:2.6;similar to AA sequence:UniProtKB:P07908,2055713,2057075
S1A_contig_007,CDS,145764,146232,-,468,PROKKA_01921,nrdR,Transcriptional repressor NrdR,BS:PROKKA_01921,,,ab initio prediction:Prodigal:2.6;similar to AA sequence:UniProtKB:P0A8D0,2057154,2057622
S1A_contig_007,CDS,146286,146889,-,603,PROKKA_01922,coaE,Dephospho-CoA kinase,BS:PROKKA_01922,2.7.1.24,,ab initio prediction:Prodigal:2.6;similar to AA sequence:UniProtKB:P63831,2057676,2058279
S1A_contig_007,CDS,146885,147734,-,849,PROKKA_01923,mutM,Formamidopyrimidine-DNA glycosylase,BS:PROKKA_01923,3.2.2.23,,ab initio prediction:Prodigal:2.6;similar to AA sequence:UniProtKB:P42371,2058275,2059124
S1A_contig_007,CDS,147744,150390,-,2646,PROKKA_01924,polA,DNA polymerase I,BS:PROKKA_01924,2.7.7.7,,ab initio prediction:Prodigal:2.6;similar to AA sequence:UniProtKB:P52026,2059134,2061780
S1A_contig_007,CDS,150552,151263,-,711,PROKKA_01925,ybhL,Inner membrane protein YbhL,BS:PROKKA_01925,,,ab initio prediction:Prodigal:2.6;similar to AA sequence:UniProtKB:P0AAC4,2061942,2062653
S1A_contig_007,CDS,151423,152734,-,1311,PROKKA_01926,murC,UDP-N-acetylmuramate--L-alanine ligase,BS:PROKKA_01926,6.3.2.8,,ab initio prediction:Prodigal:2.6;similar to AA sequence:UniProtKB:P65475,2062813,2064124
S1A_contig_007,CDS,152730,155232,-,2502,PROKKA_01927,sftA,DNA translocase SftA,BS:PROKKA_01927,,,ab initio prediction:Prodigal:2.6;similar to AA sequence:UniProtKB:C0SP86,2064120,2066622
S1A_contig_007,CDS,155466,156108,-,642,PROKKA_01928,pheT_2,Phenylalanine--tRNA ligase beta subunit,BS:PROKKA_01928,6.1.1.20,,ab initio prediction:Prodigal:2.6;similar to AA sequence:UniProtKB:Q7MXR4,2066856,2067498
S1A_contig_007,CDS,156123,156441,-,318,PROKKA_01929,ytpP,Thioredoxin-like protein YtpP,BS:PROKKA_01929,,,ab initio prediction:Prodigal:2.6;similar to AA sequence:UniProtKB:O34357,2067513,2067831
S1A_contig_007,CDS,156698,157040,+,342,PROKKA_01930,,hypothetical protein,BS:PROKKA_01930,,,ab initio prediction:Prodigal:2.6,2068088,2068430
S1A_contig_007,CDS,157029,157674,-,645,PROKKA_01931,trmB,tRNA (guanine-N(7)-)-methyltransferase,BS:PROKKA_01931,2.1.1.33,,ab initio prediction:Prodigal:2.6;similar to AA sequence:UniProtKB:P67506,2068419,2069064
S1A_contig_007,CDS,157802,158576,-,774,PROKKA_01932,,Phosphotransferase enzyme family protein,BS:PROKKA_01932,,,ab initio prediction:Prodigal:2.6;protein motif:Pfam:PF01636.17,2069192,2069966
S1A_contig_007,CDS,158664,158763,-,99,PROKKA_01933,,hypothetical protein,BS:PROKKA_01933,,,ab initio prediction:Prodigal:2.6,2070054,2070153
S1A_contig_007,CDS,158965,160180,-,1215,PROKKA_01934,,Bacterial ABC transporter protein EcsB,BS:PROKKA_01934,,,ab initio prediction:Prodigal:2.6;protein motif:Pfam:PF05975.6,2070355,2071570
S1A_contig_007,CDS,160179,160908,-,729,PROKKA_01935,ecsA_5,ABC-type transporter ATP-binding protein EcsA,BS:PROKKA_01935,,,ab initio prediction:Prodigal:2.6;similar to AA sequence:UniProtKB:P55339,2071569,2072298
S1A_contig_007,CDS,161004,161439,+,435,PROKKA_01936,,HIT-like protein,BS:PROKKA_01936,3.-.-.-,,ab initio prediction:Prodigal:2.6;similar to AA sequence:UniProtKB:P44956,2072394,2072829
S1A_contig_007,CDS,161435,161807,+,372,PROKKA_01937,,YtxH-like protein,BS:PROKKA_01937,,,ab initio prediction:Prodigal:2.6;protein motif:Pfam:PF12732.1,2072825,2073197
S1A_contig_007,CDS,161943,162846,+,903,PROKKA_01938,prsA_2,Foldase protein PrsA precursor,BS:PROKKA_01938,5.2.1.8,,ab initio prediction:Prodigal:2.6;similar to AA sequence:UniProtKB:P0C2B5,2073333,2074236
S1A_contig_007,CDS,163040,164018,-,978,PROKKA_01939,yhaM,3'-5' exoribonuclease YhaM,BS:PROKKA_01939,3.1.-.-,,ab initio prediction:Prodigal:2.6;similar to AA sequence:UniProtKB:O07521,2074430,2075408
S1A_contig_008,CDS,62,734,-,672,PROKKA_01940,gpmA_4,"2,3-bisphosphoglycerate-dependent phosphoglycerate mutase",BS:PROKKA_01940,5.4.2.11,,ab initio prediction:Prodigal:2.6;similar to AA sequence:UniProtKB:P99153,2075847,2076519
S1A_contig_008,CDS,1246,2368,+,1122,PROKKA_01941,,Bacterial low temperature requirement A protein (LtrA),BS:PROKKA_01941,,,ab initio prediction:Prodigal:2.6;protein motif:Pfam:PF06772.5,2077031,2078153
S1A_contig_008,CDS,2381,2666,+,285,PROKKA_01942,,hypothetical protein,BS:PROKKA_01942,,,ab initio prediction:Prodigal:2.6,2078166,2078451
S1A_contig_008,CDS,2856,3972,-,1116,PROKKA_01943,,Lactate 2-monooxygenase,BS:PROKKA_01943,1.13.12.4,,ab initio prediction:Prodigal:2.6;similar to AA sequence:UniProtKB:P21795,2078641,2079757
S1A_contig_008,CDS,4159,4366,-,207,PROKKA_01944,,hypothetical protein,BS:PROKKA_01944,,,ab initio prediction:Prodigal:2.6;protein motif:CLUSTERS:PRK10428,2079944,2080151
S1A_contig_008,CDS,4498,4756,-,258,PROKKA_01945,,hypothetical protein,BS:PROKKA_01945,,,ab initio prediction:Prodigal:2.6,2080283,2080541
S1A_contig_008,CDS,4826,5033,-,207,PROKKA_01946,,hypothetical protein,BS:PROKKA_01946,,,ab initio prediction:Prodigal:2.6,2080611,2080818
S1A_contig_008,CDS,5257,5509,-,252,PROKKA_01947,,hypothetical protein,BS:PROKKA_01947,,,ab initio prediction:Prodigal:2.6,2081042,2081294
S1A_contig_008,CDS,5836,7069,+,1233,PROKKA_01948,,enterobactin exporter EntS,BS:PROKKA_01948,,,ab initio prediction:Prodigal:2.6;protein motif:CLUSTERS:PRK10489,2081621,2082854
S1A_contig_008,CDS,7147,8404,-,1257,PROKKA_01949,proA,Gamma-glutamyl phosphate reductase,BS:PROKKA_01949,1.2.1.41,,ab initio prediction:Prodigal:2.6;similar to AA sequence:UniProtKB:Q9WYC9,2082932,2084189
S1A_contig_008,CDS,8492,9326,-,834,PROKKA_01950,proB,Glutamate 5-kinase 1,BS:PROKKA_01950,2.7.2.11,,ab initio prediction:Prodigal:2.6;similar to AA sequence:UniProtKB:P39820,2084277,2085111
S1A_contig_008,CDS,9642,9837,-,195,PROKKA_01951,,hypothetical protein,BS:PROKKA_01951,,,ab initio prediction:Prodigal:2.6,2085427,2085622
S1A_contig_008,CDS,10090,10627,-,537,PROKKA_01952,,hypothetical protein,BS:PROKKA_01952,,,ab initio prediction:Prodigal:2.6,2085875,2086412
S1A_contig_008,CDS,10815,12039,-,1224,PROKKA_01953,,hypothetical protein,BS:PROKKA_01953,,,ab initio prediction:Prodigal:2.6,2086600,2087824
S1A_contig_008,CDS,12628,13456,-,828,PROKKA_01954,,Sortase family protein,BS:PROKKA_01954,,,ab initio prediction:Prodigal:2.6;protein motif:Pfam:PF04203.7,2088413,2089241
S1A_contig_008,CDS,13462,15022,-,1560,PROKKA_01955,,Fimbrial subunit type 1 precursor,BS:PROKKA_01955,,,ab initio prediction:Prodigal:2.6;similar to AA sequence:UniProtKB:P18477,2089247,2090807
S1A_contig_008,CDS,15018,16341,-,1323,PROKKA_01956,,hypothetical protein,BS:PROKKA_01956,,,ab initio prediction:Prodigal:2.6,2090803,2092126
S1A_contig_008,CDS,16342,19348,-,3006,PROKKA_01957,,Cna protein B-type domain protein,BS:PROKKA_01957,,,ab initio prediction:Prodigal:2.6;protein motif:Pfam:PF05738.7,2092127,2095133
S1A_contig_008,CDS,19625,20183,-,558,PROKKA_01958,,hypothetical protein,BS:PROKKA_01958,,,ab initio prediction:Prodigal:2.6,2095410,2095968
S1A_contig_008,CDS,20277,21474,-,1197,PROKKA_01959,,hypothetical protein,BS:PROKKA_01959,,,ab initio prediction:Prodigal:2.6,2096062,2097259
S1A_contig_008,CDS,21682,22738,+,1056,PROKKA_01960,,hypothetical protein,BS:PROKKA_01960,,,ab initio prediction:Prodigal:2.6,2097467,2098523
S1A_contig_008,CDS,22988,23618,+,630,PROKKA_01961,immR_1,HTH-type transcriptional regulator ImmR,BS:PROKKA_01961,,,ab initio prediction:Prodigal:2.6;similar to AA sequence:UniProtKB:P96631,2098773,2099403
S1A_contig_008,CDS,23753,24083,+,330,PROKKA_01962,,lineage-specific thermal regulator protein,BS:PROKKA_01962,,,ab initio prediction:Prodigal:2.6;protein motif:CLUSTERS:PRK09416,2099538,2099868
S1A_contig_008,CDS,24079,24868,+,789,PROKKA_01963,,hypothetical protein,BS:PROKKA_01963,,,ab initio prediction:Prodigal:2.6,2099864,2100653
S1A_contig_008,CDS,24920,25709,+,789,PROKKA_01964,,hypothetical protein,BS:PROKKA_01964,,,ab initio prediction:Prodigal:2.6;protein motif:CLUSTERS:PRK07668,2100705,2101494
S1A_contig_008,CDS,25753,26032,-,279,PROKKA_01965,,Enterocin A Immunity,BS:PROKKA_01965,,,ab initio prediction:Prodigal:2.6;protein motif:Pfam:PF08951.4,2101538,2101817
S1A_contig_008,CDS,26055,26340,-,285,PROKKA_01966,,Enterocin A Immunity,BS:PROKKA_01966,,,ab initio prediction:Prodigal:2.6;protein motif:Pfam:PF08951.4,2101840,2102125
S1A_contig_008,CDS,26533,26830,-,297,PROKKA_01967,,Enterocin A Immunity,BS:PROKKA_01967,,,ab initio prediction:Prodigal:2.6;protein motif:Pfam:PF08951.4,2102318,2102615
S1A_contig_008,CDS,26931,28287,-,1356,PROKKA_01968,,hypothetical protein,BS:PROKKA_01968,,,ab initio prediction:Prodigal:2.6,2102716,2104072
S1A_contig_008,CDS,28592,28853,-,261,PROKKA_01969,,hypothetical protein,BS:PROKKA_01969,,,ab initio prediction:Prodigal:2.6,2104377,2104638
S1A_contig_008,CDS,28976,29288,-,312,PROKKA_01970,,hypothetical protein,BS:PROKKA_01970,,,ab initio prediction:Prodigal:2.6,2104761,2105073
S1A_contig_008,CDS,29500,30880,-,1380,PROKKA_01971,lcnD_2,Lactococcin A secretion protein LcnD,BS:PROKKA_01971,,,ab initio prediction:Prodigal:2.6;similar to AA sequence:UniProtKB:P0A3G5,2105285,2106665
S1A_contig_008,CDS,30890,33083,-,2193,PROKKA_01972,lagD_1,Lactococcin-G-processing and transport ATP-binding protein LagD,BS:PROKKA_01972,3.4.22.-,,ab initio prediction:Prodigal:2.6;similar to AA sequence:UniProtKB:P59852,2106675,2108868
S1A_contig_008,CDS,33548,33689,-,141,PROKKA_01973,,hypothetical protein,BS:PROKKA_01973,,,ab initio prediction:Prodigal:2.6,2109333,2109474
S1A_contig_008,CDS,33879,35178,+,1299,PROKKA_01974,,sensory histidine kinase DcuS,BS:PROKKA_01974,,,ab initio prediction:Prodigal:2.6;protein motif:CLUSTERS:PRK11086,2109664,2110963
S1A_contig_008,CDS,35182,35989,+,807,PROKKA_01975,agrA,Accessory gene regulator protein A,BS:PROKKA_01975,,,ab initio prediction:Prodigal:2.6;similar to AA sequence:UniProtKB:P0A0I7,2110967,2111774
S1A_contig_008,CDS,36350,36548,-,198,PROKKA_01976,,hypothetical protein,BS:PROKKA_01976,,,ab initio prediction:Prodigal:2.6,2112135,2112333
S1A_contig_008,CDS,37093,37333,+,240,PROKKA_01977,,hypothetical protein,BS:PROKKA_01977,,,ab initio prediction:Prodigal:2.6,2112878,2113118
S1A_contig_008,CDS,37592,37775,-,183,PROKKA_01978,,hypothetical protein,BS:PROKKA_01978,,,ab initio prediction:Prodigal:2.6,2113377,2113560
S1A_contig_008,CDS,37800,37989,-,189,PROKKA_01979,,hypothetical protein,BS:PROKKA_01979,,,ab initio prediction:Prodigal:2.6,2113585,2113774
S1A_contig_008,CDS,38310,38535,+,225,PROKKA_01980,,hypothetical protein,BS:PROKKA_01980,,,ab initio prediction:Prodigal:2.6,2114095,2114320
S1A_contig_008,CDS,38566,38737,-,171,PROKKA_01981,,hypothetical protein,BS:PROKKA_01981,,,ab initio prediction:Prodigal:2.6,2114351,2114522
S1A_contig_008,CDS,39335,40148,-,813,PROKKA_01982,,CAAX amino terminal protease self- immunity,BS:PROKKA_01982,,,ab initio prediction:Prodigal:2.6;protein motif:Pfam:PF02517.10,2115120,2115933
S1A_contig_008,CDS,40432,40591,-,159,PROKKA_01983,,hypothetical protein,BS:PROKKA_01983,,,ab initio prediction:Prodigal:2.6,2116217,2116376
S1A_contig_008,CDS,40706,41039,-,333,PROKKA_01984,,hypothetical protein,BS:PROKKA_01984,,,ab initio prediction:Prodigal:2.6,2116491,2116824
S1A_contig_008,CDS,41290,41482,-,192,PROKKA_01985,,hypothetical protein,BS:PROKKA_01985,,,ab initio prediction:Prodigal:2.6,2117075,2117267
S1A_contig_008,CDS,41794,42130,-,336,PROKKA_01986,,Putative carnobacteriocin-B2 immunity protein,BS:PROKKA_01986,,,ab initio prediction:Prodigal:2.6;similar to AA sequence:UniProtKB:P38582,2117579,2117915
S1A_contig_008,CDS,42248,42845,-,597,PROKKA_01987,lacA_2,Galactoside O-acetyltransferase,BS:PROKKA_01987,2.3.1.18,,ab initio prediction:Prodigal:2.6;similar to AA sequence:UniProtKB:P07464,2118033,2118630
S1A_contig_008,CDS,43115,43424,-,309,PROKKA_01988,,hypothetical protein,BS:PROKKA_01988,,,ab initio prediction:Prodigal:2.6,2118900,2119209
S1A_contig_008,CDS,43559,43775,-,216,PROKKA_01989,,Bacteriocin class II with double-glycine leader peptide,BS:PROKKA_01989,,,ab initio prediction:Prodigal:2.6;protein motif:Pfam:PF10439.3,2119344,2119560
S1A_contig_008,CDS,43771,44005,-,234,PROKKA_01990,,Bacteriocin class II with double-glycine leader peptide,BS:PROKKA_01990,,,ab initio prediction:Prodigal:2.6;protein motif:Pfam:PF10439.3,2119556,2119790
S1A_contig_008,CDS,44238,45192,-,954,PROKKA_01991,ydhF_2,Oxidoreductase YdhF,BS:PROKKA_01991,1.-.-.-,,ab initio prediction:Prodigal:2.6;similar to AA sequence:UniProtKB:P76187,2120023,2120977
S1A_contig_008,CDS,45396,46131,+,735,PROKKA_01992,,putative oxidoreductase,BS:PROKKA_01992,1.-.-.-,,ab initio prediction:Prodigal:2.6;similar to AA sequence:UniProtKB:Q99RF5,2121181,2121916
S1A_contig_008,CDS,46156,47320,+,1164,PROKKA_01993,,NADH oxidase,BS:PROKKA_01993,1.-.-.-,,ab initio prediction:Prodigal:2.6;similar to AA sequence:UniProtKB:P32382,2121941,2123105
S1A_contig_008,CDS,47495,48872,-,1377,PROKKA_01994,fumC,Fumarate hydratase class II,BS:PROKKA_01994,4.2.1.2,,ab initio prediction:Prodigal:2.6;similar to AA sequence:UniProtKB:P64173,2123280,2124657
S1A_contig_008,CDS,49004,49763,-,759,PROKKA_01995,,hypothetical protein,BS:PROKKA_01995,,,ab initio prediction:Prodigal:2.6,2124789,2125548
S1A_contig_008,CDS,49927,50071,-,144,PROKKA_01996,,hypothetical protein,BS:PROKKA_01996,,,ab initio prediction:Prodigal:2.6,2125712,2125856
S1A_contig_008,CDS,50054,51662,-,1608,PROKKA_01997,mntH_3,Divalent metal cation transporter MntH,BS:PROKKA_01997,,,ab initio prediction:Prodigal:2.6;similar to AA sequence:UniProtKB:Q93V04,2125839,2127447
S1A_contig_008,CDS,52049,54767,+,2718,PROKKA_01998,ctpF_2,putative cation-transporting ATPase F,BS:PROKKA_01998,3.6.3.-,,ab initio prediction:Prodigal:2.6;similar to AA sequence:UniProtKB:P63687,2127834,2130552
S1A_contig_008,CDS,55066,55432,+,366,PROKKA_01999,,hypothetical protein,BS:PROKKA_01999,,,ab initio prediction:Prodigal:2.6,2130851,2131217
S1A_contig_008,CDS,55585,56959,-,1374,PROKKA_02000,smvA,Methyl viologen resistance protein SmvA,BS:PROKKA_02000,,,ab initio prediction:Prodigal:2.6;similar to AA sequence:UniProtKB:D0ZXQ3,2131370,2132744
S1A_contig_008,CDS,56998,58528,-,1530,PROKKA_02001,mco,Multicopper oxidase mco,BS:PROKKA_02001,1.-.-.-,,ab initio prediction:Prodigal:2.6;similar to AA sequence:UniProtKB:Q69HT9,2132783,2134313
S1A_contig_008,CDS,58773,58965,+,192,PROKKA_02002,,hypothetical protein,BS:PROKKA_02002,,,ab initio prediction:Prodigal:2.6,2134558,2134750
S1A_contig_008,CDS,59093,59732,+,639,PROKKA_02003,,Cation efflux family protein,BS:PROKKA_02003,,,ab initio prediction:Prodigal:2.6;protein motif:Pfam:PF01545.15,2134878,2135517
S1A_contig_008,CDS,59752,60085,+,333,PROKKA_02004,czrA_2,HTH-type transcriptional repressor CzrA,BS:PROKKA_02004,,,ab initio prediction:Prodigal:2.6;similar to AA sequence:UniProtKB:O31844,2135537,2135870
S1A_contig_008,CDS,60205,61147,-,942,PROKKA_02005,fimA,Manganese ABC transporter substrate-binding lipoprotein precursor,BS:PROKKA_02005,,,ab initio prediction:Prodigal:2.6;similar to AA sequence:UniProtKB:P31305,2135990,2136932
S1A_contig_008,CDS,61143,62040,-,897,PROKKA_02006,mntB,Manganese transport system membrane protein MntB,BS:PROKKA_02006,,,ab initio prediction:Prodigal:2.6;similar to AA sequence:UniProtKB:Q55282,2136928,2137825
S1A_contig_008,CDS,62036,62780,-,744,PROKKA_02007,znuC_2,High-affinity zinc uptake system ATP-binding protein ZnuC,BS:PROKKA_02007,3.6.3.-,,ab initio prediction:Prodigal:2.6;similar to AA sequence:UniProtKB:O34946,2137821,2138565
S1A_contig_008,CDS,63056,64523,-,1467,PROKKA_02008,aldA,Lactaldehyde dehydrogenase,BS:PROKKA_02008,1.2.1.22,,ab initio prediction:Prodigal:2.6;similar to AA sequence:UniProtKB:P25553,2138841,2140308
S1A_contig_008,CDS,64723,64993,-,270,PROKKA_02009,rpsN2_2,Alternate 30S ribosomal protein S14,BS:PROKKA_02009,,,ab initio prediction:Prodigal:2.6;similar to AA sequence:UniProtKB:O31587,2140508,2140778
S1A_contig_008,CDS,65401,66319,+,918,PROKKA_02010,psaA_1,Manganese ABC transporter substrate-binding lipoprotein precursor,BS:PROKKA_02010,,,ab initio prediction:Prodigal:2.6;similar to AA sequence:UniProtKB:P0A4G2,2141186,2142104
S1A_contig_008,CDS,66558,67200,+,642,PROKKA_02011,azoB_2,NAD(P)H azoreductase,BS:PROKKA_02011,1.7.-.-,,ab initio prediction:Prodigal:2.6;similar to AA sequence:UniProtKB:Q8KU07,2142343,2142985
S1A_contig_008,CDS,67317,67950,-,633,PROKKA_02012,,hypothetical protein,BS:PROKKA_02012,,,ab initio prediction:Prodigal:2.6;protein motif:Pfam:PF12535.2,2143102,2143735
S1A_contig_008,CDS,68106,68631,-,525,PROKKA_02013,,hypothetical protein,BS:PROKKA_02013,,,ab initio prediction:Prodigal:2.6,2143891,2144416
S1A_contig_008,CDS,68893,70651,+,1758,PROKKA_02014,,Cna protein B-type domain protein,BS:PROKKA_02014,,,ab initio prediction:Prodigal:2.6;protein motif:Pfam:PF05738.7,2144678,2146436
S1A_contig_008,CDS,70801,71704,+,903,PROKKA_02015,psaA_2,Manganese ABC transporter substrate-binding lipoprotein precursor,BS:PROKKA_02015,,,ab initio prediction:Prodigal:2.6;similar to AA sequence:UniProtKB:P0A4G2,2146586,2147489
S1A_contig_008,CDS,71947,72097,+,150,PROKKA_02016,,hypothetical protein,BS:PROKKA_02016,,,ab initio prediction:Prodigal:2.6,2147732,2147882
S1A_contig_008,CDS,72704,75053,-,2349,PROKKA_02017,,hypothetical protein,BS:PROKKA_02017,,,ab initio prediction:Prodigal:2.6,2148489,2150838
S1A_contig_008,CDS,75227,76412,-,1185,PROKKA_02018,,hypothetical protein,BS:PROKKA_02018,,,ab initio prediction:Prodigal:2.6,2151012,2152197
S1A_contig_008,CDS,76863,77151,-,288,PROKKA_02019,,hypothetical protein,BS:PROKKA_02019,,,ab initio prediction:Prodigal:2.6,2152648,2152936
S1A_contig_008,CDS,78157,78514,-,357,PROKKA_02020,crcB,Putative fluoride ion transporter CrcB,BS:PROKKA_02020,,,ab initio prediction:Prodigal:2.6;similar to AA sequence:UniProtKB:P37002,2153942,2154299
S1A_contig_008,CDS,78507,78918,-,411,PROKKA_02021,,camphor resistance protein CrcB,BS:PROKKA_02021,,,ab initio prediction:Prodigal:2.6;protein motif:CLUSTERS:PRK00134,2154292,2154703
S1A_contig_008,CDS,79012,79132,+,120,PROKKA_02022,,hypothetical protein,BS:PROKKA_02022,,,ab initio prediction:Prodigal:2.6,2154797,2154917
S1A_contig_008,CDS,79343,79646,-,303,PROKKA_02023,higA-2,Antitoxin igA-2,BS:PROKKA_02023,,,ab initio prediction:Prodigal:2.6;similar to AA sequence:UniProtKB:Q9KMA5,2155128,2155431
S1A_contig_008,CDS,79623,79806,-,183,PROKKA_02024,,hypothetical protein,BS:PROKKA_02024,,,ab initio prediction:Prodigal:2.6,2155408,2155591
S1A_contig_008,CDS,80198,80486,-,288,PROKKA_02025,,hypothetical protein,BS:PROKKA_02025,,,ab initio prediction:Prodigal:2.6,2155983,2156271
S1A_contig_008,CDS,80662,81949,+,1287,PROKKA_02026,eno_2,Enolase,BS:PROKKA_02026,4.2.1.11,,ab initio prediction:Prodigal:2.6;similar to AA sequence:UniProtKB:P42848,2156447,2157734
S1A_contig_008,CDS,82024,84280,+,2256,PROKKA_02027,,Calcium-transporting ATPase 1,BS:PROKKA_02027,3.6.3.8,,ab initio prediction:Prodigal:2.6;similar to AA sequence:UniProtKB:Q73E41,2157809,2160065
S1A_contig_008,CDS,84660,85608,+,948,PROKKA_02028,phnD,Phosphate-import protein PhnD precursor,BS:PROKKA_02028,,,ab initio prediction:Prodigal:2.6;similar to AA sequence:UniProtKB:A0QQ71,2160445,2161393
S1A_contig_008,CDS,85667,86441,+,774,PROKKA_02029,phnC,Phosphate-import ATP-binding protein PhnC,BS:PROKKA_02029,3.6.3.27,,ab initio prediction:Prodigal:2.6;similar to AA sequence:UniProtKB:A0QQ70,2161452,2162226
S1A_contig_008,CDS,86440,87223,+,783,PROKKA_02030,phnE_1,Phosphate-import permease protein PhnE,BS:PROKKA_02030,,,ab initio prediction:Prodigal:2.6;similar to AA sequence:UniProtKB:A0QQ68,2162225,2163008
S1A_contig_008,CDS,87219,88023,+,804,PROKKA_02031,phnE_2,Phosphate-import permease protein PhnE,BS:PROKKA_02031,,,ab initio prediction:Prodigal:2.6;similar to AA sequence:UniProtKB:A0QQ68,2163004,2163808
S1A_contig_008,CDS,88401,89376,-,975,PROKKA_02032,ssuA_1,Putative aliphatic sulfonates-binding protein precursor,BS:PROKKA_02032,,,ab initio prediction:Prodigal:2.6;similar to AA sequence:UniProtKB:P75853,2164186,2165161
S1A_contig_008,CDS,89365,90898,-,1533,PROKKA_02033,sauT,putative sulfoacetate--CoA ligase,BS:PROKKA_02033,6.2.1.-,,ab initio prediction:Prodigal:2.6;similar to AA sequence:UniProtKB:Q0K844,2165150,2166683
S1A_contig_008,CDS,90854,92087,-,1233,PROKKA_02034,,Acyltransferase family protein,BS:PROKKA_02034,,,ab initio prediction:Prodigal:2.6;protein motif:Pfam:PF01757.16,2166639,2167872
S1A_contig_008,CDS,92083,92785,-,702,PROKKA_02035,ssuB_1,Aliphatic sulfonates import ATP-binding protein SsuB,BS:PROKKA_02035,3.6.3.-,,ab initio prediction:Prodigal:2.6;similar to AA sequence:UniProtKB:Q8KZQ6,2167868,2168570
S1A_contig_008,CDS,92781,93597,-,816,PROKKA_02036,ssuC_1,Putative aliphatic sulfonates transport permease protein SsuC,BS:PROKKA_02036,,,ab initio prediction:Prodigal:2.6;similar to AA sequence:UniProtKB:P75851,2168566,2169382
S1A_contig_008,CDS,93891,94671,-,780,PROKKA_02037,,hypothetical protein,BS:PROKKA_02037,,,ab initio prediction:Prodigal:2.6,2169676,2170456
S1A_contig_008,CDS,94674,95445,-,771,PROKKA_02038,,hypothetical protein,BS:PROKKA_02038,,,ab initio prediction:Prodigal:2.6,2170459,2171230
S1A_contig_008,CDS,95441,96392,-,951,PROKKA_02039,cysA,Sulfate/thiosulfate import ATP-binding protein CysA,BS:PROKKA_02039,3.6.3.25,,ab initio prediction:Prodigal:2.6;similar to AA sequence:UniProtKB:P14788,2171226,2172177
S1A_contig_008,CDS,96866,97115,-,249,PROKKA_02040,,hypothetical protein,BS:PROKKA_02040,,,ab initio prediction:Prodigal:2.6,2172651,2172900
S1A_contig_008,CDS,97362,97803,+,441,PROKKA_02041,,hypothetical protein,BS:PROKKA_02041,,,ab initio prediction:Prodigal:2.6,2173147,2173588
S1A_contig_008,CDS,97781,98168,+,387,PROKKA_02042,,hypothetical protein,BS:PROKKA_02042,,,ab initio prediction:Prodigal:2.6,2173566,2173953
S1A_contig_008,CDS,98169,99129,-,960,PROKKA_02043,,hypothetical protein,BS:PROKKA_02043,,,ab initio prediction:Prodigal:2.6,2173954,2174914
S1A_contig_008,CDS,99498,99822,+,324,PROKKA_02044,,hypothetical protein,BS:PROKKA_02044,,,ab initio prediction:Prodigal:2.6,2175283,2175607
S1A_contig_008,CDS,99988,100381,-,393,PROKKA_02045,rpsI,30S ribosomal protein S9,BS:PROKKA_02045,,,ab initio prediction:Prodigal:2.6;similar to AA sequence:UniProtKB:P66646,2175773,2176166
S1A_contig_008,CDS,100394,100841,-,447,PROKKA_02046,rplM,50S ribosomal protein L13,BS:PROKKA_02046,,,ab initio prediction:Prodigal:2.6;similar to AA sequence:UniProtKB:Q7A473,2176179,2176626
S1A_contig_008,CDS,101084,101696,-,612,PROKKA_02047,,putative DNA-binding transcriptional regulator,BS:PROKKA_02047,,,ab initio prediction:Prodigal:2.6;protein motif:CLUSTERS:PRK11552,2176869,2177481
S1A_contig_008,CDS,101776,102835,+,1059,PROKKA_02048,,FtsX-like permease family protein,BS:PROKKA_02048,,,ab initio prediction:Prodigal:2.6;protein motif:Pfam:PF02687.15,2177561,2178620
S1A_contig_008,CDS,102836,103547,+,711,PROKKA_02049,hrtA,Putative hemin import ATP-binding protein HrtA,BS:PROKKA_02049,3.6.3.-,,ab initio prediction:Prodigal:2.6;similar to AA sequence:UniProtKB:Q99RR8,2178621,2179332
S1A_contig_008,CDS,103720,103942,+,222,PROKKA_02050,,hypothetical protein,BS:PROKKA_02050,,,ab initio prediction:Prodigal:2.6,2179505,2179727
S1A_contig_008,CDS,104214,104976,+,762,PROKKA_02051,mta,HTH-type transcriptional activator mta,BS:PROKKA_02051,,,ab initio prediction:Prodigal:2.6;similar to AA sequence:UniProtKB:P71039,2179999,2180761
S1A_contig_008,CDS,105070,105814,-,744,PROKKA_02052,truA,tRNA pseudouridine synthase A,BS:PROKKA_02052,5.4.99.12,,ab initio prediction:Prodigal:2.6;similar to AA sequence:UniProtKB:Q5SHU9,2180855,2181599
S1A_contig_008,CDS,105827,106622,-,795,PROKKA_02053,ecfT_2,Energy-coupling factor transporter transmembrane protein EcfT,BS:PROKKA_02053,,,ab initio prediction:Prodigal:2.6;similar to AA sequence:UniProtKB:Q035B4,2181612,2182407
S1A_contig_008,CDS,106614,107460,-,846,PROKKA_02054,ecfA2,Energy-coupling factor transporter ATP-binding protein EcfA2,BS:PROKKA_02054,3.6.3.-,,ab initio prediction:Prodigal:2.6;similar to AA sequence:UniProtKB:Q035B3,2182399,2183245
S1A_contig_008,CDS,107456,108293,-,837,PROKKA_02055,ecfA1,Energy-coupling factor transporter ATP-binding protein EcfA1,BS:PROKKA_02055,3.6.3.-,,ab initio prediction:Prodigal:2.6;similar to AA sequence:UniProtKB:Q035B2,2183241,2184078
S1A_contig_008,CDS,108436,109108,-,672,PROKKA_02056,,hypothetical protein,BS:PROKKA_02056,,,ab initio prediction:Prodigal:2.6,2184221,2184893
S1A_contig_008,CDS,109524,109908,-,384,PROKKA_02057,rplQ,50S ribosomal protein L17,BS:PROKKA_02057,,,ab initio prediction:Prodigal:2.6;similar to AA sequence:UniProtKB:P07843,2185309,2185693
S1A_contig_008,CDS,109929,110868,-,939,PROKKA_02058,rpoA,DNA-directed RNA polymerase subunit alpha,BS:PROKKA_02058,2.7.7.6,,ab initio prediction:Prodigal:2.6;similar to AA sequence:UniProtKB:P20429,2185714,2186653
S1A_contig_008,CDS,110942,111332,-,390,PROKKA_02059,rpsK,30S ribosomal protein S11,BS:PROKKA_02059,,,ab initio prediction:Prodigal:2.6;similar to AA sequence:UniProtKB:P66357,2186727,2187117
S1A_contig_008,CDS,111352,111718,-,366,PROKKA_02060,rpsM,30S ribosomal protein S13,BS:PROKKA_02060,,,ab initio prediction:Prodigal:2.6;similar to AA sequence:UniProtKB:P20282,2187137,2187503
S1A_contig_008,CDS,111751,111868,-,117,PROKKA_02061,rpmJ,50S ribosomal protein L36,BS:PROKKA_02061,,,ab initio prediction:Prodigal:2.6;similar to AA sequence:UniProtKB:P07841,2187536,2187653
S1A_contig_008,CDS,111895,112114,-,219,PROKKA_02062,infA,Translation initiation factor IF-1,BS:PROKKA_02062,,,ab initio prediction:Prodigal:2.6;similar to AA sequence:UniProtKB:P65119,2187680,2187899
S1A_contig_008,CDS,112257,112914,-,657,PROKKA_02063,adk,Adenylate kinase,BS:PROKKA_02063,2.7.4.3,,ab initio prediction:Prodigal:2.6;similar to AA sequence:UniProtKB:P27142,2188042,2188699
S1A_contig_008,CDS,113061,114387,-,1326,PROKKA_02064,,preprotein translocase subunit SecY,BS:PROKKA_02064,,,ab initio prediction:Prodigal:2.6;protein motif:CLUSTERS:PRK09204,2188846,2190172
S1A_contig_008,CDS,114386,114827,-,441,PROKKA_02065,rplO,50S ribosomal protein L15,BS:PROKKA_02065,,,ab initio prediction:Prodigal:2.6;similar to AA sequence:UniProtKB:P0A0F6,2190171,2190612
S1A_contig_008,CDS,114860,115046,-,186,PROKKA_02066,rpmD,50S ribosomal protein L30,BS:PROKKA_02066,,,ab initio prediction:Prodigal:2.6;similar to AA sequence:UniProtKB:P0A0G0,2190645,2190831
S1A_contig_008,CDS,115057,115561,-,504,PROKKA_02067,rpsE,30S ribosomal protein S5,BS:PROKKA_02067,,,ab initio prediction:Prodigal:2.6;similar to AA sequence:UniProtKB:P02357,2190842,2191346
S1A_contig_008,CDS,115583,115943,-,360,PROKKA_02068,rplR,50S ribosomal protein L18,BS:PROKKA_02068,,,ab initio prediction:Prodigal:2.6;similar to AA sequence:UniProtKB:P46899,2191368,2191728
S1A_contig_008,CDS,115980,116511,-,531,PROKKA_02069,rplF,50S ribosomal protein L6,BS:PROKKA_02069,,,ab initio prediction:Prodigal:2.6;similar to AA sequence:UniProtKB:P02391,2191765,2192296
S1A_contig_008,CDS,116541,116940,-,399,PROKKA_02070,rpsH,30S ribosomal protein S8,BS:PROKKA_02070,,,ab initio prediction:Prodigal:2.6;similar to AA sequence:UniProtKB:P12879,2192326,2192725
S1A_contig_008,CDS,117165,117708,-,543,PROKKA_02071,rplE,50S ribosomal protein L5,BS:PROKKA_02071,,,ab initio prediction:Prodigal:2.6;similar to AA sequence:UniProtKB:P12877,2192950,2193493
S1A_contig_008,CDS,117732,118044,-,312,PROKKA_02072,rplX,50S ribosomal protein L24,BS:PROKKA_02072,,,ab initio prediction:Prodigal:2.6;similar to AA sequence:UniProtKB:P04455,2193517,2193829
S1A_contig_008,CDS,118073,118442,-,369,PROKKA_02073,rplN,50S ribosomal protein L14,BS:PROKKA_02073,,,ab initio prediction:Prodigal:2.6;similar to AA sequence:UniProtKB:P0A473,2193858,2194227
S1A_contig_008,CDS,118473,118737,-,264,PROKKA_02074,rpsQ,30S ribosomal protein S17,BS:PROKKA_02074,,,ab initio prediction:Prodigal:2.6;similar to AA sequence:UniProtKB:P23828,2194258,2194522
S1A_contig_008,CDS,118757,118952,-,195,PROKKA_02075,rpmC,50S ribosomal protein L29,BS:PROKKA_02075,,,ab initio prediction:Prodigal:2.6;similar to AA sequence:UniProtKB:P04457,2194542,2194737
S1A_contig_008,CDS,118941,119376,-,435,PROKKA_02076,rplP,50S ribosomal protein L16,BS:PROKKA_02076,,,ab initio prediction:Prodigal:2.6;similar to AA sequence:UniProtKB:P0A475,2194726,2195161
S1A_contig_008,CDS,119379,120042,-,663,PROKKA_02077,rpsC,30S ribosomal protein S3,BS:PROKKA_02077,,,ab initio prediction:Prodigal:2.6;similar to AA sequence:UniProtKB:P21465,2195164,2195827
S1A_contig_008,CDS,120055,120409,-,354,PROKKA_02078,rplV,50S ribosomal protein L22,BS:PROKKA_02078,,,ab initio prediction:Prodigal:2.6;similar to AA sequence:UniProtKB:P42060,2195840,2196194
S1A_contig_008,CDS,120426,120708,-,282,PROKKA_02079,rpsS,30S ribosomal protein S19,BS:PROKKA_02079,,,ab initio prediction:Prodigal:2.6;similar to AA sequence:UniProtKB:P66494,2196211,2196493
S1A_contig_008,CDS,120747,121584,-,837,PROKKA_02080,rplB,50S ribosomal protein L2,BS:PROKKA_02080,,,ab initio prediction:Prodigal:2.6;similar to AA sequence:UniProtKB:P60432,2196532,2197369
S1A_contig_008,CDS,121612,121915,-,303,PROKKA_02081,rplW,50S ribosomal protein L23,BS:PROKKA_02081,,,ab initio prediction:Prodigal:2.6;similar to AA sequence:UniProtKB:P42924,2197397,2197700
S1A_contig_008,CDS,121914,122538,-,624,PROKKA_02082,rplD,50S ribosomal protein L4,BS:PROKKA_02082,,,ab initio prediction:Prodigal:2.6;similar to AA sequence:UniProtKB:P42921,2197699,2198323
S1A_contig_008,CDS,122560,123193,-,633,PROKKA_02083,rplC,50S ribosomal protein L3,BS:PROKKA_02083,,,ab initio prediction:Prodigal:2.6;similar to AA sequence:UniProtKB:P42920,2198345,2198978
S1A_contig_008,CDS,123218,123527,-,309,PROKKA_02084,rpsJ,30S ribosomal protein S10,BS:PROKKA_02084,,,ab initio prediction:Prodigal:2.6;similar to AA sequence:UniProtKB:P21471,2199003,2199312
S1A_contig_008,CDS,123851,124289,+,438,PROKKA_02085,,phosphate-starvation-inducible protein PsiE,BS:PROKKA_02085,,,ab initio prediction:Prodigal:2.6;protein motif:CLUSTERS:PRK02833,2199636,2200074
S1A_contig_008,CDS,124431,124995,-,564,PROKKA_02086,ahpC,Alkyl hydroperoxide reductase subunit C,BS:PROKKA_02086,1.11.1.15,,ab initio prediction:Prodigal:2.6;similar to AA sequence:UniProtKB:P80239,2200216,2200780
S1A_contig_008,CDS,125274,126309,-,1035,PROKKA_02087,,hypothetical protein,BS:PROKKA_02087,,,ab initio prediction:Prodigal:2.6,2201059,2202094
S1A_contig_008,CDS,126490,128593,-,2103,PROKKA_02088,fusA,Elongation factor G,BS:PROKKA_02088,,,ab initio prediction:Prodigal:2.6;similar to AA sequence:UniProtKB:P80868,2202275,2204378
S1A_contig_008,CDS,128682,129153,-,471,PROKKA_02089,rpsG,30S ribosomal protein S7,BS:PROKKA_02089,,,ab initio prediction:Prodigal:2.6;similar to AA sequence:UniProtKB:P21469,2204467,2204938
S1A_contig_008,CDS,129350,129767,-,417,PROKKA_02090,rpsL,30S ribosomal protein S12,BS:PROKKA_02090,,,ab initio prediction:Prodigal:2.6;similar to AA sequence:UniProtKB:P21472,2205135,2205552
S1A_contig_008,CDS,130497,138672,-,8175,PROKKA_02091,,Cna protein B-type domain protein,BS:PROKKA_02091,,,ab initio prediction:Prodigal:2.6;protein motif:Pfam:PF05738.7,2206282,2214457
S1A_contig_008,CDS,139059,139554,+,495,PROKKA_02092,,hypothetical protein,BS:PROKKA_02092,,,ab initio prediction:Prodigal:2.6,2214844,2215339
S1A_contig_008,CDS,139744,143407,-,3663,PROKKA_02093,rpoC,DNA-directed RNA polymerase subunit beta',BS:PROKKA_02093,2.7.7.6,,ab initio prediction:Prodigal:2.6;similar to AA sequence:UniProtKB:P37871,2215529,2219192
S1A_contig_008,CDS,143419,147004,-,3585,PROKKA_02094,rpoB,DNA-directed RNA polymerase subunit beta,BS:PROKKA_02094,2.7.7.6,,ab initio prediction:Prodigal:2.6;similar to AA sequence:UniProtKB:P37870,2219204,2222789
S1A_contig_008,CDS,147348,149856,-,2508,PROKKA_02095,clpC_2,Negative regulator of genetic competence ClpC/MecB,BS:PROKKA_02095,,,ab initio prediction:Prodigal:2.6;similar to AA sequence:UniProtKB:P37571,2223133,2225641
S1A_contig_008,CDS,149895,150363,-,468,PROKKA_02096,ctsR,Transcriptional regulator CtsR,BS:PROKKA_02096,,,ab initio prediction:Prodigal:2.6;similar to AA sequence:UniProtKB:Q88XZ6,2225680,2226148
S1A_contig_008,tRNA,150487,150563,-,76,PROKKA_02097,,tRNA-Pro,,,,COORDINATES: profile:Aragorn:1.2,2226272,2226348
S1A_contig_008,tRNA,150566,150638,-,72,PROKKA_02098,,tRNA-Gly,,,,COORDINATES: profile:Aragorn:1.2,2226351,2226423
S1A_contig_008,tRNA,150685,150762,-,77,PROKKA_02099,,tRNA-Arg,,,,COORDINATES: profile:Aragorn:1.2,2226470,2226547
S1A_contig_008,tRNA,150771,150859,-,88,PROKKA_02100,,tRNA-Leu,,,,COORDINATES: profile:Aragorn:1.2,2226556,2226644
S1A_contig_008,tRNA,150869,150941,-,72,PROKKA_02101,,tRNA-Gly,,,,COORDINATES: profile:Aragorn:1.2,2226654,2226726
S1A_contig_008,tRNA,151015,151100,-,85,PROKKA_02102,,tRNA-Leu,,,,COORDINATES: profile:Aragorn:1.2,2226800,2226885
S1A_contig_008,tRNA,151115,151190,-,75,PROKKA_02103,,tRNA-Lys,,,,COORDINATES: profile:Aragorn:1.2,2226900,2226975
S1A_contig_009,CDS,82,1300,-,1218,PROKKA_02104,,hypothetical protein,BS:PROKKA_02104,,,ab initio prediction:Prodigal:2.6;protein motif:CLUSTERS:PRK01346,2227112,2228330
S1A_contig_009,CDS,1306,3775,-,2469,PROKKA_02105,recD2_1,ATP-dependent RecD-like DNA helicase,BS:PROKKA_02105,3.6.4.12,,ab initio prediction:Prodigal:2.6;similar to AA sequence:UniProtKB:Q9RT63,2228336,2230805
S1A_contig_009,CDS,3761,4430,-,669,PROKKA_02106,,"Anaphase-promoting complex, cyclosome, subunit 3",BS:PROKKA_02106,,,ab initio prediction:Prodigal:2.6;protein motif:Pfam:PF12895.1,2230791,2231460
S1A_contig_009,CDS,4467,5130,-,663,PROKKA_02107,pspA,Phosphoserine phosphatase 1,BS:PROKKA_02107,3.1.3.3,,ab initio prediction:Prodigal:2.6;similar to AA sequence:UniProtKB:D3DFG8,2231497,2232160
S1A_contig_009,CDS,5161,5314,-,153,PROKKA_02108,,hypothetical protein,BS:PROKKA_02108,,,ab initio prediction:Prodigal:2.6,2232191,2232344
S1A_contig_009,CDS,5684,6938,-,1254,PROKKA_02109,mnmA,tRNA-specific 2-thiouridylase MnmA,BS:PROKKA_02109,2.8.1.-,,ab initio prediction:Prodigal:2.6;similar to AA sequence:UniProtKB:Q97T38,2232714,2233968
S1A_contig_009,CDS,6994,7210,+,216,PROKKA_02110,,hypothetical protein,BS:PROKKA_02110,,,ab initio prediction:Prodigal:2.6,2234024,2234240
S1A_contig_009,CDS,7387,9670,-,2283,PROKKA_02111,uvrA_3,UvrABC system protein A,BS:PROKKA_02111,,,ab initio prediction:Prodigal:2.6;similar to AA sequence:UniProtKB:P63383,2234417,2236700
S1A_contig_009,CDS,9887,10229,-,342,PROKKA_02112,,hypothetical protein,BS:PROKKA_02112,,,ab initio prediction:Prodigal:2.6,2236917,2237259
S1A_contig_009,CDS,10439,11603,-,1164,PROKKA_02113,iscS_1,Cysteine desulfurase,BS:PROKKA_02113,2.8.1.7,,ab initio prediction:Prodigal:2.6;similar to AA sequence:UniProtKB:P0A6B7,2237469,2238633
S1A_contig_009,CDS,11618,12329,-,711,PROKKA_02114,mtnN,5'-methylthioadenosine/S-adenosylhomocysteine nucleosidase,BS:PROKKA_02114,3.2.2.9,,ab initio prediction:Prodigal:2.6;similar to AA sequence:UniProtKB:A6T4W3,2238648,2239359
S1A_contig_009,CDS,12431,12692,-,261,PROKKA_02115,,hypothetical protein,BS:PROKKA_02115,,,ab initio prediction:Prodigal:2.6,2239461,2239722
S1A_contig_009,CDS,12803,13340,-,537,PROKKA_02116,nudF_2,ADP-ribose pyrophosphatase,BS:PROKKA_02116,3.6.1.13,,ab initio prediction:Prodigal:2.6;similar to AA sequence:UniProtKB:P54570,2239833,2240370
S1A_contig_009,CDS,13641,14304,+,663,PROKKA_02117,,5-bromo-4-chloroindolyl phosphate hydrolysis protein,BS:PROKKA_02117,,,ab initio prediction:Prodigal:2.6;protein motif:Pfam:PF10112.3,2240671,2241334
S1A_contig_009,CDS,14309,15512,+,1203,PROKKA_02118,,TelA-like protein,BS:PROKKA_02118,,,ab initio prediction:Prodigal:2.6;similar to AA sequence:UniProtKB:P60108,2241339,2242542
S1A_contig_009,CDS,15606,17043,-,1437,PROKKA_02119,stp_3,Multidrug resistance protein stp,BS:PROKKA_02119,,,ab initio prediction:Prodigal:2.6;similar to AA sequence:UniProtKB:P71879,2242636,2244073
S1A_contig_009,CDS,17218,18124,+,906,PROKKA_02120,pstS1_2,Phosphate-binding protein PstS 1 precursor,BS:PROKKA_02120,,,ab initio prediction:Prodigal:2.6;similar to AA sequence:UniProtKB:Q8DPB1,2244248,2245154
S1A_contig_009,CDS,18261,18483,-,222,PROKKA_02121,cspB,Cold shock protein CspB,BS:PROKKA_02121,,,ab initio prediction:Prodigal:2.6;similar to AA sequence:UniProtKB:P32081,2245291,2245513
S1A_contig_009,CDS,18495,21282,-,2787,PROKKA_02122,ileS,Isoleucine--tRNA ligase,BS:PROKKA_02122,6.1.1.5,,ab initio prediction:Prodigal:2.6;similar to AA sequence:UniProtKB:P41972,2245525,2248312
S1A_contig_009,CDS,21528,22314,-,786,PROKKA_02123,divIVA,Cell division protein DivIVA,BS:PROKKA_02123,,,ab initio prediction:Prodigal:2.6;similar to AA sequence:UniProtKB:Q8CWP9,2248558,2249344
S1A_contig_009,CDS,22371,23151,-,780,PROKKA_02124,,S4 domain protein,BS:PROKKA_02124,,,ab initio prediction:Prodigal:2.6;protein motif:Pfam:PF01479.19,2249401,2250181
S1A_contig_009,CDS,23157,23451,-,294,PROKKA_02125,,YGGT family protein,BS:PROKKA_02125,,,ab initio prediction:Prodigal:2.6;protein motif:Pfam:PF02325.11,2250187,2250481
S1A_contig_009,CDS,23462,23918,-,456,PROKKA_02126,sepF,Cell division protein SepF,BS:PROKKA_02126,,,ab initio prediction:Prodigal:2.6;similar to AA sequence:UniProtKB:O31728,2250492,2250948
S1A_contig_009,CDS,23935,25195,-,1260,PROKKA_02127,ftsZ,Cell division protein FtsZ,BS:PROKKA_02127,,,ab initio prediction:Prodigal:2.6;similar to AA sequence:UniProtKB:P0A031,2250965,2252225
S1A_contig_009,CDS,25219,26566,-,1347,PROKKA_02128,ftsA,Cell division protein FtsA,BS:PROKKA_02128,,,ab initio prediction:Prodigal:2.6;similar to AA sequence:UniProtKB:P28264,2252249,2253596
S1A_contig_009,CDS,26675,27539,-,864,PROKKA_02129,divIB,Cell division protein DivIB,BS:PROKKA_02129,,,ab initio prediction:Prodigal:2.6;similar to AA sequence:UniProtKB:P16655,2253705,2254569
S1A_contig_009,CDS,27535,28627,-,1092,PROKKA_02130,murG,UDP-N-acetylglucosamine--N-acetylmuramyl- (pentapeptide) pyrophosphoryl-undecaprenol N-acetylglucosamine transferase,BS:PROKKA_02130,2.4.1.227,,ab initio prediction:Prodigal:2.6;similar to AA sequence:UniProtKB:Q9HW01,2254565,2255657
S1A_contig_009,CDS,28627,30007,-,1380,PROKKA_02131,murD,UDP-N-acetylmuramoylalanine--D-glutamate ligase,BS:PROKKA_02131,6.3.2.9,,ab initio prediction:Prodigal:2.6;similar to AA sequence:UniProtKB:Q97RU8,2255657,2257037
S1A_contig_009,CDS,30037,31003,-,966,PROKKA_02132,mraY,Phospho-N-acetylmuramoyl-pentapeptide- transferase,BS:PROKKA_02132,2.7.8.13,,ab initio prediction:Prodigal:2.6;similar to AA sequence:UniProtKB:Q2FZ93,2257067,2258033
S1A_contig_009,CDS,31017,33165,-,2148,PROKKA_02133,pbpB,Penicillin-binding protein 2B,BS:PROKKA_02133,,,ab initio prediction:Prodigal:2.6;similar to AA sequence:UniProtKB:Q07868,2258047,2260195
S1A_contig_009,CDS,33161,33527,-,366,PROKKA_02134,ftsL_2,Cell division protein FtsL,BS:PROKKA_02134,,,ab initio prediction:Prodigal:2.6;protein motif:HAMAP:MF_00910,2260191,2260557
S1A_contig_009,CDS,33539,34481,-,942,PROKKA_02135,rsmH,Ribosomal RNA small subunit methyltransferase H,BS:PROKKA_02135,2.1.1.199,,ab initio prediction:Prodigal:2.6;similar to AA sequence:UniProtKB:P60392,2260569,2261511
S1A_contig_009,CDS,34483,34915,-,432,PROKKA_02136,,cell division protein MraZ,BS:PROKKA_02136,,,ab initio prediction:Prodigal:2.6;protein motif:CLUSTERS:PRK00326,2261513,2261945
S1A_contig_009,CDS,35090,35423,-,333,PROKKA_02137,,hypothetical protein,BS:PROKKA_02137,,,ab initio prediction:Prodigal:2.6,2262120,2262453
S1A_contig_009,CDS,35975,37409,-,1434,PROKKA_02138,clsA,Major cardiolipin synthase ClsA,BS:PROKKA_02138,2.7.8.-,,ab initio prediction:Prodigal:2.6;similar to AA sequence:UniProtKB:P71040,2263005,2264439
S1A_contig_009,CDS,37641,38454,-,813,PROKKA_02139,artP,Arginine-binding extracellular protein ArtP precursor,BS:PROKKA_02139,,,ab initio prediction:Prodigal:2.6;similar to AA sequence:UniProtKB:P54535,2264671,2265484
S1A_contig_009,CDS,38450,39089,-,639,PROKKA_02140,glnQ_4,Glutamine transport ATP-binding protein GlnQ,BS:PROKKA_02140,,,ab initio prediction:Prodigal:2.6;similar to AA sequence:UniProtKB:P27675,2265480,2266119
S1A_contig_009,CDS,39101,39758,-,657,PROKKA_02141,artQ_2,Arginine transport system permease protein ArtQ,BS:PROKKA_02141,,,ab initio prediction:Prodigal:2.6;similar to AA sequence:UniProtKB:P54536,2266131,2266788
S1A_contig_009,CDS,40423,41221,-,798,PROKKA_02142,minD,Septum site-determining protein MinD,BS:PROKKA_02142,,,ab initio prediction:Prodigal:2.6;similar to AA sequence:UniProtKB:Q01464,2267453,2268251
S1A_contig_009,CDS,41221,41878,-,657,PROKKA_02143,minC,Septum site-determining protein MinC,BS:PROKKA_02143,,,ab initio prediction:Prodigal:2.6;similar to AA sequence:UniProtKB:Q01463,2268251,2268908
S1A_contig_009,CDS,41891,42422,-,531,PROKKA_02144,,rod shape-determining protein MreD,BS:PROKKA_02144,,,ab initio prediction:Prodigal:2.6;protein motif:Pfam:PF04093.6,2268921,2269452
S1A_contig_009,CDS,42423,43284,-,861,PROKKA_02145,mreC,Cell shape-determining protein MreC precursor,BS:PROKKA_02145,,,ab initio prediction:Prodigal:2.6;similar to AA sequence:UniProtKB:Q8Y6Y4,2269453,2270314
S1A_contig_009,CDS,43372,44374,-,1002,PROKKA_02146,mreB_1,Rod shape-determining protein MreB,BS:PROKKA_02146,,,ab initio prediction:Prodigal:2.6;similar to AA sequence:UniProtKB:P0A9X4,2270402,2271404
S1A_contig_009,CDS,44513,45182,-,669,PROKKA_02147,,hypothetical protein,BS:PROKKA_02147,,,ab initio prediction:Prodigal:2.6;protein motif:CLUSTERS:PRK00024,2271543,2272212
S1A_contig_009,CDS,45243,45888,-,645,PROKKA_02148,,Phosphorylated carbohydrates phosphatase,BS:PROKKA_02148,3.1.3.-,,ab initio prediction:Prodigal:2.6;similar to AA sequence:UniProtKB:Q9X0Y1,2272273,2272918
S1A_contig_009,CDS,46159,47437,-,1278,PROKKA_02149,fgs,Folylpolyglutamate synthase,BS:PROKKA_02149,6.3.2.17,,ab initio prediction:Prodigal:2.6;similar to AA sequence:UniProtKB:P15925,2273189,2274467
S1A_contig_009,CDS,47728,50371,-,2643,PROKKA_02150,valS,Valine--tRNA ligase,BS:PROKKA_02150,6.1.1.9,,ab initio prediction:Prodigal:2.6;similar to AA sequence:UniProtKB:P11931,2274758,2277401
S1A_contig_009,CDS,50745,51399,-,654,PROKKA_02151,rex_2,Redox-sensing transcriptional repressor Rex,BS:PROKKA_02151,,,ab initio prediction:Prodigal:2.6;similar to AA sequence:UniProtKB:O05521,2277775,2278429
S1A_contig_009,CDS,51704,52922,-,1218,PROKKA_02152,thiI,putative tRNA sulfurtransferase,BS:PROKKA_02152,2.8.1.4,,ab initio prediction:Prodigal:2.6;similar to AA sequence:UniProtKB:Q81KU0,2278734,2279952
S1A_contig_009,CDS,52938,54228,-,1290,PROKKA_02153,iscS_2,Cysteine desulfurase,BS:PROKKA_02153,2.8.1.7,,ab initio prediction:Prodigal:2.6;similar to AA sequence:UniProtKB:P0A6B7,2279968,2281258
S1A_contig_009,CDS,54404,56108,-,1704,PROKKA_02154,ezrA,Septation ring formation regulator EzrA,BS:PROKKA_02154,,,ab initio prediction:Prodigal:2.6;similar to AA sequence:UniProtKB:O34894,2281434,2283138
S1A_contig_009,CDS,56284,56767,+,483,PROKKA_02155,msrC,Free methionine-R-sulfoxide reductase,BS:PROKKA_02155,1.8.4.14,,ab initio prediction:Prodigal:2.6;similar to AA sequence:UniProtKB:P76270,2283314,2283797
S1A_contig_009,CDS,56942,57554,+,612,PROKKA_02156,rpsD,30S ribosomal protein S4,BS:PROKKA_02156,,,ab initio prediction:Prodigal:2.6;similar to AA sequence:UniProtKB:P21466,2283972,2284584
S1A_contig_009,CDS,57722,60134,-,2412,PROKKA_02157,,Restriction endonuclease,BS:PROKKA_02157,,,ab initio prediction:Prodigal:2.6;protein motif:Pfam:PF04471.6,2284752,2287164
S1A_contig_009,CDS,60958,63136,-,2178,PROKKA_02158,rpsA,30S ribosomal protein S1,BS:PROKKA_02158,,,ab initio prediction:Prodigal:2.6;similar to AA sequence:UniProtKB:P0AG67,2287988,2290166
S1A_contig_009,CDS,64015,64420,-,405,PROKKA_02159,merR1,Mercuric resistance operon regulatory protein,BS:PROKKA_02159,,,ab initio prediction:Prodigal:2.6;similar to AA sequence:UniProtKB:P22853,2291045,2291450
S1A_contig_009,CDS,64617,65844,+,1227,PROKKA_02160,,hypothetical protein,BS:PROKKA_02160,,,ab initio prediction:Prodigal:2.6,2291647,2292874
S1A_contig_009,CDS,66041,66929,+,888,PROKKA_02161,ybhF,putative ABC transporter ATP-binding protein YbhF,BS:PROKKA_02161,,,ab initio prediction:Prodigal:2.6;similar to AA sequence:UniProtKB:P0A9U1,2293071,2293959
S1A_contig_009,CDS,66925,67690,+,765,PROKKA_02162,,ABC-2 family transporter protein,BS:PROKKA_02162,,,ab initio prediction:Prodigal:2.6;protein motif:Pfam:PF12698.1,2293955,2294720
S1A_contig_009,CDS,67679,68795,+,1116,PROKKA_02163,desK,Sensor histidine kinase DesK,BS:PROKKA_02163,2.7.13.3,,ab initio prediction:Prodigal:2.6;similar to AA sequence:UniProtKB:O34757,2294709,2295825
S1A_contig_009,CDS,68791,69400,+,609,PROKKA_02164,nreC,Oxygen regulatory protein NreC,BS:PROKKA_02164,,,ab initio prediction:Prodigal:2.6;similar to AA sequence:UniProtKB:Q7WZY4,2295821,2296430
S1A_contig_009,CDS,69517,70375,-,858,PROKKA_02165,,DegV domain-containing protein,BS:PROKKA_02165,,,ab initio prediction:Prodigal:2.6;similar to AA sequence:UniProtKB:P67370,2296547,2297405
S1A_contig_009,CDS,70572,72237,-,1665,PROKKA_02166,phnU,Putative 2-aminoethylphosphonate transport system permease protein PhnU,BS:PROKKA_02166,,,ab initio prediction:Prodigal:2.6;similar to AA sequence:UniProtKB:P96064,2297602,2299267
S1A_contig_009,CDS,72237,73317,-,1080,PROKKA_02167,malK_2,Maltose/maltodextrin import ATP-binding protein MalK,BS:PROKKA_02167,3.6.3.19,,ab initio prediction:Prodigal:2.6;similar to AA sequence:UniProtKB:P19566,2299267,2300347
S1A_contig_009,CDS,73329,74388,-,1059,PROKKA_02168,potD_2,Spermidine/putrescine-binding periplasmic protein precursor,BS:PROKKA_02168,,,ab initio prediction:Prodigal:2.6;similar to AA sequence:UniProtKB:P0AFK9,2300359,2301418
S1A_contig_009,CDS,74544,75306,-,762,PROKKA_02169,,putative response regulatory protein,BS:PROKKA_02169,,,ab initio prediction:Prodigal:2.6;similar to AA sequence:UniProtKB:Q5HJF7,2301574,2302336
S1A_contig_009,CDS,75476,77105,-,1629,PROKKA_02170,ypdA,Sensor histidine kinase YpdA,BS:PROKKA_02170,2.7.13.3,,ab initio prediction:Prodigal:2.6;similar to AA sequence:UniProtKB:P0AA93,2302506,2304135
S1A_contig_009,CDS,77216,77690,-,474,PROKKA_02171,,Acetyltransferase (GNAT) family protein,BS:PROKKA_02171,,,ab initio prediction:Prodigal:2.6;protein motif:Pfam:PF00583.18,2304246,2304720
S1A_contig_009,CDS,77676,78054,-,378,PROKKA_02172,,putative acetyltransferase,BS:PROKKA_02172,,,ab initio prediction:Prodigal:2.6;protein motif:CLUSTERS:PRK03624,2304706,2305084
S1A_contig_009,CDS,78081,78570,-,489,PROKKA_02173,,putative acetyltransferase,BS:PROKKA_02173,,,ab initio prediction:Prodigal:2.6;protein motif:CLUSTERS:PRK03624,2305111,2305600
S1A_contig_009,CDS,78813,79449,-,636,PROKKA_02174,,hypothetical protein,BS:PROKKA_02174,,,ab initio prediction:Prodigal:2.6,2305843,2306479
S1A_contig_009,CDS,79445,79763,-,318,PROKKA_02175,,Carboxymuconolactone decarboxylase family protein,BS:PROKKA_02175,,,ab initio prediction:Prodigal:2.6;protein motif:Pfam:PF02627.1,2306475,2306793
S1A_contig_009,CDS,79764,80181,-,417,PROKKA_02176,,Cupin domain protein,BS:PROKKA_02176,,,ab initio prediction:Prodigal:2.6;protein motif:Pfam:PF07883.5,2306794,2307211
S1A_contig_009,CDS,80295,81174,+,879,PROKKA_02177,cynR,HTH-type transcriptional regulator CynR,BS:PROKKA_02177,,,ab initio prediction:Prodigal:2.6;similar to AA sequence:UniProtKB:P27111,2307325,2308204
S1A_contig_009,CDS,81248,82019,-,771,PROKKA_02178,,ABC-2 family transporter protein,BS:PROKKA_02178,,,ab initio prediction:Prodigal:2.6;protein motif:Pfam:PF12730.1,2308278,2309049
S1A_contig_009,CDS,82015,82945,-,930,PROKKA_02179,yxlF_5,putative ABC transporter ATP-binding protein YxlF,BS:PROKKA_02179,3.6.3.-,,ab initio prediction:Prodigal:2.6;similar to AA sequence:UniProtKB:P94374,2309045,2309975
S1A_contig_009,CDS,83341,84019,+,678,PROKKA_02180,regX3,Sensory transduction protein regX3,BS:PROKKA_02180,,,ab initio prediction:Prodigal:2.6;similar to AA sequence:UniProtKB:Q9F868,2310371,2311049
S1A_contig_009,CDS,84089,84986,+,897,PROKKA_02181,czcS_2,Sensor protein CzcS precursor,BS:PROKKA_02181,2.7.13.3,,ab initio prediction:Prodigal:2.6;similar to AA sequence:UniProtKB:Q44007,2311119,2312016
S1A_contig_009,CDS,85123,86764,+,1641,PROKKA_02182,dppE_3,Dipeptide-binding protein DppE precursor,BS:PROKKA_02182,,,ab initio prediction:Prodigal:2.6;similar to AA sequence:UniProtKB:P26906,2312153,2313794
S1A_contig_009,CDS,86951,87764,-,813,PROKKA_02183,hisK,Histidinol-phosphatase,BS:PROKKA_02183,3.1.3.15,,ab initio prediction:Prodigal:2.6;similar to AA sequence:UniProtKB:Q02150,2313981,2314794
S1A_contig_009,CDS,88023,88752,-,729,PROKKA_02184,,Deoxyguanosine kinase,BS:PROKKA_02184,2.7.1.113,,ab initio prediction:Prodigal:2.6;similar to AA sequence:UniProtKB:Q74HC2,2315053,2315782
S1A_contig_009,CDS,88827,89559,-,732,PROKKA_02185,,Nicotinamide mononucleotide transporter,BS:PROKKA_02185,,,ab initio prediction:Prodigal:2.6;protein motif:Pfam:PF04973.6,2315857,2316589
S1A_contig_009,CDS,89820,90756,-,936,PROKKA_02186,rhlG,Rhamnolipids biosynthesis 3-oxoacyl-[acyl-carrier-protein] reductase,BS:PROKKA_02186,1.1.1.100,,ab initio prediction:Prodigal:2.6;similar to AA sequence:UniProtKB:Q9RPT1,2316850,2317786
S1A_contig_009,CDS,90804,91635,-,831,PROKKA_02187,msrA2,Peptide methionine sulfoxide reductase MsrA 2,BS:PROKKA_02187,1.8.4.11,,ab initio prediction:Prodigal:2.6;similar to AA sequence:UniProtKB:P65446,2317834,2318665
S1A_contig_009,CDS,91890,92574,-,684,PROKKA_02188,cobC_1,Alpha-ribazole phosphatase,BS:PROKKA_02188,3.1.3.73,,ab initio prediction:Prodigal:2.6;similar to AA sequence:UniProtKB:P39701,2318920,2319604
S1A_contig_009,CDS,92676,93543,-,867,PROKKA_02189,sdhA,"L-serine dehydratase, alpha chain",BS:PROKKA_02189,4.3.1.17,,ab initio prediction:Prodigal:2.6;similar to AA sequence:UniProtKB:P33073,2319706,2320573
S1A_contig_009,CDS,93591,94257,-,666,PROKKA_02190,sdhB,"L-serine dehydratase, beta chain",BS:PROKKA_02190,4.3.1.17,,ab initio prediction:Prodigal:2.6;similar to AA sequence:UniProtKB:P33074,2320621,2321287
S1A_contig_009,CDS,94476,95079,-,603,PROKKA_02191,,hypothetical protein,BS:PROKKA_02191,,,ab initio prediction:Prodigal:2.6,2321506,2322109
S1A_contig_009,CDS,95149,95590,+,441,PROKKA_02192,,hypothetical protein,BS:PROKKA_02192,,,ab initio prediction:Prodigal:2.6,2322179,2322620
S1A_contig_009,CDS,95621,97586,-,1965,PROKKA_02193,gshAB,Glutathione biosynthesis bifunctional protein GshAB,BS:PROKKA_02193,,,ab initio prediction:Prodigal:2.6;similar to AA sequence:UniProtKB:Q8DXM9,2322651,2324616
S1A_contig_009,CDS,97803,99099,+,1296,PROKKA_02194,rarA_2,Replication-associated recombination protein A,BS:PROKKA_02194,,,ab initio prediction:Prodigal:2.6;similar to AA sequence:UniProtKB:P0AAZ4,2324833,2326129
S1A_contig_009,CDS,99724,100003,+,279,PROKKA_02195,,hypothetical protein,BS:PROKKA_02195,,,ab initio prediction:Prodigal:2.6,2326754,2327033
S1A_contig_009,CDS,100063,100561,+,498,PROKKA_02196,,Putative universal stress protein,BS:PROKKA_02196,,,ab initio prediction:Prodigal:2.6;similar to AA sequence:UniProtKB:Q99TF3,2327093,2327591
S1A_contig_009,CDS,100705,101593,-,888,PROKKA_02197,,Helix-turn-helix domain protein,BS:PROKKA_02197,,,ab initio prediction:Prodigal:2.6;protein motif:Pfam:PF12844.1,2327735,2328623
S1A_contig_009,CDS,101814,102468,-,654,PROKKA_02198,yniC,2-deoxyglucose-6-phosphate phosphatase,BS:PROKKA_02198,3.1.3.68,,ab initio prediction:Prodigal:2.6;similar to AA sequence:UniProtKB:P77247,2328844,2329498
S1A_contig_009,CDS,102498,103467,-,969,PROKKA_02199,,hypothetical protein,BS:PROKKA_02199,,,ab initio prediction:Prodigal:2.6,2329528,2330497
S1A_contig_009,CDS,103567,103948,-,381,PROKKA_02200,,hypothetical protein,BS:PROKKA_02200,,,ab initio prediction:Prodigal:2.6,2330597,2330978
S1A_contig_009,CDS,104145,104328,-,183,PROKKA_02201,,hypothetical protein,BS:PROKKA_02201,,,ab initio prediction:Prodigal:2.6,2331175,2331358
S1A_contig_009,CDS,104513,105950,-,1437,PROKKA_02202,sufB,FeS cluster assembly protein SufB,BS:PROKKA_02202,,,ab initio prediction:Prodigal:2.6;similar to AA sequence:UniProtKB:P77522,2331543,2332980
S1A_contig_009,CDS,105942,106389,-,447,PROKKA_02203,nifU,NifU-like protein,BS:PROKKA_02203,,,ab initio prediction:Prodigal:2.6;similar to AA sequence:UniProtKB:O32163,2332972,2333419
S1A_contig_009,CDS,106375,107572,-,1197,PROKKA_02204,csd,putative cysteine desulfurase,BS:PROKKA_02204,2.8.1.7,,ab initio prediction:Prodigal:2.6;similar to AA sequence:UniProtKB:O32164,2333405,2334602
S1A_contig_009,CDS,107564,108596,-,1032,PROKKA_02205,sufD,FeS cluster assembly protein SufD,BS:PROKKA_02205,,,ab initio prediction:Prodigal:2.6;similar to AA sequence:UniProtKB:P77689,2334594,2335626
S1A_contig_009,CDS,108588,109356,-,768,PROKKA_02206,,putative ABC transporter ATP-binding protein,BS:PROKKA_02206,,,ab initio prediction:Prodigal:2.6;similar to AA sequence:UniProtKB:Q5XDV5,2335618,2336386
S1A_contig_009,CDS,109487,110177,-,690,PROKKA_02207,metP,Methionine import system permease protein MetP,BS:PROKKA_02207,,,ab initio prediction:Prodigal:2.6;similar to AA sequence:UniProtKB:O32168,2336517,2337207
S1A_contig_009,CDS,110181,111234,-,1053,PROKKA_02208,metN,Methionine import ATP-binding protein MetN,BS:PROKKA_02208,3.6.3.-,,ab initio prediction:Prodigal:2.6;similar to AA sequence:UniProtKB:O32169,2337211,2338264
S1A_contig_009,CDS,111252,112080,-,828,PROKKA_02209,metQ_2,D-methionine-binding lipoprotein MetQ precursor,BS:PROKKA_02209,,,ab initio prediction:Prodigal:2.6;similar to AA sequence:UniProtKB:P28635,2338282,2339110
S1A_contig_010,CDS,196,1366,-,1170,PROKKA_02210,Int-Tn_2,Transposase from transposon Tn916,BS:PROKKA_02210,,,ab initio prediction:Prodigal:2.6;similar to AA sequence:UniProtKB:P22886,2340296,2341466
S1A_contig_010,CDS,1408,1735,-,327,PROKKA_02211,,helix-turn-helix protein,BS:PROKKA_02211,,,ab initio prediction:Prodigal:2.6;protein motif:Pfam:PF01381.16,2341508,2341835
S1A_contig_010,CDS,2559,4230,-,1671,PROKKA_02212,,hypothetical protein,BS:PROKKA_02212,,,ab initio prediction:Prodigal:2.6,2342659,2344330
S1A_contig_010,CDS,4436,5594,-,1158,PROKKA_02213,,Glycosyl hydrolases family 25,BS:PROKKA_02213,,,ab initio prediction:Prodigal:2.6;protein motif:Pfam:PF01183.14,2344536,2345694
S1A_contig_010,CDS,5596,5929,-,333,PROKKA_02214,,Phage holin protein (Holin_LLH),BS:PROKKA_02214,,,ab initio prediction:Prodigal:2.6;protein motif:Pfam:PF09682.4,2345696,2346029
S1A_contig_010,CDS,5941,6157,-,216,PROKKA_02215,,hypothetical protein,BS:PROKKA_02215,,,ab initio prediction:Prodigal:2.6,2346041,2346257
S1A_contig_010,CDS,6199,6331,-,132,PROKKA_02216,,hypothetical protein,BS:PROKKA_02216,,,ab initio prediction:Prodigal:2.6,2346299,2346431
S1A_contig_010,CDS,6323,6614,-,291,PROKKA_02217,,hypothetical protein,BS:PROKKA_02217,,,ab initio prediction:Prodigal:2.6,2346423,2346714
S1A_contig_010,CDS,6623,9077,-,2454,PROKKA_02218,,hypothetical protein,BS:PROKKA_02218,,,ab initio prediction:Prodigal:2.6,2346723,2349177
S1A_contig_010,CDS,9077,11048,-,1971,PROKKA_02219,,Phage tail protein,BS:PROKKA_02219,,,ab initio prediction:Prodigal:2.6;protein motif:Pfam:PF05709.5,2349177,2351148
S1A_contig_010,CDS,11048,14972,-,3924,PROKKA_02220,smc_4,Chromosome partition protein Smc,BS:PROKKA_02220,,,ab initio prediction:Prodigal:2.6;protein motif:HAMAP:MF_01894,2351148,2355072
S1A_contig_010,CDS,14968,15124,-,156,PROKKA_02221,,hypothetical protein,BS:PROKKA_02221,,,ab initio prediction:Prodigal:2.6,2355068,2355224
S1A_contig_010,CDS,15176,15527,-,351,PROKKA_02222,,hypothetical protein,BS:PROKKA_02222,,,ab initio prediction:Prodigal:2.6,2355276,2355627
S1A_contig_010,CDS,15690,16302,-,612,PROKKA_02223,,Phage major tail protein,BS:PROKKA_02223,,,ab initio prediction:Prodigal:2.6;protein motif:Pfam:PF04630.6,2355790,2356402
S1A_contig_010,CDS,16302,16683,-,381,PROKKA_02224,,hypothetical protein,BS:PROKKA_02224,,,ab initio prediction:Prodigal:2.6,2356402,2356783
S1A_contig_010,CDS,16679,17099,-,420,PROKKA_02225,,hypothetical protein,BS:PROKKA_02225,,,ab initio prediction:Prodigal:2.6,2356779,2357199
S1A_contig_010,CDS,17435,17726,-,291,PROKKA_02226,,hypothetical protein,BS:PROKKA_02226,,,ab initio prediction:Prodigal:2.6,2357535,2357826
S1A_contig_010,CDS,17796,19704,-,1908,PROKKA_02227,,Caudovirus prohead protease,BS:PROKKA_02227,,,ab initio prediction:Prodigal:2.6;protein motif:Pfam:PF04586.11,2357896,2359804
S1A_contig_010,CDS,19703,20804,-,1101,PROKKA_02228,,Phage portal protein,BS:PROKKA_02228,,,ab initio prediction:Prodigal:2.6;protein motif:Pfam:PF04860.6,2359803,2360904
S1A_contig_010,CDS,20800,20983,-,183,PROKKA_02229,,hypothetical protein,BS:PROKKA_02229,,,ab initio prediction:Prodigal:2.6,2360900,2361083
S1A_contig_010,CDS,21104,23006,-,1902,PROKKA_02230,,Phage Terminase,BS:PROKKA_02230,,,ab initio prediction:Prodigal:2.6;protein motif:Pfam:PF03354.9,2361204,2363106
S1A_contig_010,CDS,23002,23479,-,477,PROKKA_02231,,"Phage terminase, small subunit",BS:PROKKA_02231,,,ab initio prediction:Prodigal:2.6;protein motif:Pfam:PF05119.6,2363102,2363579
S1A_contig_010,CDS,23943,24942,-,999,PROKKA_02232,,hypothetical protein,BS:PROKKA_02232,,,ab initio prediction:Prodigal:2.6,2364043,2365042
S1A_contig_010,CDS,24938,25166,-,228,PROKKA_02233,,hypothetical protein,BS:PROKKA_02233,,,ab initio prediction:Prodigal:2.6,2365038,2365266
S1A_contig_010,CDS,25186,25474,-,288,PROKKA_02234,,hypothetical protein,BS:PROKKA_02234,,,ab initio prediction:Prodigal:2.6,2365286,2365574
S1A_contig_010,CDS,25470,25920,-,450,PROKKA_02235,,HNH endonuclease,BS:PROKKA_02235,,,ab initio prediction:Prodigal:2.6;protein motif:Pfam:PF01844.17,2365570,2366020
S1A_contig_010,CDS,25999,26374,-,375,PROKKA_02236,ssbB,Single-stranded DNA-binding protein SsbB,BS:PROKKA_02236,,,ab initio prediction:Prodigal:2.6;similar to AA sequence:UniProtKB:C0SPB6,2366099,2366474
S1A_contig_010,CDS,26366,27191,-,825,PROKKA_02237,,hypothetical protein,BS:PROKKA_02237,,,ab initio prediction:Prodigal:2.6,2366466,2367291
S1A_contig_010,CDS,27434,28082,-,648,PROKKA_02238,,hypothetical protein,BS:PROKKA_02238,,,ab initio prediction:Prodigal:2.6,2367534,2368182
S1A_contig_010,CDS,28204,29350,-,1146,PROKKA_02239,,hypothetical protein,BS:PROKKA_02239,,,ab initio prediction:Prodigal:2.6,2368304,2369450
S1A_contig_010,CDS,31627,31939,+,312,PROKKA_02240,,hypothetical protein,BS:PROKKA_02240,,,ab initio prediction:Prodigal:2.6,2371727,2372039
S1A_contig_010,CDS,32926,33235,-,309,PROKKA_02241,,hypothetical protein,BS:PROKKA_02241,,,ab initio prediction:Prodigal:2.6,2373026,2373335
S1A_contig_010,CDS,33379,33691,-,312,PROKKA_02242,,hypothetical protein,BS:PROKKA_02242,,,ab initio prediction:Prodigal:2.6,2373479,2373791
S1A_contig_010,CDS,33941,34721,-,780,PROKKA_02243,recO,DNA repair protein RecO,BS:PROKKA_02243,,,ab initio prediction:Prodigal:2.6;similar to AA sequence:UniProtKB:P42095,2374041,2374821
S1A_contig_010,CDS,34720,35623,-,903,PROKKA_02244,era,GTPase Era,BS:PROKKA_02244,,,ab initio prediction:Prodigal:2.6;similar to AA sequence:UniProtKB:P64085,2374820,2375723
S1A_contig_010,CDS,35619,36009,-,390,PROKKA_02245,cdd,Cytidine deaminase,BS:PROKKA_02245,3.5.4.5,,ab initio prediction:Prodigal:2.6;similar to AA sequence:UniProtKB:P19079,2375719,2376109
S1A_contig_010,CDS,36010,36409,-,399,PROKKA_02246,dgkA,Undecaprenol kinase,BS:PROKKA_02246,2.7.1.66,,ab initio prediction:Prodigal:2.6;similar to AA sequence:UniProtKB:Q05888,2376110,2376509
S1A_contig_010,CDS,36392,36851,-,459,PROKKA_02247,ybeY,Endoribonuclease YbeY,BS:PROKKA_02247,3.1.-.-,,ab initio prediction:Prodigal:2.6;similar to AA sequence:UniProtKB:O67367,2376492,2376951
S1A_contig_010,CDS,36854,37841,-,987,PROKKA_02248,ybeZ,PhoH-like protein,BS:PROKKA_02248,,,ab initio prediction:Prodigal:2.6;similar to AA sequence:UniProtKB:P0A9K3,2376954,2377941
S1A_contig_010,CDS,38053,38218,-,165,PROKKA_02249,,hypothetical protein,BS:PROKKA_02249,,,ab initio prediction:Prodigal:2.6,2378153,2378318
S1A_contig_010,CDS,38174,38618,-,444,PROKKA_02250,,glutamyl-tRNA(Gln) amidotransferase subunit E,BS:PROKKA_02250,,,ab initio prediction:Prodigal:2.6;protein motif:CLUSTERS:PRK04028,2378274,2378718
S1A_contig_010,CDS,38637,38814,-,177,PROKKA_02251,rpsU,30S ribosomal protein S21,BS:PROKKA_02251,,,ab initio prediction:Prodigal:2.6;similar to AA sequence:UniProtKB:P23829,2378737,2378914
S1A_contig_010,CDS,39117,39948,+,831,PROKKA_02252,yqfL,"Putative pyruvate, phosphate dikinase regulatory protein",BS:PROKKA_02252,2.7.11.32,,ab initio prediction:Prodigal:2.6;similar to AA sequence:UniProtKB:P54470,2379217,2380048
S1A_contig_010,CDS,39944,40832,-,888,PROKKA_02253,nfo,putative endonuclease 4,BS:PROKKA_02253,3.1.21.2,,ab initio prediction:Prodigal:2.6;similar to AA sequence:UniProtKB:Q5KX27,2380044,2380932
S1A_contig_010,CDS,40967,41888,-,921,PROKKA_02254,,hypothetical protein,BS:PROKKA_02254,,,ab initio prediction:Prodigal:2.6,2381067,2381988
S1A_contig_010,CDS,41979,42432,-,453,PROKKA_02255,msrB,Peptide methionine sulfoxide reductase MsrB,BS:PROKKA_02255,1.8.4.12,,ab initio prediction:Prodigal:2.6;similar to AA sequence:UniProtKB:E6ESW1,2382079,2382532
S1A_contig_010,CDS,42521,44327,-,1806,PROKKA_02256,aspS,Aspartate--tRNA ligase,BS:PROKKA_02256,6.1.1.12,,ab initio prediction:Prodigal:2.6;similar to AA sequence:UniProtKB:P67015,2382621,2384427
S1A_contig_010,CDS,44328,45612,-,1284,PROKKA_02257,hisS,Histidine--tRNA ligase,BS:PROKKA_02257,6.1.1.21,,ab initio prediction:Prodigal:2.6;similar to AA sequence:UniProtKB:P30053,2384428,2385712
S1A_contig_010,CDS,46131,46458,+,327,PROKKA_02258,ppa,Inorganic pyrophosphatase,BS:PROKKA_02258,3.6.1.1,,ab initio prediction:Prodigal:2.6;protein motif:HAMAP:MF_00209,2386231,2386558
S1A_contig_010,CDS,46586,48092,-,1506,PROKKA_02259,,ABC-2 family transporter protein,BS:PROKKA_02259,,,ab initio prediction:Prodigal:2.6;protein motif:Pfam:PF12730.1,2386686,2388192
S1A_contig_010,CDS,48088,48964,-,876,PROKKA_02260,yxlF_6,putative ABC transporter ATP-binding protein YxlF,BS:PROKKA_02260,3.6.3.-,,ab initio prediction:Prodigal:2.6;similar to AA sequence:UniProtKB:P94374,2388188,2389064
S1A_contig_010,CDS,49209,49650,+,441,PROKKA_02261,,hypothetical protein,BS:PROKKA_02261,,,ab initio prediction:Prodigal:2.6,2389309,2389750
S1A_contig_010,CDS,49788,51111,+,1323,PROKKA_02262,lytC,N-acetylmuramoyl-L-alanine amidase LytC precursor,BS:PROKKA_02262,3.5.1.28,,ab initio prediction:Prodigal:2.6;similar to AA sequence:UniProtKB:Q02114,2389888,2391211
S1A_contig_010,CDS,51183,51810,-,627,PROKKA_02263,,6-phosphogluconate phosphatase,BS:PROKKA_02263,,,ab initio prediction:Prodigal:2.6;protein motif:CLUSTERS:PRK10563,2391283,2391910
S1A_contig_010,CDS,51809,52256,-,447,PROKKA_02264,dtd,D-tyrosyl-tRNA(Tyr) deacylase,BS:PROKKA_02264,3.1.-.-,,ab initio prediction:Prodigal:2.6;similar to AA sequence:UniProtKB:P44814,2391909,2392356
S1A_contig_010,CDS,52376,54605,-,2229,PROKKA_02265,relA,Bifunctional (p)ppGpp synthase/hydrolase RelA,BS:PROKKA_02265,,,ab initio prediction:Prodigal:2.6;similar to AA sequence:UniProtKB:Q54089,2392476,2394705
S1A_contig_010,CDS,54841,55165,-,324,PROKKA_02266,,hypothetical protein,BS:PROKKA_02266,,,ab initio prediction:Prodigal:2.6,2394941,2395265
S1A_contig_010,CDS,55191,55932,-,741,PROKKA_02267,rsmE,Ribosomal RNA small subunit methyltransferase E,BS:PROKKA_02267,2.1.1.193,,ab initio prediction:Prodigal:2.6;similar to AA sequence:UniProtKB:P54461,2395291,2396032
S1A_contig_010,CDS,56064,57012,-,948,PROKKA_02268,prmA,Ribosomal protein L11 methyltransferase,BS:PROKKA_02268,2.1.1.-,,ab initio prediction:Prodigal:2.6;similar to AA sequence:UniProtKB:P45558,2396164,2397112
S1A_contig_010,CDS,57128,57623,-,495,PROKKA_02269,,hypothetical protein,BS:PROKKA_02269,,,ab initio prediction:Prodigal:2.6,2397228,2397723
S1A_contig_010,CDS,57619,58234,-,615,PROKKA_02270,,3-methyladenine DNA glycosylase,BS:PROKKA_02270,,,ab initio prediction:Prodigal:2.6;protein motif:CLUSTERS:PRK00802,2397719,2398334
S1A_contig_010,CDS,58330,58579,+,249,PROKKA_02271,,hypothetical protein,BS:PROKKA_02271,,,ab initio prediction:Prodigal:2.6,2398430,2398679
S1A_contig_010,CDS,58648,59035,-,387,PROKKA_02272,,hypothetical protein,BS:PROKKA_02272,,,ab initio prediction:Prodigal:2.6,2398748,2399135
S1A_contig_010,CDS,59497,59680,-,183,PROKKA_02273,,hypothetical protein,BS:PROKKA_02273,,,ab initio prediction:Prodigal:2.6,2399597,2399780
S1A_contig_010,CDS,59679,60066,-,387,PROKKA_02274,,hypothetical protein,BS:PROKKA_02274,,,ab initio prediction:Prodigal:2.6,2399779,2400166
S1A_contig_010,tRNA,60494,60582,-,88,PROKKA_02275,,tRNA-Ser,,,,COORDINATES: profile:Aragorn:1.2,2400594,2400682
S1A_contig_010,CDS,60773,62252,-,1479,PROKKA_02276,gtf1_2,Glycosyltransferase Gtf1,BS:PROKKA_02276,,,ab initio prediction:Prodigal:2.6;protein motif:HAMAP:MF_01472,2400873,2402352
S1A_contig_010,CDS,62861,63860,+,999,PROKKA_02277,afr_3,"1,5-anhydro-D-fructose reductase",BS:PROKKA_02277,1.1.1.292,,ab initio prediction:Prodigal:2.6;similar to AA sequence:UniProtKB:Q92KZ3,2402961,2403960
S1A_contig_010,CDS,64010,65627,-,1617,PROKKA_02278,gtf1_3,Glycosyltransferase Gtf1,BS:PROKKA_02278,2.4.1.-,,ab initio prediction:Prodigal:2.6;similar to AA sequence:UniProtKB:A1C3L9,2404110,2405727
S1A_contig_010,CDS,65639,67175,-,1536,PROKKA_02279,gtf1_4,Glycosyltransferase Gtf1,BS:PROKKA_02279,2.4.1.-,,ab initio prediction:Prodigal:2.6;similar to AA sequence:UniProtKB:Q3S2Y2,2405739,2407275
S1A_contig_010,CDS,67222,68572,-,1350,PROKKA_02280,,hypothetical protein,BS:PROKKA_02280,,,ab initio prediction:Prodigal:2.6,2407322,2408672
S1A_contig_010,CDS,68749,70483,-,1734,PROKKA_02281,,Bacterial Ig-like domain (group 3),BS:PROKKA_02281,,,ab initio prediction:Prodigal:2.6;protein motif:Pfam:PF07523.6,2408849,2410583
S1A_contig_010,CDS,70618,70858,-,240,PROKKA_02282,,Bacterial Ig-like domain (group 3),BS:PROKKA_02282,,,ab initio prediction:Prodigal:2.6;protein motif:Pfam:PF07523.6,2410718,2410958
S1A_contig_010,CDS,70864,73576,-,2712,PROKKA_02283,,Bacterial Ig-like domain (group 3),BS:PROKKA_02283,,,ab initio prediction:Prodigal:2.6;protein motif:Pfam:PF07523.6,2410964,2413676
S1A_contig_010,CDS,73843,82408,-,8565,PROKKA_02284,,hypothetical protein,BS:PROKKA_02284,,,ab initio prediction:Prodigal:2.6,2413943,2422508
S1A_contig_011,CDS,726,906,+,180,PROKKA_02285,,hypothetical protein,BS:PROKKA_02285,,,ab initio prediction:Prodigal:2.6,2423558,2423738
S1A_contig_011,CDS,947,1193,+,246,PROKKA_02286,,hypothetical protein,BS:PROKKA_02286,,,ab initio prediction:Prodigal:2.6,2423779,2424025
S1A_contig_011,CDS,1231,1669,+,438,PROKKA_02287,,hypothetical protein,BS:PROKKA_02287,,,ab initio prediction:Prodigal:2.6,2424063,2424501
S1A_contig_011,CDS,1655,2906,+,1251,PROKKA_02288,,hypothetical protein,BS:PROKKA_02288,,,ab initio prediction:Prodigal:2.6,2424487,2425738
S1A_contig_011,CDS,2947,3193,+,246,PROKKA_02289,,hypothetical protein,BS:PROKKA_02289,,,ab initio prediction:Prodigal:2.6,2425779,2426025
S1A_contig_011,CDS,3179,5726,+,2547,PROKKA_02290,,hypothetical protein,BS:PROKKA_02290,,,ab initio prediction:Prodigal:2.6,2426011,2428558
S1A_contig_011,CDS,5725,5962,+,237,PROKKA_02291,,hypothetical protein,BS:PROKKA_02291,,,ab initio prediction:Prodigal:2.6,2428557,2428794
S1A_contig_011,CDS,6325,6715,-,390,PROKKA_02292,,hypothetical protein,BS:PROKKA_02292,,,ab initio prediction:Prodigal:2.6,2429157,2429547
S1A_contig_011,CDS,6717,6861,-,144,PROKKA_02293,,hypothetical protein,BS:PROKKA_02293,,,ab initio prediction:Prodigal:2.6,2429549,2429693
S1A_contig_011,CDS,6853,7303,-,450,PROKKA_02294,,hypothetical protein,BS:PROKKA_02294,,,ab initio prediction:Prodigal:2.6,2429685,2430135
S1A_contig_011,CDS,7315,7762,-,447,PROKKA_02295,,hypothetical protein,BS:PROKKA_02295,,,ab initio prediction:Prodigal:2.6,2430147,2430594
S1A_contig_011,CDS,8427,8787,+,360,PROKKA_02296,,hypothetical protein,BS:PROKKA_02296,,,ab initio prediction:Prodigal:2.6,2431259,2431619
S1A_contig_011,CDS,8865,9537,+,672,PROKKA_02297,,Sortase family protein,BS:PROKKA_02297,,,ab initio prediction:Prodigal:2.6;protein motif:Pfam:PF04203.7,2431697,2432369
S1A_contig_011,CDS,9669,9900,+,231,PROKKA_02298,,hypothetical protein,BS:PROKKA_02298,,,ab initio prediction:Prodigal:2.6,2432501,2432732
S1A_contig_011,CDS,9969,10155,+,186,PROKKA_02299,,hypothetical protein,BS:PROKKA_02299,,,ab initio prediction:Prodigal:2.6,2432801,2432987
S1A_contig_011,CDS,10519,12454,+,1935,PROKKA_02300,licR_7,putative licABCH operon regulator,BS:PROKKA_02300,,,ab initio prediction:Prodigal:2.6;similar to AA sequence:UniProtKB:P46321,2433351,2435286
S1A_contig_011,CDS,12453,12891,+,438,PROKKA_02301,fruA_7,PTS system fructose-specific EIIABC component,BS:PROKKA_02301,,,ab initio prediction:Prodigal:2.6;similar to AA sequence:UniProtKB:P71012,2435285,2435723
S1A_contig_011,CDS,12904,13225,+,321,PROKKA_02302,manP_2,PTS system mannose-specific EIIBCA component,BS:PROKKA_02302,,,ab initio prediction:Prodigal:2.6;similar to AA sequence:UniProtKB:O31645,2435736,2436057
S1A_contig_011,CDS,13239,14367,+,1128,PROKKA_02303,fruA_8,PTS system fructose-specific EIIBC component,BS:PROKKA_02303,,,ab initio prediction:Prodigal:2.6;similar to AA sequence:UniProtKB:P23355,2436071,2437199
S1A_contig_011,CDS,14369,16964,+,2595,PROKKA_02304,mngB_2,Mannosylglycerate hydrolase,BS:PROKKA_02304,3.2.1.170,,ab initio prediction:Prodigal:2.6;similar to AA sequence:UniProtKB:P54746,2437201,2439796
S1A_contig_011,CDS,17085,17949,+,864,PROKKA_02305,glcU_1,putative glucose uptake protein GlcU,BS:PROKKA_02305,,,ab initio prediction:Prodigal:2.6;similar to AA sequence:UniProtKB:P40419,2439917,2440781
S1A_contig_011,CDS,18474,18954,+,480,PROKKA_02306,,hypothetical protein,BS:PROKKA_02306,,,ab initio prediction:Prodigal:2.6,2441306,2441786
S1A_contig_011,CDS,19276,20383,-,1107,PROKKA_02307,ybiR_2,Inner membrane protein YbiR,BS:PROKKA_02307,,,ab initio prediction:Prodigal:2.6;similar to AA sequence:UniProtKB:P75788,2442108,2443215
S1A_contig_011,CDS,20492,20612,-,120,PROKKA_02308,,hypothetical protein,BS:PROKKA_02308,,,ab initio prediction:Prodigal:2.6,2443324,2443444
S1A_contig_011,CDS,21028,21754,-,726,PROKKA_02309,cmtR,HTH-type transcriptional regulator CmtR,BS:PROKKA_02309,,,ab initio prediction:Prodigal:2.6;similar to AA sequence:UniProtKB:P67731,2443860,2444586
S1A_contig_011,CDS,21824,22385,+,561,PROKKA_02310,,hypothetical protein,BS:PROKKA_02310,,,ab initio prediction:Prodigal:2.6,2444656,2445217
S1A_contig_011,CDS,22484,22853,-,369,PROKKA_02311,,hypothetical protein,BS:PROKKA_02311,,,ab initio prediction:Prodigal:2.6,2445316,2445685
S1A_contig_011,CDS,23395,24592,+,1197,PROKKA_02312,,2-acyl-glycerophospho-ethanolamine acyltransferase,BS:PROKKA_02312,,,ab initio prediction:Prodigal:2.6;protein motif:CLUSTERS:PRK08633,2446227,2447424
S1A_contig_011,CDS,24923,26561,+,1638,PROKKA_02313,mntH_4,Divalent metal cation transporter MntH,BS:PROKKA_02313,,,ab initio prediction:Prodigal:2.6;similar to AA sequence:UniProtKB:Q93V04,2447755,2449393
S1A_contig_011,CDS,26557,26869,+,312,PROKKA_02314,,Putative universal stress protein,BS:PROKKA_02314,,,ab initio prediction:Prodigal:2.6;similar to AA sequence:UniProtKB:Q99TF3,2449389,2449701
S1A_contig_011,CDS,27451,27727,-,276,PROKKA_02315,,hypothetical protein,BS:PROKKA_02315,,,ab initio prediction:Prodigal:2.6,2450283,2450559
S1A_contig_011,CDS,28118,28949,-,831,PROKKA_02316,metQ_3,D-methionine-binding lipoprotein MetQ precursor,BS:PROKKA_02316,,,ab initio prediction:Prodigal:2.6;similar to AA sequence:UniProtKB:P28635,2450950,2451781
S1A_contig_011,CDS,29015,30167,-,1152,PROKKA_02317,dapE_2,putative succinyl-diaminopimelate desuccinylase,BS:PROKKA_02317,3.5.1.18,,ab initio prediction:Prodigal:2.6;similar to AA sequence:UniProtKB:Q99SN6,2451847,2452999
S1A_contig_011,CDS,30951,32001,-,1050,PROKKA_02318,ssuA_2,Putative aliphatic sulfonates-binding protein precursor,BS:PROKKA_02318,,,ab initio prediction:Prodigal:2.6;similar to AA sequence:UniProtKB:P40400,2453783,2454833
S1A_contig_011,CDS,32053,32821,-,768,PROKKA_02319,ssuB_2,Aliphatic sulfonates import ATP-binding protein SsuB,BS:PROKKA_02319,3.6.3.-,,ab initio prediction:Prodigal:2.6;similar to AA sequence:UniProtKB:P97027,2454885,2455653
S1A_contig_011,CDS,32814,33807,-,993,PROKKA_02320,ssuC_2,Putative aliphatic sulfonates transport permease protein SsuC,BS:PROKKA_02320,,,ab initio prediction:Prodigal:2.6;similar to AA sequence:UniProtKB:P40401,2455646,2456639
S1A_contig_011,CDS,33857,34841,-,984,PROKKA_02321,yqjG,Glutathionyl-hydroquinone reductase YqjG,BS:PROKKA_02321,1.8.-.-,,ab initio prediction:Prodigal:2.6;similar to AA sequence:UniProtKB:P42620,2456689,2457673
S1A_contig_011,CDS,34825,36097,-,1272,PROKKA_02322,mdeA_2,Methionine gamma-lyase,BS:PROKKA_02322,4.4.1.11,,ab initio prediction:Prodigal:2.6;similar to AA sequence:UniProtKB:P13254,2457657,2458929
S1A_contig_011,CDS,36098,37238,-,1140,PROKKA_02323,yxeP,putative hydrolase YxeP,BS:PROKKA_02323,3.-.-.-,,ab initio prediction:Prodigal:2.6;similar to AA sequence:UniProtKB:P54955,2458930,2460070
S1A_contig_011,CDS,37247,38099,-,852,PROKKA_02324,yxeM,putative amino-acid-binding protein YxeM precursor,BS:PROKKA_02324,,,ab initio prediction:Prodigal:2.6;similar to AA sequence:UniProtKB:P54952,2460079,2460931
S1A_contig_011,CDS,38114,38879,-,765,PROKKA_02325,tcyN,L-cystine import ATP-binding protein TcyN,BS:PROKKA_02325,3.6.3.-,,ab initio prediction:Prodigal:2.6;similar to AA sequence:UniProtKB:O34900,2460946,2461711
S1A_contig_011,CDS,38875,39685,-,810,PROKKA_02326,yxeN,putative amino-acid permease protein YxeN,BS:PROKKA_02326,,,ab initio prediction:Prodigal:2.6;similar to AA sequence:UniProtKB:P54953,2461707,2462517
S1A_contig_011,CDS,40406,42047,-,1641,PROKKA_02327,dppE_4,Dipeptide-binding protein DppE precursor,BS:PROKKA_02327,,,ab initio prediction:Prodigal:2.6;similar to AA sequence:UniProtKB:P26906,2463238,2464879
S1A_contig_011,CDS,42641,42914,+,273,PROKKA_02328,,hypothetical protein,BS:PROKKA_02328,,,ab initio prediction:Prodigal:2.6,2465473,2465746
S1A_contig_011,CDS,43166,43541,-,375,PROKKA_02329,,hypothetical protein,BS:PROKKA_02329,,,ab initio prediction:Prodigal:2.6,2465998,2466373
S1A_contig_011,CDS,43542,44352,-,810,PROKKA_02330,soj_2,Sporulation initiation inhibitor protein Soj,BS:PROKKA_02330,3.6.-.-,,ab initio prediction:Prodigal:2.6;similar to AA sequence:UniProtKB:P37522,2466374,2467184
S1A_contig_011,CDS,44904,45963,+,1059,PROKKA_02331,,hypothetical protein,BS:PROKKA_02331,,,ab initio prediction:Prodigal:2.6;protein motif:Pfam:PF06970.5,2467736,2468795
S1A_contig_011,CDS,45952,46690,+,738,PROKKA_02332,,hypothetical protein,BS:PROKKA_02332,,,ab initio prediction:Prodigal:2.6,2468784,2469522
S1A_contig_011,CDS,47177,47405,+,228,PROKKA_02333,,hypothetical protein,BS:PROKKA_02333,,,ab initio prediction:Prodigal:2.6,2470009,2470237
S1A_contig_011,CDS,47931,48168,+,237,PROKKA_02334,,hypothetical protein,BS:PROKKA_02334,,,ab initio prediction:Prodigal:2.6,2470763,2471000
S1A_contig_011,CDS,48175,48334,+,159,PROKKA_02335,,hypothetical protein,BS:PROKKA_02335,,,ab initio prediction:Prodigal:2.6,2471007,2471166
S1A_contig_011,CDS,48386,48617,+,231,PROKKA_02336,,hypothetical protein,BS:PROKKA_02336,,,ab initio prediction:Prodigal:2.6,2471218,2471449
S1A_contig_011,CDS,48603,48879,+,276,PROKKA_02337,,hypothetical protein,BS:PROKKA_02337,,,ab initio prediction:Prodigal:2.6,2471435,2471711
S1A_contig_011,CDS,48907,50305,+,1398,PROKKA_02338,,hypothetical protein,BS:PROKKA_02338,,,ab initio prediction:Prodigal:2.6,2471739,2473137
S1A_contig_011,CDS,50376,50589,+,213,PROKKA_02339,,hypothetical protein,BS:PROKKA_02339,,,ab initio prediction:Prodigal:2.6,2473208,2473421
S1A_contig_011,CDS,50652,51915,+,1263,PROKKA_02340,,LysM domain protein,BS:PROKKA_02340,,,ab initio prediction:Prodigal:2.6;protein motif:Pfam:PF01476.14,2473484,2474747
S1A_contig_011,CDS,52062,54381,+,2319,PROKKA_02341,sdrD,Serine-aspartate repeat-containing protein D precursor,BS:PROKKA_02341,,,ab initio prediction:Prodigal:2.6;similar to AA sequence:UniProtKB:Q7A780,2474894,2477213
S1A_contig_011,CDS,54768,54861,+,93,PROKKA_02342,,hypothetical protein,BS:PROKKA_02342,,,ab initio prediction:Prodigal:2.6,2477600,2477693
S1A_contig_011,CDS,54857,54971,+,114,PROKKA_02343,,hypothetical protein,BS:PROKKA_02343,,,ab initio prediction:Prodigal:2.6,2477689,2477803
S1A_contig_011,CDS,55539,56223,-,684,PROKKA_02344,fnr,Anaerobic regulatory protein,BS:PROKKA_02344,,,ab initio prediction:Prodigal:2.6;similar to AA sequence:UniProtKB:P46908,2478371,2479055
S1A_contig_011,CDS,56407,57682,+,1275,PROKKA_02345,,hypothetical protein,BS:PROKKA_02345,,,ab initio prediction:Prodigal:2.6,2479239,2480514
S1A_contig_011,CDS,57692,58439,+,747,PROKKA_02346,,AIR carboxylase,BS:PROKKA_02346,,,ab initio prediction:Prodigal:2.6;protein motif:Pfam:PF00731.14,2480524,2481271
S1A_contig_011,CDS,58454,59246,+,792,PROKKA_02347,,hypothetical protein,BS:PROKKA_02347,,,ab initio prediction:Prodigal:2.6;protein motif:CLUSTERS:PRK04194,2481286,2482078
S1A_contig_011,CDS,59335,59713,+,378,PROKKA_02348,,hypothetical protein,BS:PROKKA_02348,,,ab initio prediction:Prodigal:2.6;protein motif:CLUSTERS:PRK04194,2482167,2482545
S1A_contig_011,CDS,59758,60589,+,831,PROKKA_02349,,NAD synthetase,BS:PROKKA_02349,,,ab initio prediction:Prodigal:2.6;protein motif:CLUSTERS:PRK00876,2482590,2483421
S1A_contig_011,CDS,60596,61316,+,720,PROKKA_02350,gla_1,Glycerol facilitator-aquaporin gla,BS:PROKKA_02350,,,ab initio prediction:Prodigal:2.6;similar to AA sequence:UniProtKB:P22094,2483428,2484148
S1A_contig_011,CDS,61478,62492,+,1014,PROKKA_02351,nixA,High-affinity nickel-transport protein NixA,BS:PROKKA_02351,,,ab initio prediction:Prodigal:2.6;similar to AA sequence:UniProtKB:Q48262,2484310,2485324
S1A_contig_011,CDS,63034,63289,+,255,PROKKA_02352,,hypothetical protein,BS:PROKKA_02352,,,ab initio prediction:Prodigal:2.6,2485866,2486121
S1A_contig_011,CDS,63363,63552,+,189,PROKKA_02353,,hypothetical protein,BS:PROKKA_02353,,,ab initio prediction:Prodigal:2.6,2486195,2486384
S1A_contig_011,CDS,63565,63724,+,159,PROKKA_02354,,hypothetical protein,BS:PROKKA_02354,,,ab initio prediction:Prodigal:2.6,2486397,2486556
S1A_contig_011,CDS,63932,64211,+,279,PROKKA_02355,,hypothetical protein,BS:PROKKA_02355,,,ab initio prediction:Prodigal:2.6,2486764,2487043
S1A_contig_011,CDS,64222,64489,+,267,PROKKA_02356,,hypothetical protein,BS:PROKKA_02356,,,ab initio prediction:Prodigal:2.6,2487054,2487321
S1A_contig_011,CDS,64507,64684,+,177,PROKKA_02357,,hypothetical protein,BS:PROKKA_02357,,,ab initio prediction:Prodigal:2.6,2487339,2487516
S1A_contig_011,CDS,64685,64913,+,228,PROKKA_02358,,hypothetical protein,BS:PROKKA_02358,,,ab initio prediction:Prodigal:2.6,2487517,2487745
S1A_contig_011,CDS,64955,66197,+,1242,PROKKA_02359,,hypothetical protein,BS:PROKKA_02359,,,ab initio prediction:Prodigal:2.6,2487787,2489029
S1A_contig_011,CDS,66174,67704,+,1530,PROKKA_02360,,Pesticidal crystal protein cry22Aa,BS:PROKKA_02360,,,ab initio prediction:Prodigal:2.6;similar to AA sequence:UniProtKB:P56957,2489006,2490536
S1A_contig_011,CDS,67762,68182,+,420,PROKKA_02361,,Single-strand binding protein family protein,BS:PROKKA_02361,,,ab initio prediction:Prodigal:2.6;protein motif:Pfam:PF00436.19,2490594,2491014
S1A_contig_011,CDS,68190,68769,+,579,PROKKA_02362,,hypothetical protein,BS:PROKKA_02362,,,ab initio prediction:Prodigal:2.6,2491022,2491601
S1A_contig_011,CDS,68795,71243,+,2448,PROKKA_02363,,Type IV secretory system Conjugative DNA transfer,BS:PROKKA_02363,,,ab initio prediction:Prodigal:2.6;protein motif:Pfam:PF02534.8,2491627,2494075
S1A_contig_011,CDS,71239,73297,+,2058,PROKKA_02364,,hypothetical protein,BS:PROKKA_02364,,,ab initio prediction:Prodigal:2.6,2494071,2496129
S1A_contig_011,CDS,73302,73638,+,336,PROKKA_02365,,hypothetical protein,BS:PROKKA_02365,,,ab initio prediction:Prodigal:2.6,2496134,2496470
S1A_contig_011,CDS,73621,74218,+,597,PROKKA_02366,,hypothetical protein,BS:PROKKA_02366,,,ab initio prediction:Prodigal:2.6,2496453,2497050
S1A_contig_011,CDS,74198,76127,+,1929,PROKKA_02367,,AAA-like domain protein,BS:PROKKA_02367,,,ab initio prediction:Prodigal:2.6;protein motif:Pfam:PF12846.1,2497030,2498959
S1A_contig_011,CDS,76128,77139,+,1011,PROKKA_02368,pgdS,Gamma-DL-glutamyl hydrolase precursor,BS:PROKKA_02368,3.4.19.-,,ab initio prediction:Prodigal:2.6;similar to AA sequence:UniProtKB:P96740,2498960,2499971
S1A_contig_011,CDS,77154,77799,+,645,PROKKA_02369,,hypothetical protein,BS:PROKKA_02369,,,ab initio prediction:Prodigal:2.6,2499986,2500631
S1A_contig_011,CDS,77795,78203,+,408,PROKKA_02370,,Thioredoxin,BS:PROKKA_02370,,,ab initio prediction:Prodigal:2.6;protein motif:Pfam:PF00085.14,2500627,2501035
S1A_contig_012,CDS,315,525,-,210,PROKKA_02371,,hypothetical protein,BS:PROKKA_02371,,,ab initio prediction:Prodigal:2.6,2501472,2501682
S1A_contig_012,CDS,1074,4164,-,3090,PROKKA_02372,,hypothetical protein,BS:PROKKA_02372,,,ab initio prediction:Prodigal:2.6,2502231,2505321
S1A_contig_012,CDS,4156,4564,-,408,PROKKA_02373,,hypothetical protein,BS:PROKKA_02373,,,ab initio prediction:Prodigal:2.6,2505313,2505721
S1A_contig_012,CDS,4614,4947,-,333,PROKKA_02374,,Phage protein,BS:PROKKA_02374,,,ab initio prediction:Prodigal:2.6;protein motif:Pfam:PF12363.2,2505771,2506104
S1A_contig_012,CDS,5032,5635,-,603,PROKKA_02375,,Phage major tail protein 2,BS:PROKKA_02375,,,ab initio prediction:Prodigal:2.6;protein motif:Pfam:PF06199.5,2506189,2506792
S1A_contig_012,CDS,5646,6051,-,405,PROKKA_02376,,hypothetical protein,BS:PROKKA_02376,,,ab initio prediction:Prodigal:2.6,2506803,2507208
S1A_contig_012,CDS,6051,6417,-,366,PROKKA_02377,,hypothetical protein,BS:PROKKA_02377,,,ab initio prediction:Prodigal:2.6,2507208,2507574
S1A_contig_012,CDS,6413,6716,-,303,PROKKA_02378,,hypothetical protein,BS:PROKKA_02378,,,ab initio prediction:Prodigal:2.6,2507570,2507873
S1A_contig_012,CDS,6720,7095,-,375,PROKKA_02379,,Phage gp6-like head-tail connector protein,BS:PROKKA_02379,,,ab initio prediction:Prodigal:2.6;protein motif:Pfam:PF05135.7,2507877,2508252
S1A_contig_012,CDS,7322,8336,-,1014,PROKKA_02380,,hypothetical protein,BS:PROKKA_02380,,,ab initio prediction:Prodigal:2.6,2508479,2509493
S1A_contig_012,CDS,8351,9005,-,654,PROKKA_02381,,hypothetical protein,BS:PROKKA_02381,,,ab initio prediction:Prodigal:2.6,2509508,2510162
S1A_contig_012,CDS,9129,10122,-,993,PROKKA_02382,,Phage Mu protein F like protein,BS:PROKKA_02382,,,ab initio prediction:Prodigal:2.6;protein motif:Pfam:PF04233.8,2510286,2511279
S1A_contig_012,CDS,10087,11515,-,1428,PROKKA_02383,,"Phage portal protein, SPP1 Gp6-like",BS:PROKKA_02383,,,ab initio prediction:Prodigal:2.6;protein motif:Pfam:PF05133.8,2511244,2512672
S1A_contig_012,CDS,11519,12779,-,1260,PROKKA_02384,,Terminase-like family protein,BS:PROKKA_02384,,,ab initio prediction:Prodigal:2.6;protein motif:Pfam:PF03237.9,2512676,2513936
S1A_contig_012,CDS,12756,13338,-,582,PROKKA_02385,,Terminase small subunit,BS:PROKKA_02385,,,ab initio prediction:Prodigal:2.6;protein motif:Pfam:PF03592.10,2513913,2514495
S1A_contig_012,CDS,13371,13695,-,324,PROKKA_02386,,hypothetical protein,BS:PROKKA_02386,,,ab initio prediction:Prodigal:2.6,2514528,2514852
S1A_contig_012,CDS,13687,13981,-,294,PROKKA_02387,,hypothetical protein,BS:PROKKA_02387,,,ab initio prediction:Prodigal:2.6,2514844,2515138
S1A_contig_012,CDS,14026,14836,-,810,PROKKA_02388,,hypothetical protein,BS:PROKKA_02388,,,ab initio prediction:Prodigal:2.6,2515183,2515993
S1A_contig_012,CDS,15242,15614,-,372,PROKKA_02389,,50S ribosomal protein L22/unknown domain fusion protein,BS:PROKKA_02389,,,ab initio prediction:Prodigal:2.6;protein motif:CLUSTERS:PRK12279,2516399,2516771
S1A_contig_012,CDS,15591,16659,-,1068,PROKKA_02390,,hypothetical protein,BS:PROKKA_02390,,,ab initio prediction:Prodigal:2.6,2516748,2517816
S1A_contig_012,CDS,17282,17717,-,435,PROKKA_02391,,hypothetical protein,BS:PROKKA_02391,,,ab initio prediction:Prodigal:2.6,2518439,2518874
S1A_contig_012,CDS,17790,18012,-,222,PROKKA_02392,,hypothetical protein,BS:PROKKA_02392,,,ab initio prediction:Prodigal:2.6,2518947,2519169
S1A_contig_012,CDS,18083,18212,-,129,PROKKA_02393,,hypothetical protein,BS:PROKKA_02393,,,ab initio prediction:Prodigal:2.6,2519240,2519369
S1A_contig_012,CDS,18208,18565,-,357,PROKKA_02394,,hypothetical protein,BS:PROKKA_02394,,,ab initio prediction:Prodigal:2.6,2519365,2519722
S1A_contig_012,CDS,18554,18773,-,219,PROKKA_02395,,hypothetical protein,BS:PROKKA_02395,,,ab initio prediction:Prodigal:2.6,2519711,2519930
S1A_contig_012,CDS,18775,19153,-,378,PROKKA_02396,,hypothetical protein,BS:PROKKA_02396,,,ab initio prediction:Prodigal:2.6,2519932,2520310
S1A_contig_012,CDS,19139,19703,-,564,PROKKA_02397,,hypothetical protein,BS:PROKKA_02397,,,ab initio prediction:Prodigal:2.6,2520296,2520860
S1A_contig_012,CDS,19699,19810,-,111,PROKKA_02398,,hypothetical protein,BS:PROKKA_02398,,,ab initio prediction:Prodigal:2.6,2520856,2520967
S1A_contig_012,CDS,19833,20412,-,579,PROKKA_02399,,hypothetical protein,BS:PROKKA_02399,,,ab initio prediction:Prodigal:2.6,2520990,2521569
S1A_contig_012,CDS,20422,21346,-,924,PROKKA_02400,Int-Tn_3,Transposase from transposon Tn916,BS:PROKKA_02400,,,ab initio prediction:Prodigal:2.6;similar to AA sequence:UniProtKB:P22886,2521579,2522503
S1A_contig_012,CDS,21332,22043,-,711,PROKKA_02401,,N-6 DNA Methylase,BS:PROKKA_02401,,,ab initio prediction:Prodigal:2.6;protein motif:Pfam:PF02384.10,2522489,2523200
S1A_contig_012,CDS,22054,22438,-,384,PROKKA_02402,,hypothetical protein,BS:PROKKA_02402,,,ab initio prediction:Prodigal:2.6,2523211,2523595
S1A_contig_012,CDS,22440,22890,-,450,PROKKA_02403,,hypothetical protein,BS:PROKKA_02403,,,ab initio prediction:Prodigal:2.6,2523597,2524047
S1A_contig_012,CDS,22886,23219,-,333,PROKKA_02404,,hypothetical protein,BS:PROKKA_02404,,,ab initio prediction:Prodigal:2.6,2524043,2524376
S1A_contig_012,CDS,23215,23998,-,783,PROKKA_02405,,hypothetical protein,BS:PROKKA_02405,,,ab initio prediction:Prodigal:2.6;protein motif:CLUSTERS:PRK08116,2524372,2525155
S1A_contig_012,CDS,23984,24836,-,852,PROKKA_02406,,Replication initiation and membrane attachment,BS:PROKKA_02406,,,ab initio prediction:Prodigal:2.6;protein motif:Pfam:PF07261.5,2525141,2525993
S1A_contig_012,CDS,24851,25676,-,825,PROKKA_02407,,PD-(D/E)XK nuclease superfamily protein,BS:PROKKA_02407,,,ab initio prediction:Prodigal:2.6;protein motif:Pfam:PF12705.1,2526008,2526833
S1A_contig_012,CDS,25632,26499,-,867,PROKKA_02408,,recombination and repair protein RecT,BS:PROKKA_02408,,,ab initio prediction:Prodigal:2.6;protein motif:CLUSTERS:PRK09846,2526789,2527656
S1A_contig_012,CDS,26511,26919,-,408,PROKKA_02409,,hypothetical protein,BS:PROKKA_02409,,,ab initio prediction:Prodigal:2.6,2527668,2528076
S1A_contig_012,CDS,27018,27147,-,129,PROKKA_02410,,hypothetical protein,BS:PROKKA_02410,,,ab initio prediction:Prodigal:2.6,2528175,2528304
S1A_contig_012,CDS,27159,27381,-,222,PROKKA_02411,,hypothetical protein,BS:PROKKA_02411,,,ab initio prediction:Prodigal:2.6,2528316,2528538
S1A_contig_012,CDS,27359,27908,-,549,PROKKA_02412,,hypothetical protein,BS:PROKKA_02412,,,ab initio prediction:Prodigal:2.6,2528516,2529065
S1A_contig_012,CDS,27973,28120,-,147,PROKKA_02413,,hypothetical protein,BS:PROKKA_02413,,,ab initio prediction:Prodigal:2.6,2529130,2529277
S1A_contig_012,CDS,28207,28417,+,210,PROKKA_02414,,hypothetical protein,BS:PROKKA_02414,,,ab initio prediction:Prodigal:2.6,2529364,2529574
S1A_contig_012,CDS,28413,28725,-,312,PROKKA_02415,,hypothetical protein,BS:PROKKA_02415,,,ab initio prediction:Prodigal:2.6,2529570,2529882
S1A_contig_012,CDS,28721,28985,-,264,PROKKA_02416,,helix-turn-helix protein,BS:PROKKA_02416,,,ab initio prediction:Prodigal:2.6;protein motif:Pfam:PF01381.16,2529878,2530142
S1A_contig_012,CDS,29148,29607,+,459,PROKKA_02417,immR_2,HTH-type transcriptional regulator ImmR,BS:PROKKA_02417,,,ab initio prediction:Prodigal:2.6;similar to AA sequence:UniProtKB:P96631,2530305,2530764
S1A_contig_012,CDS,29625,30072,+,447,PROKKA_02418,,hypothetical protein,BS:PROKKA_02418,,,ab initio prediction:Prodigal:2.6,2530782,2531229
S1A_contig_012,CDS,30095,30959,+,864,PROKKA_02419,,hypothetical protein,BS:PROKKA_02419,,,ab initio prediction:Prodigal:2.6,2531252,2532116
S1A_contig_012,CDS,30982,31573,+,591,PROKKA_02420,,hypothetical protein,BS:PROKKA_02420,,,ab initio prediction:Prodigal:2.6,2532139,2532730
S1A_contig_012,CDS,31907,32333,+,426,PROKKA_02421,,Pyridoxamine 5'-phosphate oxidase,BS:PROKKA_02421,,,ab initio prediction:Prodigal:2.6;protein motif:Pfam:PF01243.14,2533064,2533490
S1A_contig_012,CDS,32356,32560,+,204,PROKKA_02422,,hypothetical protein,BS:PROKKA_02422,,,ab initio prediction:Prodigal:2.6,2533513,2533717
S1A_contig_012,CDS,32649,33834,+,1185,PROKKA_02423,xerD_2,Tyrosine recombinase XerD,BS:PROKKA_02423,,,ab initio prediction:Prodigal:2.6;similar to AA sequence:UniProtKB:P0A0P0,2533806,2534991
S1A_contig_012,CDS,33959,35300,-,1341,PROKKA_02424,pgi,Glucose-6-phosphate isomerase,BS:PROKKA_02424,5.3.1.9,,ab initio prediction:Prodigal:2.6;similar to AA sequence:UniProtKB:P81181,2535116,2536457
S1A_contig_012,CDS,35513,36371,-,858,PROKKA_02425,glcU_2,putative glucose uptake protein GlcU,BS:PROKKA_02425,,,ab initio prediction:Prodigal:2.6;similar to AA sequence:UniProtKB:P40419,2536670,2537528
S1A_contig_012,CDS,36542,37148,-,606,PROKKA_02426,,VanZ like family protein,BS:PROKKA_02426,,,ab initio prediction:Prodigal:2.6;protein motif:Pfam:PF04892.6,2537699,2538305
S1A_contig_012,CDS,37613,39869,+,2256,PROKKA_02427,ltaS1_1,Lipoteichoic acid synthase 1,BS:PROKKA_02427,,,ab initio prediction:Prodigal:2.6;similar to AA sequence:UniProtKB:Q797B3,2538770,2541026
S1A_contig_012,CDS,39954,40701,+,747,PROKKA_02428,,hypothetical protein,BS:PROKKA_02428,,,ab initio prediction:Prodigal:2.6,2541111,2541858
S1A_contig_012,CDS,40710,41280,+,570,PROKKA_02429,,hypothetical protein,BS:PROKKA_02429,,,ab initio prediction:Prodigal:2.6,2541867,2542437
S1A_contig_012,CDS,41401,42697,-,1296,PROKKA_02430,purB,Adenylosuccinate lyase,BS:PROKKA_02430,4.3.2.2,,ab initio prediction:Prodigal:2.6;similar to AA sequence:UniProtKB:P12047,2542558,2543854
S1A_contig_012,CDS,42766,43876,-,1110,PROKKA_02431,purK_1,N5-carboxyaminoimidazole ribonucleotide synthase,BS:PROKKA_02431,6.3.4.18,,ab initio prediction:Prodigal:2.6;similar to AA sequence:UniProtKB:Q7A695,2543923,2545033
S1A_contig_012,CDS,43896,45225,-,1329,PROKKA_02432,pucK,Uric acid permease PucK,BS:PROKKA_02432,,,ab initio prediction:Prodigal:2.6;similar to AA sequence:UniProtKB:O32140,2545053,2546382
S1A_contig_012,CDS,45231,45810,-,579,PROKKA_02433,xpt,Xanthine phosphoribosyltransferase,BS:PROKKA_02433,2.4.2.22,,ab initio prediction:Prodigal:2.6;similar to AA sequence:UniProtKB:P42085,2546388,2546967
S1A_contig_012,CDS,46000,46636,-,636,PROKKA_02434,lytG,Exo-glucosaminidase LytG precursor,BS:PROKKA_02434,3.2.1.-,,ab initio prediction:Prodigal:2.6;similar to AA sequence:UniProtKB:O32083,2547157,2547793
S1A_contig_012,CDS,46641,47124,-,483,PROKKA_02435,yvbK,putative N-acetyltransferase YvbK,BS:PROKKA_02435,2.3.1.-,,ab initio prediction:Prodigal:2.6;similar to AA sequence:UniProtKB:O32248,2547798,2548281
S1A_contig_012,CDS,47365,47566,-,201,PROKKA_02436,cspLA,Cold shock-like protein CspLA,BS:PROKKA_02436,,,ab initio prediction:Prodigal:2.6;similar to AA sequence:UniProtKB:P0A355,2548522,2548723
S1A_contig_012,CDS,48249,48477,-,228,PROKKA_02437,,hypothetical protein,BS:PROKKA_02437,,,ab initio prediction:Prodigal:2.6,2549406,2549634
S1A_contig_012,CDS,48525,49491,-,966,PROKKA_02438,,hypothetical protein,BS:PROKKA_02438,,,ab initio prediction:Prodigal:2.6,2549682,2550648
S1A_contig_012,CDS,49618,50257,+,639,PROKKA_02439,,Putative cell-wall binding lipoprotein,BS:PROKKA_02439,,,ab initio prediction:Prodigal:2.6;protein motif:Pfam:PF10368.3,2550775,2551414
S1A_contig_012,CDS,50343,51273,+,930,PROKKA_02440,csbB,Putative glycosyltransferase CsbB,BS:PROKKA_02440,2.4.-.-,,ab initio prediction:Prodigal:2.6;similar to AA sequence:UniProtKB:Q45539,2551500,2552430
S1A_contig_012,CDS,51624,53364,-,1740,PROKKA_02441,,hypothetical protein,BS:PROKKA_02441,,,ab initio prediction:Prodigal:2.6,2552781,2554521
S1A_contig_012,CDS,53674,56338,+,2664,PROKKA_02442,,Bacterial membrane protein YfhO,BS:PROKKA_02442,,,ab initio prediction:Prodigal:2.6;protein motif:Pfam:PF09586.4,2554831,2557495
S1A_contig_012,CDS,57002,57833,+,831,PROKKA_02443,licT_2,Transcription antiterminator LicT,BS:PROKKA_02443,,,ab initio prediction:Prodigal:2.6;similar to AA sequence:UniProtKB:P39805,2558159,2558990
S1A_contig_012,CDS,57920,59774,+,1854,PROKKA_02444,bglF_4,PTS system beta-glucoside-specific EIIBCA component,BS:PROKKA_02444,,,ab initio prediction:Prodigal:2.6;similar to AA sequence:UniProtKB:P08722,2559077,2560931
S1A_contig_012,CDS,59854,61303,+,1449,PROKKA_02445,bglH_2,Aryl-phospho-beta-D-glucosidase BglH,BS:PROKKA_02445,3.2.1.86,,ab initio prediction:Prodigal:2.6;similar to AA sequence:UniProtKB:P40740,2561011,2562460
S1A_contig_012,CDS,61706,62447,-,741,PROKKA_02446,,hypothetical protein,BS:PROKKA_02446,,,ab initio prediction:Prodigal:2.6,2562863,2563604
S1A_contig_012,CDS,63210,64833,-,1623,PROKKA_02447,,hypothetical protein,BS:PROKKA_02447,,,ab initio prediction:Prodigal:2.6,2564367,2565990
S1A_contig_012,CDS,64846,65167,-,321,PROKKA_02448,,hypothetical protein,BS:PROKKA_02448,,,ab initio prediction:Prodigal:2.6,2566003,2566324
S1A_contig_012,CDS,65141,66185,-,1044,PROKKA_02449,,hypothetical protein,BS:PROKKA_02449,,,ab initio prediction:Prodigal:2.6,2566298,2567342
S1A_contig_012,CDS,66281,67019,-,738,PROKKA_02450,,hypothetical protein,BS:PROKKA_02450,,,ab initio prediction:Prodigal:2.6,2567438,2568176
S1A_contig_012,CDS,67698,68436,-,738,PROKKA_02451,,hypothetical protein,BS:PROKKA_02451,,,ab initio prediction:Prodigal:2.6,2568855,2569593
S1A_contig_012,CDS,69054,72219,-,3165,PROKKA_02452,,hypothetical protein,BS:PROKKA_02452,,,ab initio prediction:Prodigal:2.6,2570211,2573376
S1A_contig_013,CDS,162,1737,-,1575,PROKKA_02453,prfC,Peptide chain release factor 3,BS:PROKKA_02453,,,ab initio prediction:Prodigal:2.6;similar to AA sequence:UniProtKB:Q99V72,2573806,2575381
S1A_contig_013,CDS,1802,3149,-,1347,PROKKA_02454,corC_2,Magnesium and cobalt efflux protein CorC,BS:PROKKA_02454,,,ab initio prediction:Prodigal:2.6;similar to AA sequence:UniProtKB:P0A2L3,2575446,2576793
S1A_contig_013,CDS,3224,4403,-,1179,PROKKA_02455,tqsA,AI-2 transport protein TqsA,BS:PROKKA_02455,,,ab initio prediction:Prodigal:2.6;similar to AA sequence:UniProtKB:P0AFS5,2576868,2578047
S1A_contig_013,CDS,4479,4914,+,435,PROKKA_02456,yjcF,putative N-acetyltransferase YjcF,BS:PROKKA_02456,2.3.1.-,,ab initio prediction:Prodigal:2.6;similar to AA sequence:UniProtKB:O31628,2578123,2578558
S1A_contig_013,CDS,5052,5571,-,519,PROKKA_02457,,hypothetical protein,BS:PROKKA_02457,,,ab initio prediction:Prodigal:2.6,2578696,2579215
S1A_contig_013,CDS,5598,6135,-,537,PROKKA_02458,,hypothetical protein,BS:PROKKA_02458,,,ab initio prediction:Prodigal:2.6,2579242,2579779
S1A_contig_013,CDS,6384,7179,-,795,PROKKA_02459,recX,Regulatory protein RecX,BS:PROKKA_02459,,,ab initio prediction:Prodigal:2.6;similar to AA sequence:UniProtKB:P66003,2580028,2580823
S1A_contig_013,CDS,7252,8788,+,1536,PROKKA_02460,,Mga helix-turn-helix domain protein,BS:PROKKA_02460,,,ab initio prediction:Prodigal:2.6;protein motif:Pfam:PF05043.7,2580896,2582432
S1A_contig_013,CDS,8781,9156,-,375,PROKKA_02461,,hypothetical protein,BS:PROKKA_02461,,,ab initio prediction:Prodigal:2.6,2582425,2582800
S1A_contig_013,CDS,9233,10601,+,1368,PROKKA_02462,rlmCD_2,23S rRNA (uracil-C(5))-methyltransferase RlmCD,BS:PROKKA_02462,2.1.1.189,,ab initio prediction:Prodigal:2.6;similar to AA sequence:UniProtKB:O31503,2582877,2584245
S1A_contig_013,CDS,10885,11359,+,474,PROKKA_02463,,Nucleoside 2-deoxyribosyltransferase,BS:PROKKA_02463,,,ab initio prediction:Prodigal:2.6;protein motif:Pfam:PF05014.9,2584529,2585003
S1A_contig_013,CDS,11442,12180,-,738,PROKKA_02464,yydK_2,putative HTH-type transcriptional regulator YydK,BS:PROKKA_02464,,,ab initio prediction:Prodigal:2.6;similar to AA sequence:UniProtKB:Q45591,2585086,2585824
S1A_contig_013,CDS,12323,13760,-,1437,PROKKA_02465,bglA,Aryl-phospho-beta-D-glucosidase BglA,BS:PROKKA_02465,3.2.1.86,,ab initio prediction:Prodigal:2.6;similar to AA sequence:UniProtKB:P42973,2585967,2587404
S1A_contig_013,CDS,13812,15177,-,1365,PROKKA_02466,licC_2,Lichenan permease IIC component,BS:PROKKA_02466,,,ab initio prediction:Prodigal:2.6;similar to AA sequence:UniProtKB:P46317,2587456,2588821
S1A_contig_013,CDS,15199,15694,-,495,PROKKA_02467,,hypothetical protein,BS:PROKKA_02467,,,ab initio prediction:Prodigal:2.6,2588843,2589338
S1A_contig_013,CDS,15720,16038,-,318,PROKKA_02468,licA_5,Lichenan-specific phosphotransferase enzyme IIA component,BS:PROKKA_02468,2.7.1.-,,ab initio prediction:Prodigal:2.6;similar to AA sequence:UniProtKB:P46319,2589364,2589682
S1A_contig_013,CDS,16047,16362,-,315,PROKKA_02469,licB_4,Lichenan-specific phosphotransferase enzyme IIB component,BS:PROKKA_02469,2.7.1.69,,ab initio prediction:Prodigal:2.6;similar to AA sequence:UniProtKB:P46318,2589691,2590006
S1A_contig_013,CDS,16682,18437,-,1755,PROKKA_02470,pox5_2,Pyruvate oxidase,BS:PROKKA_02470,1.2.3.3,,ab initio prediction:Prodigal:2.6;similar to AA sequence:UniProtKB:P37063,2590326,2592081
S1A_contig_013,CDS,18760,19927,-,1167,PROKKA_02471,pksG,Polyketide biosynthesis 3-hydroxy-3-methylglutaryl-ACP synthase PksG,BS:PROKKA_02471,2.3.3.-,,ab initio prediction:Prodigal:2.6;similar to AA sequence:UniProtKB:P40830,2592404,2593571
S1A_contig_013,CDS,19910,21191,-,1281,PROKKA_02472,mvaA,3-hydroxy-3-methylglutaryl-coenzyme A reductase,BS:PROKKA_02472,1.1.1.88,,ab initio prediction:Prodigal:2.6;similar to AA sequence:UniProtKB:P13702,2593554,2594835
S1A_contig_013,CDS,21202,22384,-,1182,PROKKA_02473,thlA,Acetyl-CoA acetyltransferase,BS:PROKKA_02473,2.3.1.9,,ab initio prediction:Prodigal:2.6;similar to AA sequence:UniProtKB:Q18AR0,2594846,2596028
S1A_contig_013,CDS,22728,23028,+,300,PROKKA_02474,,hypothetical protein,BS:PROKKA_02474,,,ab initio prediction:Prodigal:2.6,2596372,2596672
S1A_contig_013,CDS,23028,23859,-,831,PROKKA_02475,,hypothetical protein,BS:PROKKA_02475,,,ab initio prediction:Prodigal:2.6,2596672,2597503
S1A_contig_013,CDS,24006,24570,-,564,PROKKA_02476,,Restriction endonuclease,BS:PROKKA_02476,,,ab initio prediction:Prodigal:2.6;protein motif:Pfam:PF04471.6,2597650,2598214
S1A_contig_013,CDS,24682,25501,+,819,PROKKA_02477,mro,Aldose 1-epimerase precursor,BS:PROKKA_02477,5.1.3.3,,ab initio prediction:Prodigal:2.6;similar to AA sequence:UniProtKB:P05149,2598326,2599145
S1A_contig_013,CDS,25560,26700,-,1140,PROKKA_02478,dapE_3,putative succinyl-diaminopimelate desuccinylase,BS:PROKKA_02478,3.5.1.18,,ab initio prediction:Prodigal:2.6;similar to AA sequence:UniProtKB:Q99SN6,2599204,2600344
S1A_contig_013,CDS,26778,27384,-,606,PROKKA_02479,panT,Pantothenic acid transporter PanT,BS:PROKKA_02479,,,ab initio prediction:Prodigal:2.6;similar to AA sequence:UniProtKB:A2RIQ0,2600422,2601028
S1A_contig_013,tRNA,27796,27885,+,89,PROKKA_02480,,tRNA-Leu,,,,COORDINATES: profile:Aragorn:1.2,2601440,2601529
S1A_contig_013,CDS,28023,28488,+,465,PROKKA_02481,,Acetyltransferase (GNAT) family protein,BS:PROKKA_02481,,,ab initio prediction:Prodigal:2.6;protein motif:Pfam:PF00583.18,2601667,2602132
S1A_contig_013,CDS,28480,28933,-,453,PROKKA_02482,,hypothetical protein,BS:PROKKA_02482,,,ab initio prediction:Prodigal:2.6;protein motif:CLUSTERS:PRK04351,2602124,2602577
S1A_contig_013,CDS,29074,29827,-,753,PROKKA_02483,cmpD,Bicarbonate transport ATP-binding protein CmpD,BS:PROKKA_02483,3.6.3.-,,ab initio prediction:Prodigal:2.6;similar to AA sequence:UniProtKB:Q55463,2602718,2603471
S1A_contig_013,CDS,29819,30719,-,900,PROKKA_02484,,Branched-chain amino acid transport system / permease component,BS:PROKKA_02484,,,ab initio prediction:Prodigal:2.6;protein motif:Pfam:PF02653.10,2603463,2604363
S1A_contig_013,CDS,30715,31711,-,996,PROKKA_02485,,ABC transporter substrate binding protein,BS:PROKKA_02485,,,ab initio prediction:Prodigal:2.6;protein motif:Pfam:PF04392.6,2604359,2605355
S1A_contig_013,CDS,31824,32046,+,222,PROKKA_02486,,hypothetical protein,BS:PROKKA_02486,,,ab initio prediction:Prodigal:2.6,2605468,2605690
S1A_contig_013,CDS,32196,32634,-,438,PROKKA_02487,,hypothetical protein,BS:PROKKA_02487,,,ab initio prediction:Prodigal:2.6,2605840,2606278
S1A_contig_013,CDS,32770,35431,-,2661,PROKKA_02488,,Calcium-transporting ATPase 1,BS:PROKKA_02488,3.6.3.8,,ab initio prediction:Prodigal:2.6;similar to AA sequence:UniProtKB:Q73E41,2606414,2609075
S1A_contig_013,CDS,35739,36897,-,1158,PROKKA_02489,pbpX_2,Putative penicillin-binding protein PbpX,BS:PROKKA_02489,,,ab initio prediction:Prodigal:2.6;similar to AA sequence:UniProtKB:O31773,2609383,2610541
S1A_contig_013,CDS,36963,37206,+,243,PROKKA_02490,,hypothetical protein,BS:PROKKA_02490,,,ab initio prediction:Prodigal:2.6,2610607,2610850
S1A_contig_013,CDS,37115,37943,-,828,PROKKA_02491,nadE,NH(3)-dependent NAD(+) synthetase,BS:PROKKA_02491,6.3.1.5,,ab initio prediction:Prodigal:2.6;similar to AA sequence:UniProtKB:P18843,2610759,2611587
S1A_contig_013,CDS,37945,39139,-,1194,PROKKA_02492,pbpX_3,Putative penicillin-binding protein PbpX,BS:PROKKA_02492,,,ab initio prediction:Prodigal:2.6;similar to AA sequence:UniProtKB:O31773,2611589,2612783
S1A_contig_013,CDS,39142,40606,-,1464,PROKKA_02493,pncB2_2,Nicotinate phosphoribosyltransferase pncB2,BS:PROKKA_02493,6.3.4.21,,ab initio prediction:Prodigal:2.6;similar to AA sequence:UniProtKB:O53770,2612786,2614250
S1A_contig_013,CDS,41219,41921,-,702,PROKKA_02494,yvoA_1,HTH-type transcriptional repressor YvoA,BS:PROKKA_02494,,,ab initio prediction:Prodigal:2.6;similar to AA sequence:UniProtKB:O34817,2614863,2615565
S1A_contig_013,CDS,41945,43091,-,1146,PROKKA_02495,nagA_1,N-acetylglucosamine-6-phosphate deacetylase,BS:PROKKA_02495,3.5.1.25,,ab initio prediction:Prodigal:2.6;similar to AA sequence:UniProtKB:O34450,2615589,2616735
S1A_contig_013,CDS,43197,43995,-,798,PROKKA_02496,proC,Pyrroline-5-carboxylate reductase,BS:PROKKA_02496,1.5.1.2,,ab initio prediction:Prodigal:2.6;similar to AA sequence:UniProtKB:P0A9L8,2616841,2617639
S1A_contig_013,CDS,44007,45984,-,1977,PROKKA_02497,ptpA,Prolyl tripeptidyl peptidase precursor,BS:PROKKA_02497,3.4.14.12,,ab initio prediction:Prodigal:2.6;similar to AA sequence:UniProtKB:Q7MUW6,2617651,2619628
S1A_contig_013,tRNA,46121,46202,-,81,PROKKA_02498,,tRNA-Tyr,,,,COORDINATES: profile:Aragorn:1.2,2619765,2619846
S1A_contig_013,CDS,46247,46358,-,111,PROKKA_02499,,hypothetical protein,BS:PROKKA_02499,,,ab initio prediction:Prodigal:2.6,2619891,2620002
S1A_contig_013,CDS,46312,47140,-,828,PROKKA_02500,,hypothetical protein,BS:PROKKA_02500,,,ab initio prediction:Prodigal:2.6,2619956,2620784
S1A_contig_013,CDS,47201,48641,-,1440,PROKKA_02501,dtpT,Di-/tripeptide transporter,BS:PROKKA_02501,,,ab initio prediction:Prodigal:2.6;similar to AA sequence:UniProtKB:P0C2U3,2620845,2622285
S1A_contig_013,CDS,49052,51371,-,2319,PROKKA_02502,macB_3,Macrolide export ATP-binding/permease protein MacB,BS:PROKKA_02502,3.6.3.-,,ab initio prediction:Prodigal:2.6;similar to AA sequence:UniProtKB:Q2EHL8,2622696,2625015
S1A_contig_013,CDS,51796,52171,-,375,PROKKA_02503,,hypothetical protein,BS:PROKKA_02503,,,ab initio prediction:Prodigal:2.6,2625440,2625815
S1A_contig_013,CDS,52310,52733,-,423,PROKKA_02504,,hypothetical protein,BS:PROKKA_02504,,,ab initio prediction:Prodigal:2.6,2625954,2626377
S1A_contig_013,CDS,53295,54726,+,1431,PROKKA_02505,melB,Melibiose carrier protein,BS:PROKKA_02505,,,ab initio prediction:Prodigal:2.6;similar to AA sequence:UniProtKB:P02921,2626939,2628370
S1A_contig_013,CDS,54820,55957,+,1137,PROKKA_02506,,Alpha-L-fucosidase,BS:PROKKA_02506,,,ab initio prediction:Prodigal:2.6;protein motif:Pfam:PF01120.11,2628464,2629601
S1A_contig_013,CDS,56065,56383,-,318,PROKKA_02507,nrdH_2,Glutaredoxin-like protein NrdH,BS:PROKKA_02507,,,ab initio prediction:Prodigal:2.6;similar to AA sequence:UniProtKB:Q48708,2629709,2630027
S1A_contig_013,CDS,56553,58221,-,1668,PROKKA_02508,,phosphoenolpyruvate carboxykinase,BS:PROKKA_02508,,,ab initio prediction:Prodigal:2.6;protein motif:CLUSTERS:PRK09344,2630197,2631865
S1A_contig_013,CDS,58435,58603,-,168,PROKKA_02509,,Virus attachment protein p12 family protein,BS:PROKKA_02509,,,ab initio prediction:Prodigal:2.6;protein motif:Pfam:PF12669.1,2632079,2632247
S1A_contig_013,CDS,58638,60750,-,2112,PROKKA_02510,feoB,Ferrous iron transport protein B,BS:PROKKA_02510,,,ab initio prediction:Prodigal:2.6;similar to AA sequence:UniProtKB:Q8GNS3,2632282,2634394
S1A_contig_013,CDS,60736,61228,-,492,PROKKA_02511,feoA,Ferrous iron transport protein A,BS:PROKKA_02511,,,ab initio prediction:Prodigal:2.6;similar to AA sequence:UniProtKB:P0AEL3,2634380,2634872
S1A_contig_013,CDS,61427,62180,-,753,PROKKA_02512,oatA_3,O-acetyltransferase OatA,BS:PROKKA_02512,2.3.1.-,,ab initio prediction:Prodigal:2.6;similar to AA sequence:UniProtKB:Q7A3D6,2635071,2635824
S1A_contig_013,tRNA,62465,62541,-,76,PROKKA_02513,,tRNA-Thr,,,,COORDINATES: profile:Aragorn:1.2,2636109,2636185
S1A_contig_013,tRNA,62543,62617,-,74,PROKKA_02514,,tRNA-Glu,,,,COORDINATES: profile:Aragorn:1.2,2636187,2636261
S1A_contig_013,CDS,62790,63429,+,639,PROKKA_02515,,hypothetical protein,BS:PROKKA_02515,,,ab initio prediction:Prodigal:2.6,2636434,2637073
S1A_contig_013,CDS,63467,63980,+,513,PROKKA_02516,,hypothetical protein,BS:PROKKA_02516,,,ab initio prediction:Prodigal:2.6,2637111,2637624
S1A_contig_013,CDS,64132,64657,-,525,PROKKA_02517,,hypothetical protein,BS:PROKKA_02517,,,ab initio prediction:Prodigal:2.6,2637776,2638301
S1A_contig_014,CDS,188,785,-,597,PROKKA_02518,ydjZ,TVP38/TMEM64 family inner membrane protein YdjZ,BS:PROKKA_02518,,,ab initio prediction:Prodigal:2.6;similar to AA sequence:UniProtKB:P76221,2638712,2639309
S1A_contig_014,CDS,877,1474,+,597,PROKKA_02519,ruvA,Holliday junction ATP-dependent DNA helicase RuvA,BS:PROKKA_02519,3.6.4.12,,ab initio prediction:Prodigal:2.6;similar to AA sequence:UniProtKB:P66748,2639401,2639998
S1A_contig_014,CDS,1584,2601,+,1017,PROKKA_02520,ruvB,Holliday junction ATP-dependent DNA helicase RuvB,BS:PROKKA_02520,3.6.4.12,,ab initio prediction:Prodigal:2.6;similar to AA sequence:UniProtKB:O32055,2640108,2641125
S1A_contig_014,CDS,2907,3981,+,1074,PROKKA_02521,queA,S-adenosylmethionine:tRNA ribosyltransferase-isomerase,BS:PROKKA_02521,2.4.99.17,,ab initio prediction:Prodigal:2.6;similar to AA sequence:UniProtKB:A8AYK5,2641431,2642505
S1A_contig_014,CDS,4501,5644,+,1143,PROKKA_02522,tgt,Queuine tRNA-ribosyltransferase,BS:PROKKA_02522,2.4.2.29,,ab initio prediction:Prodigal:2.6;similar to AA sequence:UniProtKB:P66905,2643025,2644168
S1A_contig_014,CDS,5714,6134,+,420,PROKKA_02523,,preprotein translocase subunit YajC,BS:PROKKA_02523,,,ab initio prediction:Prodigal:2.6;protein motif:CLUSTERS:PRK06531,2644238,2644658
S1A_contig_014,CDS,6499,9106,+,2607,PROKKA_02524,adhE,Aldehyde-alcohol dehydrogenase,BS:PROKKA_02524,,,ab initio prediction:Prodigal:2.6;similar to AA sequence:UniProtKB:P0A9Q7,2645023,2647630
S1A_contig_014,CDS,9268,9913,+,645,PROKKA_02525,dtxR,Diphtheria toxin repressor,BS:PROKKA_02525,,,ab initio prediction:Prodigal:2.6;similar to AA sequence:UniProtKB:P0DJL7,2647792,2648437
S1A_contig_014,CDS,9942,11430,+,1488,PROKKA_02526,zwf,Glucose-6-phosphate 1-dehydrogenase,BS:PROKKA_02526,1.1.1.49,,ab initio prediction:Prodigal:2.6;similar to AA sequence:UniProtKB:P11411,2648466,2649954
S1A_contig_014,CDS,11633,12737,+,1104,PROKKA_02527,dinB_2,DNA polymerase IV,BS:PROKKA_02527,2.7.7.7,,ab initio prediction:Prodigal:2.6;similar to AA sequence:UniProtKB:Q47155,2650157,2651261
S1A_contig_014,CDS,13011,14325,+,1314,PROKKA_02528,,Cobalt-dependent inorganic pyrophosphatase,BS:PROKKA_02528,3.6.1.1,,ab initio prediction:Prodigal:2.6;similar to AA sequence:UniProtKB:Q8XIQ9,2651535,2652849
S1A_contig_014,CDS,14331,15288,+,957,PROKKA_02529,nrnA_3,putative bifunctional oligoribonuclease and PAP phosphatase NrnA,BS:PROKKA_02529,3.1.-.-,,ab initio prediction:Prodigal:2.6;similar to AA sequence:UniProtKB:Q8DTN6,2652855,2653812
S1A_contig_014,CDS,15293,16640,+,1347,PROKKA_02530,cshB,DEAD-box ATP-dependent RNA helicase CshB,BS:PROKKA_02530,3.6.4.13,,ab initio prediction:Prodigal:2.6;similar to AA sequence:UniProtKB:P54475,2653817,2655164
S1A_contig_014,CDS,16644,17580,+,936,PROKKA_02531,,hypothetical protein,BS:PROKKA_02531,,,ab initio prediction:Prodigal:2.6,2655168,2656104
S1A_contig_014,CDS,18022,20668,+,2646,PROKKA_02532,alaS,Alanine--tRNA ligase,BS:PROKKA_02532,6.1.1.7,,ab initio prediction:Prodigal:2.6;similar to AA sequence:UniProtKB:P67011,2656546,2659192
S1A_contig_014,CDS,20834,20996,+,162,PROKKA_02533,,hypothetical protein,BS:PROKKA_02533,,,ab initio prediction:Prodigal:2.6,2659358,2659520
S1A_contig_014,CDS,21131,21392,+,261,PROKKA_02534,,hypothetical protein,BS:PROKKA_02534,,,ab initio prediction:Prodigal:2.6;protein motif:CLUSTERS:PRK05473,2659655,2659916
S1A_contig_014,CDS,21391,21826,+,435,PROKKA_02535,yrrK,Putative Holliday junction resolvase,BS:PROKKA_02535,3.1.-.-,,ab initio prediction:Prodigal:2.6;similar to AA sequence:UniProtKB:O34634,2659915,2660350
S1A_contig_014,CDS,21875,22196,+,321,PROKKA_02536,,hypothetical protein,BS:PROKKA_02536,,,ab initio prediction:Prodigal:2.6,2660399,2660720
S1A_contig_014,CDS,22557,22803,+,246,PROKKA_02537,zapA,Cell division protein ZapA,BS:PROKKA_02537,,,ab initio prediction:Prodigal:2.6;protein motif:HAMAP:MF_02013,2661081,2661327
S1A_contig_014,CDS,22812,23349,+,537,PROKKA_02538,,Colicin V production protein,BS:PROKKA_02538,,,ab initio prediction:Prodigal:2.6;protein motif:Pfam:PF02674.10,2661336,2661873
S1A_contig_014,CDS,23417,25778,+,2361,PROKKA_02539,mutS2,Endonuclease MutS2,BS:PROKKA_02539,3.1.-.-,,ab initio prediction:Prodigal:2.6;similar to AA sequence:UniProtKB:P65496,2661941,2664302
S1A_contig_014,CDS,25844,26156,+,312,PROKKA_02540,trxA_1,Thioredoxin,BS:PROKKA_02540,,,ab initio prediction:Prodigal:2.6;similar to AA sequence:UniProtKB:P14949,2664368,2664680
S1A_contig_014,CDS,26653,26803,+,150,PROKKA_02541,,D-Ala-teichoic acid biosynthesis protein,BS:PROKKA_02541,,,ab initio prediction:Prodigal:2.6;protein motif:Pfam:PF12459.2,2665177,2665327
S1A_contig_014,CDS,26870,28391,+,1521,PROKKA_02542,dltA,D-alanine--poly(phosphoribitol) ligase subunit 1,BS:PROKKA_02542,6.1.1.13,,ab initio prediction:Prodigal:2.6;similar to AA sequence:UniProtKB:P35854,2665394,2666915
S1A_contig_014,CDS,28390,29608,+,1218,PROKKA_02543,patA_2,Peptidoglycan O-acetyltransferase,BS:PROKKA_02543,2.3.1.-,,ab initio prediction:Prodigal:2.6;similar to AA sequence:UniProtKB:O25526,2666914,2668132
S1A_contig_014,CDS,29676,29922,+,246,PROKKA_02544,dltC,D-alanine--poly(phosphoribitol) ligase subunit 2,BS:PROKKA_02544,6.1.1.13,,ab initio prediction:Prodigal:2.6;similar to AA sequence:UniProtKB:Q03AZ0,2668200,2668446
S1A_contig_014,CDS,29918,31190,+,1272,PROKKA_02545,,DltD central region,BS:PROKKA_02545,,,ab initio prediction:Prodigal:2.6;protein motif:Pfam:PF04918.6,2668442,2669714
S1A_contig_014,CDS,31331,31826,-,495,PROKKA_02546,,hypothetical protein,BS:PROKKA_02546,,,ab initio prediction:Prodigal:2.6,2669855,2670350
S1A_contig_014,CDS,32269,33724,+,1455,PROKKA_02547,murI,Glutamate racemase,BS:PROKKA_02547,5.1.1.3,,ab initio prediction:Prodigal:2.6;similar to AA sequence:UniProtKB:Q836J0,2670793,2672248
S1A_contig_014,CDS,33720,34245,+,525,PROKKA_02548,,phosphodiesterase,BS:PROKKA_02548,,,ab initio prediction:Prodigal:2.6;protein motif:CLUSTERS:PRK09453,2672244,2672769
S1A_contig_014,CDS,34307,35045,-,738,PROKKA_02549,gla_2,Glycerol facilitator-aquaporin gla,BS:PROKKA_02549,,,ab initio prediction:Prodigal:2.6;similar to AA sequence:UniProtKB:P22094,2672831,2673569
S1A_contig_014,CDS,35368,35854,+,486,PROKKA_02550,ykuL,CBS domain-containing protein YkuL,BS:PROKKA_02550,,,ab initio prediction:Prodigal:2.6;similar to AA sequence:UniProtKB:O31698,2673892,2674378
S1A_contig_014,CDS,35939,36842,-,903,PROKKA_02551,,hypothetical protein,BS:PROKKA_02551,,,ab initio prediction:Prodigal:2.6,2674463,2675366
S1A_contig_014,CDS,36902,37787,-,885,PROKKA_02552,ykuT,putative MscS family protein YkuT,BS:PROKKA_02552,,,ab initio prediction:Prodigal:2.6;similar to AA sequence:UniProtKB:O34897,2675426,2676311
S1A_contig_014,CDS,38070,38499,+,429,PROKKA_02553,,hypothetical protein,BS:PROKKA_02553,,,ab initio prediction:Prodigal:2.6,2676594,2677023
S1A_contig_014,CDS,38513,39041,+,528,PROKKA_02554,,YtxH-like protein,BS:PROKKA_02554,,,ab initio prediction:Prodigal:2.6;protein motif:Pfam:PF12732.1,2677037,2677565
S1A_contig_014,CDS,39266,39788,+,522,PROKKA_02555,niaR,putative transcription repressor NiaR,BS:PROKKA_02555,,,ab initio prediction:Prodigal:2.6;similar to AA sequence:UniProtKB:Q9X1T8,2677790,2678312
S1A_contig_014,CDS,39881,40985,-,1104,PROKKA_02556,pepQ,Xaa-Pro dipeptidase,BS:PROKKA_02556,3.4.13.9,,ab initio prediction:Prodigal:2.6;similar to AA sequence:UniProtKB:Q9S6S1,2678405,2679509
S1A_contig_014,CDS,41292,42294,+,1002,PROKKA_02557,ccpA_2,Catabolite control protein A,BS:PROKKA_02557,,,ab initio prediction:Prodigal:2.6;similar to AA sequence:UniProtKB:P25144,2679816,2680818
S1A_contig_014,CDS,42418,45202,-,2784,PROKKA_02558,pbpF_1,Penicillin-binding protein 1F,BS:PROKKA_02558,,,ab initio prediction:Prodigal:2.6;similar to AA sequence:UniProtKB:P38050,2680942,2683726
S1A_contig_014,CDS,45503,46187,+,684,PROKKA_02559,yfnB,Putative HAD-hydrolase YfnB,BS:PROKKA_02559,3.-.-.-,,ab initio prediction:Prodigal:2.6;similar to AA sequence:UniProtKB:O06480,2684027,2684711
S1A_contig_014,CDS,46193,46946,-,753,PROKKA_02560,birA,Bifunctional ligase/repressor BirA,BS:PROKKA_02560,6.3.4.15,,ab initio prediction:Prodigal:2.6;similar to AA sequence:UniProtKB:P0CI75,2684717,2685470
S1A_contig_014,CDS,47058,48462,-,1404,PROKKA_02561,pepV,Beta-Ala-Xaa dipeptidase,BS:PROKKA_02561,3.4.13.-,,ab initio prediction:Prodigal:2.6;similar to AA sequence:UniProtKB:P45494,2685582,2686986
S1A_contig_014,CDS,48600,49941,-,1341,PROKKA_02562,glpQ1_2,putative glycerophosphoryl diester phosphodiesterase 1,BS:PROKKA_02562,3.1.4.46,,ab initio prediction:Prodigal:2.6;similar to AA sequence:UniProtKB:P96236,2687124,2688465
S1A_contig_014,CDS,50059,50374,+,315,PROKKA_02563,,hypothetical protein,BS:PROKKA_02563,,,ab initio prediction:Prodigal:2.6,2688583,2688898
S1A_contig_014,CDS,50677,51745,+,1068,PROKKA_02564,,YibE/F-like protein,BS:PROKKA_02564,,,ab initio prediction:Prodigal:2.6;protein motif:Pfam:PF07907.5,2689201,2690269
S1A_contig_014,CDS,51741,52479,+,738,PROKKA_02565,,YibE/F-like protein,BS:PROKKA_02565,,,ab initio prediction:Prodigal:2.6;protein motif:Pfam:PF07907.5,2690265,2691003
S1A_contig_014,CDS,52480,53083,+,603,PROKKA_02566,,Calcineurin-like phosphoesterase superfamily domain protein,BS:PROKKA_02566,,,ab initio prediction:Prodigal:2.6;protein motif:Pfam:PF12850.1,2691004,2691607
S1A_contig_014,CDS,53194,54571,+,1377,PROKKA_02567,yfkN_2,Trifunctional nucleotide phosphoesterase protein YfkN precursor,BS:PROKKA_02567,,,ab initio prediction:Prodigal:2.6;similar to AA sequence:UniProtKB:O34313,2691718,2693095
S1A_contig_014,CDS,54620,55265,+,645,PROKKA_02568,,hypothetical protein,BS:PROKKA_02568,,,ab initio prediction:Prodigal:2.6,2693144,2693789
S1A_contig_014,CDS,55273,56050,+,777,PROKKA_02569,yutF,putative hydrolase YutF,BS:PROKKA_02569,3.-.-.-,,ab initio prediction:Prodigal:2.6;similar to AA sequence:UniProtKB:O32125,2693797,2694574
S1A_contig_014,CDS,56055,56679,+,624,PROKKA_02570,,hypothetical protein,BS:PROKKA_02570,,,ab initio prediction:Prodigal:2.6,2694579,2695203
S1A_contig_014,CDS,56766,57420,-,654,PROKKA_02571,yghB_2,Inner membrane protein YghB,BS:PROKKA_02571,,,ab initio prediction:Prodigal:2.6;similar to AA sequence:UniProtKB:P0AA60,2695290,2695944
S1A_contig_014,CDS,57505,58009,-,504,PROKKA_02572,,Phosphatidylglycerophosphatase A,BS:PROKKA_02572,,,ab initio prediction:Prodigal:2.6;protein motif:Pfam:PF04608.7,2696029,2696533
S1A_contig_014,CDS,58047,59034,-,987,PROKKA_02573,yumC,Ferredoxin--NADP reductase 2,BS:PROKKA_02573,1.18.1.2,,ab initio prediction:Prodigal:2.6;similar to AA sequence:UniProtKB:O05268,2696571,2697558
S1A_contig_014,CDS,59257,59842,+,585,PROKKA_02574,,Putative bifunctional phosphatase/peptidyl-prolyl cis-trans isomerase,BS:PROKKA_02574,,,ab initio prediction:Prodigal:2.6;similar to AA sequence:UniProtKB:Q5XAQ1,2697781,2698366
S1A_contig_014,CDS,59929,60289,+,360,PROKKA_02575,yugI_2,General stress protein 13,BS:PROKKA_02575,,,ab initio prediction:Prodigal:2.6;similar to AA sequence:UniProtKB:P80870,2698453,2698813
S1A_contig_015,CDS,352,601,-,249,PROKKA_02576,,hypothetical protein,BS:PROKKA_02576,,,ab initio prediction:Prodigal:2.6,2699571,2699820
S1A_contig_015,CDS,871,1513,+,642,PROKKA_02577,,Acetyltransferase (GNAT) family protein,BS:PROKKA_02577,,,ab initio prediction:Prodigal:2.6;protein motif:Pfam:PF00583.18,2700090,2700732
S1A_contig_015,CDS,1748,3389,-,1641,PROKKA_02578,dppE_5,Dipeptide-binding protein DppE precursor,BS:PROKKA_02578,,,ab initio prediction:Prodigal:2.6;similar to AA sequence:UniProtKB:P26906,2700967,2702608
S1A_contig_015,CDS,3504,4752,+,1248,PROKKA_02579,pepT,Peptidase T,BS:PROKKA_02579,3.4.11.4,,ab initio prediction:Prodigal:2.6;similar to AA sequence:UniProtKB:P0C2T7,2702723,2703971
S1A_contig_015,CDS,5180,6974,+,1794,PROKKA_02580,licR_8,putative licABCH operon regulator,BS:PROKKA_02580,,,ab initio prediction:Prodigal:2.6;similar to AA sequence:UniProtKB:P46321,2704399,2706193
S1A_contig_015,CDS,6958,7999,+,1041,PROKKA_02581,ypdE,Aminopeptidase YpdE,BS:PROKKA_02581,3.4.11.-,,ab initio prediction:Prodigal:2.6;similar to AA sequence:UniProtKB:P77585,2706177,2707218
S1A_contig_015,CDS,8153,8486,+,333,PROKKA_02582,lacF_2,Lactose-specific phosphotransferase enzyme IIA component,BS:PROKKA_02582,2.7.1.-,,ab initio prediction:Prodigal:2.6;similar to AA sequence:UniProtKB:P23532,2707372,2707705
S1A_contig_015,CDS,8542,8881,+,339,PROKKA_02583,licB_5,Lichenan-specific phosphotransferase enzyme IIB component,BS:PROKKA_02583,2.7.1.69,,ab initio prediction:Prodigal:2.6;similar to AA sequence:UniProtKB:P46318,2707761,2708100
S1A_contig_015,CDS,8917,10243,+,1326,PROKKA_02584,gmuC_3,Oligo-beta-mannoside permease IIC component,BS:PROKKA_02584,,,ab initio prediction:Prodigal:2.6;similar to AA sequence:UniProtKB:O05507,2708136,2709462
S1A_contig_015,CDS,10410,11490,+,1080,PROKKA_02585,,putative peptidase,BS:PROKKA_02585,3.4.-.-,,ab initio prediction:Prodigal:2.6;similar to AA sequence:UniProtKB:Q7A552,2709629,2710709
S1A_contig_015,CDS,11476,12679,+,1203,PROKKA_02586,patB_3,Cystathionine beta-lyase PatB,BS:PROKKA_02586,4.4.1.8,,ab initio prediction:Prodigal:2.6;similar to AA sequence:UniProtKB:Q08432,2710695,2711898
S1A_contig_015,CDS,12798,14040,-,1242,PROKKA_02587,,hypothetical protein,BS:PROKKA_02587,,,ab initio prediction:Prodigal:2.6,2712017,2713259
S1A_contig_015,CDS,14305,14686,-,381,PROKKA_02588,manX_8,PTS system mannose-specific EIIAB component,BS:PROKKA_02588,,,ab initio prediction:Prodigal:2.6;similar to AA sequence:UniProtKB:Q5XAF5,2713524,2713905
S1A_contig_015,CDS,14722,15544,-,822,PROKKA_02589,manZ_9,Mannose permease IID component,BS:PROKKA_02589,,,ab initio prediction:Prodigal:2.6;similar to AA sequence:UniProtKB:P69805,2713941,2714763
S1A_contig_015,CDS,15530,16448,-,918,PROKKA_02590,agaC_4,N-acetylgalactosamine permease IIC component 1,BS:PROKKA_02590,,,ab initio prediction:Prodigal:2.6;similar to AA sequence:UniProtKB:P42910,2714749,2715667
S1A_contig_015,CDS,16460,16943,-,483,PROKKA_02591,levE_4,Fructose-specific phosphotransferase enzyme IIB component,BS:PROKKA_02591,2.7.1.69,,ab initio prediction:Prodigal:2.6;similar to AA sequence:UniProtKB:P26380,2715679,2716162
S1A_contig_015,CDS,16945,18742,-,1797,PROKKA_02592,bga,Beta-galactosidase precursor,BS:PROKKA_02592,3.2.1.23,,ab initio prediction:Prodigal:2.6;similar to AA sequence:UniProtKB:P48982,2716164,2717961
S1A_contig_015,CDS,18841,20002,-,1161,PROKKA_02593,nagA_2,N-acetylglucosamine-6-phosphate deacetylase,BS:PROKKA_02593,3.5.1.25,,ab initio prediction:Prodigal:2.6;similar to AA sequence:UniProtKB:Q84F86,2718060,2719221
S1A_contig_015,CDS,20060,21242,-,1182,PROKKA_02594,agaS,Putative tagatose-6-phosphate ketose/aldose isomerase,BS:PROKKA_02594,5.3.1.-,,ab initio prediction:Prodigal:2.6;similar to AA sequence:UniProtKB:P42907,2719279,2720461
S1A_contig_015,CDS,21310,22027,-,717,PROKKA_02595,yvoA_2,HTH-type transcriptional repressor YvoA,BS:PROKKA_02595,,,ab initio prediction:Prodigal:2.6;similar to AA sequence:UniProtKB:O34817,2720529,2721246
S1A_contig_015,CDS,22388,23408,-,1020,PROKKA_02596,gmuF,putative mannose-6-phosphate isomerase GmuF,BS:PROKKA_02596,5.3.1.8,,ab initio prediction:Prodigal:2.6;similar to AA sequence:UniProtKB:O05511,2721607,2722627
S1A_contig_015,CDS,23788,25498,-,1710,PROKKA_02597,strH,Beta-N-acetylhexosaminidase precursor,BS:PROKKA_02597,3.2.1.52,,ab initio prediction:Prodigal:2.6;similar to AA sequence:UniProtKB:P49610,2723007,2724717
S1A_contig_015,CDS,25754,26450,-,696,PROKKA_02598,,hypothetical protein,BS:PROKKA_02598,,,ab initio prediction:Prodigal:2.6,2724973,2725669
S1A_contig_015,CDS,26572,27862,-,1290,PROKKA_02599,ugpB_4,sn-glycerol-3-phosphate-binding periplasmic protein UgpB precursor,BS:PROKKA_02599,,,ab initio prediction:Prodigal:2.6;similar to AA sequence:UniProtKB:P0AG80,2725791,2727081
S1A_contig_015,CDS,28166,30551,+,2385,PROKKA_02600,,bifunctional ATP-dependent DNA helicase/DNA polymerase III subunit epsilon,BS:PROKKA_02600,,,ab initio prediction:Prodigal:2.6;protein motif:CLUSTERS:PRK08074,2727385,2729770
S1A_contig_015,CDS,30528,31209,+,681,PROKKA_02601,,hypothetical protein,BS:PROKKA_02601,,,ab initio prediction:Prodigal:2.6,2729747,2730428
S1A_contig_015,CDS,31205,32054,+,849,PROKKA_02602,,hypothetical protein,BS:PROKKA_02602,,,ab initio prediction:Prodigal:2.6,2730424,2731273
S1A_contig_015,CDS,32234,33599,+,1365,PROKKA_02603,nox_2,NADH oxidase,BS:PROKKA_02603,1.6.99.3,,ab initio prediction:Prodigal:2.6;similar to AA sequence:UniProtKB:P37061,2731453,2732818
S1A_contig_015,CDS,34500,34689,+,189,PROKKA_02604,,hypothetical protein,BS:PROKKA_02604,,,ab initio prediction:Prodigal:2.6,2733719,2733908
S1A_contig_015,CDS,34891,35056,+,165,PROKKA_02605,,hypothetical protein,BS:PROKKA_02605,,,ab initio prediction:Prodigal:2.6,2734110,2734275
S1A_contig_015,CDS,35830,37294,-,1464,PROKKA_02606,mepH,Murein DD-endopeptidase MepH precursor,BS:PROKKA_02606,3.4.-.-,,ab initio prediction:Prodigal:2.6;similar to AA sequence:UniProtKB:P76190,2735049,2736513
S1A_contig_015,CDS,37476,38193,-,717,PROKKA_02607,deoD,Purine nucleoside phosphorylase DeoD-type,BS:PROKKA_02607,2.4.2.1,,ab initio prediction:Prodigal:2.6;similar to AA sequence:UniProtKB:Q5EEL8,2736695,2737412
S1A_contig_015,CDS,38221,39412,-,1191,PROKKA_02608,deoB,Phosphopentomutase,BS:PROKKA_02608,5.4.2.7,,ab initio prediction:Prodigal:2.6;similar to AA sequence:UniProtKB:Q8DTU0,2737440,2738631
S1A_contig_015,CDS,39413,40079,-,666,PROKKA_02609,deoC1,Deoxyribose-phosphate aldolase 1,BS:PROKKA_02609,4.1.2.4,,ab initio prediction:Prodigal:2.6;similar to AA sequence:UniProtKB:P99102,2738632,2739298
S1A_contig_015,CDS,40429,41113,+,684,PROKKA_02610,,hypothetical protein,BS:PROKKA_02610,,,ab initio prediction:Prodigal:2.6,2739648,2740332
S1A_contig_015,CDS,41249,42566,+,1317,PROKKA_02611,chbC,"N,N'-diacetylchitobiose permease IIC component",BS:PROKKA_02611,,,ab initio prediction:Prodigal:2.6;similar to AA sequence:UniProtKB:P17334,2740468,2741785
S1A_contig_015,CDS,42558,43461,+,903,PROKKA_02612,,hypothetical protein,BS:PROKKA_02612,,,ab initio prediction:Prodigal:2.6,2741777,2742680
S1A_contig_015,CDS,43650,44364,-,714,PROKKA_02613,livF,High-affinity branched-chain amino acid transport ATP-binding protein LivF,BS:PROKKA_02613,,,ab initio prediction:Prodigal:2.6;similar to AA sequence:UniProtKB:P22731,2742869,2743583
S1A_contig_015,CDS,44356,45142,-,786,PROKKA_02614,lptB,Lipopolysaccharide export system ATP-binding protein LptB,BS:PROKKA_02614,3.6.3.-,,ab initio prediction:Prodigal:2.6;similar to AA sequence:UniProtKB:P45073,2743575,2744361
S1A_contig_015,CDS,45138,46089,-,951,PROKKA_02615,livH_1,High-affinity branched-chain amino acid transport system permease protein LivH,BS:PROKKA_02615,,,ab initio prediction:Prodigal:2.6;similar to AA sequence:UniProtKB:P0AEX7,2744357,2745308
S1A_contig_015,CDS,46093,46972,-,879,PROKKA_02616,livH_2,High-affinity branched-chain amino acid transport system permease protein LivH,BS:PROKKA_02616,,,ab initio prediction:Prodigal:2.6;similar to AA sequence:UniProtKB:P0AEX7,2745312,2746191
S1A_contig_015,CDS,47007,48201,-,1194,PROKKA_02617,,hypothetical protein,BS:PROKKA_02617,,,ab initio prediction:Prodigal:2.6;similar to AA sequence:UniProtKB:Q8YEE8,2746226,2747420
S1A_contig_015,CDS,48876,49335,-,459,PROKKA_02618,,hypothetical protein,BS:PROKKA_02618,,,ab initio prediction:Prodigal:2.6;protein motif:CLUSTERS:PRK09917,2748095,2748554
S1A_contig_015,CDS,49356,50133,-,777,PROKKA_02619,,hypothetical protein,BS:PROKKA_02619,,,ab initio prediction:Prodigal:2.6,2748575,2749352
S1A_contig_015,CDS,50135,50468,-,333,PROKKA_02620,trxA_2,Thioredoxin,BS:PROKKA_02620,,,ab initio prediction:Prodigal:2.6;similar to AA sequence:UniProtKB:P14949,2749354,2749687
S1A_contig_016,CDS,670,1684,-,1014,PROKKA_02621,,hypothetical protein,BS:PROKKA_02621,,,ab initio prediction:Prodigal:2.6,2750494,2751508
S1A_contig_016,CDS,1892,2696,-,804,PROKKA_02622,,N-formylglutamate amidohydrolase,BS:PROKKA_02622,,,ab initio prediction:Prodigal:2.6;protein motif:Pfam:PF05013.6,2751716,2752520
S1A_contig_016,CDS,3118,3433,-,315,PROKKA_02623,,hypothetical protein,BS:PROKKA_02623,,,ab initio prediction:Prodigal:2.6,2752942,2753257
S1A_contig_016,CDS,3451,3955,-,504,PROKKA_02624,ybaK,Cys-tRNA(Pro)/Cys-tRNA(Cys) deacylase YbaK,BS:PROKKA_02624,4.2.-.-,,ab initio prediction:Prodigal:2.6;similar to AA sequence:UniProtKB:P0AAR3,2753275,2753779
S1A_contig_016,CDS,4278,4806,-,528,PROKKA_02625,apt,Adenine phosphoribosyltransferase,BS:PROKKA_02625,2.4.2.7,,ab initio prediction:Prodigal:2.6;similar to AA sequence:UniProtKB:P63544,2754102,2754630
S1A_contig_016,CDS,4802,7097,-,2295,PROKKA_02626,recJ,Single-stranded-DNA-specific exonuclease RecJ,BS:PROKKA_02626,3.1.-.-,,ab initio prediction:Prodigal:2.6;similar to AA sequence:UniProtKB:P21893,2754626,2756921
S1A_contig_016,CDS,7371,7743,+,372,PROKKA_02627,,hypothetical protein,BS:PROKKA_02627,,,ab initio prediction:Prodigal:2.6,2757195,2757567
S1A_contig_016,CDS,8066,8543,+,477,PROKKA_02628,,ASCH domain protein,BS:PROKKA_02628,,,ab initio prediction:Prodigal:2.6;protein motif:Pfam:PF04266.8,2757890,2758367
S1A_contig_016,CDS,8548,8782,+,234,PROKKA_02629,,hypothetical protein,BS:PROKKA_02629,,,ab initio prediction:Prodigal:2.6,2758372,2758606
S1A_contig_016,CDS,8874,10713,-,1839,PROKKA_02630,lepA,Elongation factor 4,BS:PROKKA_02630,3.6.5.-,,ab initio prediction:Prodigal:2.6;similar to AA sequence:UniProtKB:P65272,2758698,2760537
S1A_contig_016,CDS,10869,11778,-,909,PROKKA_02631,,Helix-turn-helix domain protein,BS:PROKKA_02631,,,ab initio prediction:Prodigal:2.6;protein motif:Pfam:PF12844.1,2760693,2761602
S1A_contig_016,CDS,11869,12061,+,192,PROKKA_02632,,hypothetical protein,BS:PROKKA_02632,,,ab initio prediction:Prodigal:2.6,2761693,2761885
S1A_contig_016,CDS,12076,13471,+,1395,PROKKA_02633,lagD_2,Lactococcin-G-processing and transport ATP-binding protein LagD,BS:PROKKA_02633,3.4.22.-,,ab initio prediction:Prodigal:2.6;similar to AA sequence:UniProtKB:P59852,2761900,2763295
S1A_contig_016,CDS,13880,15044,-,1164,PROKKA_02634,dnaJ,Chaperone protein DnaJ,BS:PROKKA_02634,,,ab initio prediction:Prodigal:2.6;similar to AA sequence:UniProtKB:O87778,2763704,2764868
S1A_contig_016,CDS,15156,17031,-,1875,PROKKA_02635,dnaK,Chaperone protein DnaK,BS:PROKKA_02635,,,ab initio prediction:Prodigal:2.6;similar to AA sequence:UniProtKB:O87777,2764980,2766855
S1A_contig_016,CDS,17060,17651,-,591,PROKKA_02636,,heat shock protein GrpE,BS:PROKKA_02636,,,ab initio prediction:Prodigal:2.6;protein motif:CLUSTERS:PRK10325,2766884,2767475
S1A_contig_016,CDS,17827,18874,-,1047,PROKKA_02637,hrcA,Heat-inducible transcription repressor HrcA,BS:PROKKA_02637,,,ab initio prediction:Prodigal:2.6;similar to AA sequence:UniProtKB:P30727,2767651,2768698
S1A_contig_016,CDS,19036,20182,-,1146,PROKKA_02638,hemN,Oxygen-independent coproporphyrinogen-III oxidase 1,BS:PROKKA_02638,1.3.99.22,,ab initio prediction:Prodigal:2.6;similar to AA sequence:UniProtKB:P54304,2768860,2770006
S1A_contig_016,CDS,20183,21098,-,915,PROKKA_02639,ribF,Riboflavin biosynthesis protein RibF,BS:PROKKA_02639,,,ab initio prediction:Prodigal:2.6;similar to AA sequence:UniProtKB:P0AG40,2770007,2770922
S1A_contig_016,CDS,21137,22043,-,906,PROKKA_02640,truB,tRNA pseudouridine synthase B,BS:PROKKA_02640,5.4.99.25,,ab initio prediction:Prodigal:2.6;similar to AA sequence:UniProtKB:Q97QJ3,2770961,2771867
S1A_contig_016,CDS,22054,22846,-,792,PROKKA_02641,alx,Inner membrane protein alx,BS:PROKKA_02641,,,ab initio prediction:Prodigal:2.6;similar to AA sequence:UniProtKB:P42601,2771878,2772670
S1A_contig_016,CDS,23150,23504,-,354,PROKKA_02642,rbfA,Ribosome-binding factor A,BS:PROKKA_02642,,,ab initio prediction:Prodigal:2.6;similar to AA sequence:UniProtKB:P65967,2772974,2773328
S1A_contig_016,CDS,23564,26396,-,2832,PROKKA_02643,infB,Translation initiation factor IF-2,BS:PROKKA_02643,,,ab initio prediction:Prodigal:2.6;similar to AA sequence:UniProtKB:P04766,2773388,2776220
S1A_contig_016,CDS,26416,26722,-,306,PROKKA_02644,rplGA,putative ribosomal protein YlxQ,BS:PROKKA_02644,,,ab initio prediction:Prodigal:2.6;similar to AA sequence:UniProtKB:P32729,2776240,2776546
S1A_contig_016,CDS,26718,27012,-,294,PROKKA_02645,,hypothetical protein,BS:PROKKA_02645,,,ab initio prediction:Prodigal:2.6;protein motif:CLUSTERS:PRK09190,2776542,2776836
S1A_contig_016,CDS,27023,28277,-,1254,PROKKA_02646,,hypothetical protein,BS:PROKKA_02646,,,ab initio prediction:Prodigal:2.6;similar to AA sequence:UniProtKB:P0A5M2,2776847,2778101
S1A_contig_016,CDS,28293,28773,-,480,PROKKA_02647,rimP,Ribosome maturation factor RimP,BS:PROKKA_02647,,,ab initio prediction:Prodigal:2.6;similar to AA sequence:UniProtKB:P67220,2778117,2778597
S1A_contig_016,CDS,29027,33362,-,4335,PROKKA_02648,polC_2,DNA polymerase III PolC-type,BS:PROKKA_02648,2.7.7.7,,ab initio prediction:Prodigal:2.6;similar to AA sequence:UniProtKB:P13267,2778851,2783186
S1A_contig_016,CDS,33428,35156,-,1728,PROKKA_02649,proS,Proline--tRNA ligase,BS:PROKKA_02649,6.1.1.15,,ab initio prediction:Prodigal:2.6;similar to AA sequence:UniProtKB:Q831W7,2783252,2784980
S1A_contig_016,CDS,35180,36422,-,1242,PROKKA_02650,rasP,Regulator of sigma-W protease RasP,BS:PROKKA_02650,3.4.24.-,,ab initio prediction:Prodigal:2.6;similar to AA sequence:UniProtKB:O31754,2785004,2786246
S1A_contig_016,CDS,36438,37227,-,789,PROKKA_02651,cdsA,Phosphatidate cytidylyltransferase,BS:PROKKA_02651,2.7.7.41,,ab initio prediction:Prodigal:2.6;similar to AA sequence:UniProtKB:P0ABG1,2786262,2787051
S1A_contig_016,CDS,37262,38015,-,753,PROKKA_02652,uppS,"Ditrans,polycis-undecaprenyl-diphosphate synthase ((2E,6E)-farnesyl-diphosphate specific)",BS:PROKKA_02652,2.5.1.31,,ab initio prediction:Prodigal:2.6;similar to AA sequence:UniProtKB:Q88VJ8,2787086,2787839
S1A_contig_016,CDS,38545,39103,-,558,PROKKA_02653,frr,Ribosome-recycling factor,BS:PROKKA_02653,,,ab initio prediction:Prodigal:2.6;similar to AA sequence:UniProtKB:Q5XDH3,2788369,2788927
S1A_contig_016,CDS,39102,39822,-,720,PROKKA_02654,pyrH,Uridylate kinase,BS:PROKKA_02654,2.7.4.22,,ab initio prediction:Prodigal:2.6;similar to AA sequence:UniProtKB:Q831V1,2788926,2789646
S1A_contig_016,CDS,40045,40927,-,882,PROKKA_02655,tsf,Elongation factor Ts,BS:PROKKA_02655,,,ab initio prediction:Prodigal:2.6;similar to AA sequence:UniProtKB:P80700,2789869,2790751
S1A_contig_016,CDS,41011,41800,-,789,PROKKA_02656,rpsB,30S ribosomal protein S2,BS:PROKKA_02656,,,ab initio prediction:Prodigal:2.6;similar to AA sequence:UniProtKB:Q5X9J9,2790835,2791624
S1A_contig_016,CDS,42329,42599,-,270,PROKKA_02657,,GIY-YIG nuclease superfamily protein,BS:PROKKA_02657,,,ab initio prediction:Prodigal:2.6;protein motif:CLUSTERS:PRK00329,2792153,2792423
S1A_contig_016,CDS,42588,43332,-,744,PROKKA_02658,yfiC,tRNA1(Val) (adenine(37)-N6)-methyltransferase,BS:PROKKA_02658,2.1.1.223,,ab initio prediction:Prodigal:2.6;similar to AA sequence:UniProtKB:P31825,2792412,2793156
S1A_contig_016,CDS,43984,44209,-,225,PROKKA_02659,,hypothetical protein,BS:PROKKA_02659,,,ab initio prediction:Prodigal:2.6,2793808,2794033
S1A_contig_016,CDS,44253,45552,-,1299,PROKKA_02660,,Muramidase-2 precursor,BS:PROKKA_02660,3.2.1.17,,ab initio prediction:Prodigal:2.6;similar to AA sequence:UniProtKB:P39046,2794077,2795376
S1A_contig_016,CDS,45568,45778,-,210,PROKKA_02661,,hypothetical protein,BS:PROKKA_02661,,,ab initio prediction:Prodigal:2.6,2795392,2795602
S1A_contig_016,CDS,45790,46237,-,447,PROKKA_02662,,Phage holin protein (Holin_LLH),BS:PROKKA_02662,,,ab initio prediction:Prodigal:2.6;protein motif:Pfam:PF09682.4,2795614,2796061
S1A_contig_017,CDS,543,1668,+,1125,PROKKA_02663,dapE_4,putative succinyl-diaminopimelate desuccinylase,BS:PROKKA_02663,3.5.1.18,,ab initio prediction:Prodigal:2.6;similar to AA sequence:UniProtKB:Q99SN6,2796679,2797804
S1A_contig_017,CDS,1742,2042,-,300,PROKKA_02664,gcvH,Glycine cleavage system H protein,BS:PROKKA_02664,,,ab initio prediction:Prodigal:2.6;similar to AA sequence:UniProtKB:O32174,2797878,2798178
S1A_contig_017,CDS,2053,3259,-,1206,PROKKA_02665,rodA,Rod shape-determining protein RodA,BS:PROKKA_02665,,,ab initio prediction:Prodigal:2.6;similar to AA sequence:UniProtKB:P39604,2798189,2799395
S1A_contig_017,CDS,3556,3778,-,222,PROKKA_02666,,hypothetical protein,BS:PROKKA_02666,,,ab initio prediction:Prodigal:2.6,2799692,2799914
S1A_contig_017,CDS,3770,4076,-,306,PROKKA_02667,,Putative membrane protein insertion efficiency factor,BS:PROKKA_02667,,,ab initio prediction:Prodigal:2.6;similar to AA sequence:UniProtKB:Q97NX8,2799906,2800212
S1A_contig_017,CDS,4085,4256,-,171,PROKKA_02668,,DNA-directed RNA polymerase subunit beta,BS:PROKKA_02668,,,ab initio prediction:Prodigal:2.6;protein motif:Pfam:PF11772.2,2800221,2800392
S1A_contig_017,CDS,4265,5255,-,990,PROKKA_02669,mreB_2,Rod shape-determining protein MreB,BS:PROKKA_02669,,,ab initio prediction:Prodigal:2.6;similar to AA sequence:UniProtKB:P0A9X4,2800401,2801391
S1A_contig_017,CDS,5319,5556,-,237,PROKKA_02670,,hypothetical protein,BS:PROKKA_02670,,,ab initio prediction:Prodigal:2.6,2801455,2801692
S1A_contig_017,CDS,5565,5802,-,237,PROKKA_02671,,hypothetical protein,BS:PROKKA_02671,,,ab initio prediction:Prodigal:2.6,2801701,2801938
S1A_contig_017,CDS,5985,6417,-,432,PROKKA_02672,atpC,ATP synthase epsilon chain,BS:PROKKA_02672,,,ab initio prediction:Prodigal:2.6;similar to AA sequence:UniProtKB:Q9RGY0,2802121,2802553
S1A_contig_017,CDS,6431,7898,-,1467,PROKKA_02673,atpD,ATP synthase subunit beta,BS:PROKKA_02673,3.6.3.14,,ab initio prediction:Prodigal:2.6;similar to AA sequence:UniProtKB:Q5FKY0,2802567,2804034
S1A_contig_017,CDS,8211,9138,-,927,PROKKA_02674,atpG,ATP synthase gamma chain,BS:PROKKA_02674,,,ab initio prediction:Prodigal:2.6;similar to AA sequence:UniProtKB:Q9RGY2,2804347,2805274
S1A_contig_017,CDS,9149,10679,-,1530,PROKKA_02675,atpA,ATP synthase subunit alpha,BS:PROKKA_02675,3.6.3.14,,ab initio prediction:Prodigal:2.6;similar to AA sequence:UniProtKB:Q5FKY2,2805285,2806815
S1A_contig_017,CDS,10704,11250,-,546,PROKKA_02676,atpH,ATP synthase subunit delta,BS:PROKKA_02676,,,ab initio prediction:Prodigal:2.6;similar to AA sequence:UniProtKB:Q9RGY4,2806840,2807386
S1A_contig_017,CDS,11236,11725,-,489,PROKKA_02677,atpF,ATP synthase subunit b,BS:PROKKA_02677,,,ab initio prediction:Prodigal:2.6;similar to AA sequence:UniProtKB:Q9RGY5,2807372,2807861
S1A_contig_017,CDS,11759,11972,-,213,PROKKA_02678,atpE,ATP synthase subunit c,BS:PROKKA_02678,,,ab initio prediction:Prodigal:2.6;similar to AA sequence:UniProtKB:P00845,2807895,2808108
S1A_contig_017,CDS,11994,12705,-,711,PROKKA_02679,atpB,ATP synthase subunit a,BS:PROKKA_02679,,,ab initio prediction:Prodigal:2.6;similar to AA sequence:UniProtKB:P37813,2808130,2808841
S1A_contig_017,CDS,13007,13637,-,630,PROKKA_02680,upp,Uracil phosphoribosyltransferase,BS:PROKKA_02680,2.4.2.9,,ab initio prediction:Prodigal:2.6;similar to AA sequence:UniProtKB:P70881,2809143,2809773
S1A_contig_017,CDS,13797,15030,-,1233,PROKKA_02681,glyA,Serine hydroxymethyltransferase,BS:PROKKA_02681,2.1.2.1,,ab initio prediction:Prodigal:2.6;similar to AA sequence:UniProtKB:Q03A26,2809933,2811166
S1A_contig_017,CDS,15299,16301,-,1002,PROKKA_02682,ywlC,Threonylcarbamoyl-AMP synthase,BS:PROKKA_02682,2.7.7.87,,ab initio prediction:Prodigal:2.6;similar to AA sequence:UniProtKB:P39153,2811435,2812437
S1A_contig_017,CDS,16398,17229,-,831,PROKKA_02683,prmC,Release factor glutamine methyltransferase,BS:PROKKA_02683,2.1.1.-,,ab initio prediction:Prodigal:2.6;similar to AA sequence:UniProtKB:B0B9D1,2812534,2813365
S1A_contig_017,CDS,17221,18301,-,1080,PROKKA_02684,prfA,Peptide chain release factor 1,BS:PROKKA_02684,,,ab initio prediction:Prodigal:2.6;similar to AA sequence:UniProtKB:Q8DU64,2813357,2814437
S1A_contig_017,CDS,18398,18989,-,591,PROKKA_02685,tdk,Thymidine kinase,BS:PROKKA_02685,2.7.1.21,,ab initio prediction:Prodigal:2.6;similar to AA sequence:UniProtKB:Q81JX0,2814534,2815125
S1A_contig_017,CDS,19116,20469,+,1353,PROKKA_02686,,UDP-N-acetylmuramate--L-alanine ligase,BS:PROKKA_02686,,,ab initio prediction:Prodigal:2.6;protein motif:CLUSTERS:PRK00421,2815252,2816605
S1A_contig_017,CDS,20836,21844,-,1008,PROKKA_02687,pbpX_4,Putative penicillin-binding protein PbpX,BS:PROKKA_02687,,,ab initio prediction:Prodigal:2.6;similar to AA sequence:UniProtKB:O31773,2816972,2817980
S1A_contig_017,CDS,21882,22749,-,867,PROKKA_02688,catE,"Catechol-2,3-dioxygenase",BS:PROKKA_02688,1.13.11.2,,ab initio prediction:Prodigal:2.6;similar to AA sequence:UniProtKB:P54721,2818018,2818885
S1A_contig_017,CDS,23009,23768,+,759,PROKKA_02689,,NADPH-dependent FMN reductase,BS:PROKKA_02689,,,ab initio prediction:Prodigal:2.6;protein motif:Pfam:PF03358.9,2819145,2819904
S1A_contig_017,CDS,24171,26058,-,1887,PROKKA_02690,,putative ABC transporter ATP-binding protein,BS:PROKKA_02690,,,ab initio prediction:Prodigal:2.6;similar to AA sequence:UniProtKB:Q9WYC4,2820307,2822194
S1A_contig_017,CDS,26057,27788,-,1731,PROKKA_02691,lmrA_2,Multidrug resistance ABC transporter ATP-binding and permease protein,BS:PROKKA_02691,3.6.3.44,,ab initio prediction:Prodigal:2.6;similar to AA sequence:UniProtKB:Q9CHL8,2822193,2823924
S1A_contig_017,CDS,27844,28495,-,651,PROKKA_02692,,DNA-binding transcriptional repressor AcrR,BS:PROKKA_02692,,,ab initio prediction:Prodigal:2.6;protein motif:CLUSTERS:PRK10668,2823980,2824631
S1A_contig_017,CDS,28678,29401,-,723,PROKKA_02693,cobC_2,Alpha-ribazole phosphatase,BS:PROKKA_02693,3.1.3.73,,ab initio prediction:Prodigal:2.6;similar to AA sequence:UniProtKB:P39701,2824814,2825537
S1A_contig_017,CDS,29551,29887,+,336,PROKKA_02694,,hypothetical protein,BS:PROKKA_02694,,,ab initio prediction:Prodigal:2.6,2825687,2826023
S1A_contig_017,tRNA,30145,30219,-,74,PROKKA_02695,,tRNA-Gln,,,,COORDINATES: profile:Aragorn:1.2,2826281,2826355
S1A_contig_017,CDS,30344,31775,+,1431,PROKKA_02696,pepDA_3,Dipeptidase A,BS:PROKKA_02696,3.4.-.-,,ab initio prediction:Prodigal:2.6;similar to AA sequence:UniProtKB:Q48558,2826480,2827911
S1A_contig_017,CDS,31893,32496,+,603,PROKKA_02697,,hypothetical protein,BS:PROKKA_02697,,,ab initio prediction:Prodigal:2.6,2828029,2828632
S1A_contig_017,CDS,32700,33894,+,1194,PROKKA_02698,,putative transporter,BS:PROKKA_02698,,,ab initio prediction:Prodigal:2.6;protein motif:CLUSTERS:PRK10054,2828836,2830030
S1A_contig_017,CDS,34076,34223,-,147,PROKKA_02699,,hypothetical protein,BS:PROKKA_02699,,,ab initio prediction:Prodigal:2.6,2830212,2830359
S1A_contig_017,CDS,34423,34906,+,483,PROKKA_02700,,TspO/MBR family protein,BS:PROKKA_02700,,,ab initio prediction:Prodigal:2.6;protein motif:Pfam:PF03073.9,2830559,2831042
S1A_contig_017,tRNA,35576,35650,-,74,PROKKA_02701,,tRNA-Glu,,,,COORDINATES: profile:Aragorn:1.2,2831712,2831786
S1A_contig_017,CDS,35801,36269,-,468,PROKKA_02702,guaD,Guanine deaminase,BS:PROKKA_02702,3.5.4.3,,ab initio prediction:Prodigal:2.6;similar to AA sequence:UniProtKB:O34598,2831937,2832405
S1A_contig_017,CDS,36381,37299,-,918,PROKKA_02703,yceM,Putative oxidoreductase YceM,BS:PROKKA_02703,1.-.-.-,,ab initio prediction:Prodigal:2.6;similar to AA sequence:UniProtKB:P37168,2832517,2833435
S1A_contig_017,CDS,37685,38849,+,1164,PROKKA_02704,,hypothetical protein,BS:PROKKA_02704,,,ab initio prediction:Prodigal:2.6,2833821,2834985
S1A_contig_017,CDS,38984,39731,+,747,PROKKA_02705,yttA,putative membrane protein YttA,BS:PROKKA_02705,,,ab initio prediction:Prodigal:2.6;similar to AA sequence:UniProtKB:Q795Q5,2835120,2835867
S1A_contig_017,CDS,39727,40579,+,852,PROKKA_02706,endA_2,DNA-entry nuclease,BS:PROKKA_02706,3.1.30.-,,ab initio prediction:Prodigal:2.6;similar to AA sequence:UniProtKB:P0A3S3,2835863,2836715
S1A_contig_017,CDS,40659,41190,+,531,PROKKA_02707,,hypothetical protein,BS:PROKKA_02707,,,ab initio prediction:Prodigal:2.6,2836795,2837326
S1A_contig_017,CDS,41372,41660,+,288,PROKKA_02708,ycnE,Putative monooxygenase YcnE,BS:PROKKA_02708,1.-.-.-,,ab initio prediction:Prodigal:2.6;similar to AA sequence:UniProtKB:P94425,2837508,2837796
S1A_contig_017,CDS,41924,42068,+,144,PROKKA_02709,,hypothetical protein,BS:PROKKA_02709,,,ab initio prediction:Prodigal:2.6,2838060,2838204
S1A_contig_017,CDS,42320,42560,+,240,PROKKA_02710,,hypothetical protein,BS:PROKKA_02710,,,ab initio prediction:Prodigal:2.6,2838456,2838696
S1A_contig_017,CDS,42771,43209,+,438,PROKKA_02711,,hypothetical protein,BS:PROKKA_02711,,,ab initio prediction:Prodigal:2.6,2838907,2839345
S1A_contig_017,CDS,43230,44022,+,792,PROKKA_02712,,hypothetical protein,BS:PROKKA_02712,,,ab initio prediction:Prodigal:2.6,2839366,2840158
S1A_contig_017,CDS,44527,45712,-,1185,PROKKA_02713,,Glycosyl hydrolases family 25,BS:PROKKA_02713,,,ab initio prediction:Prodigal:2.6;protein motif:Pfam:PF01183.14,2840663,2841848
S1A_contig_017,CDS,45722,46169,-,447,PROKKA_02714,,Phage holin protein (Holin_LLH),BS:PROKKA_02714,,,ab initio prediction:Prodigal:2.6;protein motif:Pfam:PF09682.4,2841858,2842305
S1A_contig_018,CDS,866,995,-,129,PROKKA_02715,,hypothetical protein,BS:PROKKA_02715,,,ab initio prediction:Prodigal:2.6,2843247,2843376
S1A_contig_018,CDS,1369,1654,+,285,PROKKA_02716,,hypothetical protein,BS:PROKKA_02716,,,ab initio prediction:Prodigal:2.6,2843750,2844035
S1A_contig_018,CDS,2584,2839,-,255,PROKKA_02717,,hypothetical protein,BS:PROKKA_02717,,,ab initio prediction:Prodigal:2.6,2844965,2845220
S1A_contig_018,CDS,3109,3889,-,780,PROKKA_02718,ydjP,AB hydrolase superfamily protein YdjP,BS:PROKKA_02718,3.-.-.-,,ab initio prediction:Prodigal:2.6;similar to AA sequence:UniProtKB:O34592,2845490,2846270
S1A_contig_018,CDS,4443,5439,-,996,PROKKA_02719,rapL,L-lysine cyclodeaminase,BS:PROKKA_02719,4.3.1.28,,ab initio prediction:Prodigal:2.6;similar to AA sequence:UniProtKB:Q54304,2846824,2847820
S1A_contig_018,CDS,5478,6348,-,870,PROKKA_02720,,Sulfite exporter TauE/SafE,BS:PROKKA_02720,,,ab initio prediction:Prodigal:2.6;protein motif:Pfam:PF01925.13,2847859,2848729
S1A_contig_018,CDS,6340,7171,-,831,PROKKA_02721,,Sugar-specific transcriptional regulator TrmB,BS:PROKKA_02721,,,ab initio prediction:Prodigal:2.6;protein motif:Pfam:PF01978.13,2848721,2849552
S1A_contig_018,CDS,7457,8099,-,642,PROKKA_02722,,Zeta toxin,BS:PROKKA_02722,,,ab initio prediction:Prodigal:2.6;protein motif:Pfam:PF06414.6,2849838,2850480
S1A_contig_018,CDS,8211,9072,-,861,PROKKA_02723,iolJ_2,6-phospho-5-dehydro-2-deoxy-D-gluconate aldolase,BS:PROKKA_02723,4.1.2.29,,ab initio prediction:Prodigal:2.6;similar to AA sequence:UniProtKB:P42420,2850592,2851453
S1A_contig_018,CDS,9093,9516,-,423,PROKKA_02724,,hypothetical protein,BS:PROKKA_02724,,,ab initio prediction:Prodigal:2.6,2851474,2851897
S1A_contig_018,CDS,9532,10819,-,1287,PROKKA_02725,ulaA_3,Ascorbate-specific permease IIC component UlaA,BS:PROKKA_02725,,,ab initio prediction:Prodigal:2.6;similar to AA sequence:UniProtKB:P39301,2851913,2853200
S1A_contig_018,CDS,10960,11272,-,312,PROKKA_02726,ulaB,Ascorbate-specific phosphotransferase enzyme IIB component,BS:PROKKA_02726,2.7.1.69,,ab initio prediction:Prodigal:2.6;similar to AA sequence:UniProtKB:Q9EXD8,2853341,2853653
S1A_contig_018,CDS,11272,13369,-,2097,PROKKA_02727,ulaC_3,Ascorbate-specific phosphotransferase enzyme IIA component,BS:PROKKA_02727,2.7.1.-,,ab initio prediction:Prodigal:2.6;similar to AA sequence:UniProtKB:P69820,2853653,2855750
S1A_contig_018,CDS,13639,15166,-,1527,PROKKA_02728,ifcA,Fumarate reductase flavoprotein subunit precursor,BS:PROKKA_02728,1.3.5.4,,ab initio prediction:Prodigal:2.6;similar to AA sequence:UniProtKB:Q9Z4P0,2856020,2857547
S1A_contig_018,CDS,15616,16405,+,789,PROKKA_02729,,ABC-2 family transporter protein,BS:PROKKA_02729,,,ab initio prediction:Prodigal:2.6;protein motif:Pfam:PF12730.1,2857997,2858786
S1A_contig_018,CDS,16394,17075,+,681,PROKKA_02730,,hypothetical protein,BS:PROKKA_02730,,,ab initio prediction:Prodigal:2.6,2858775,2859456
S1A_contig_018,CDS,17071,17800,+,729,PROKKA_02731,,hypothetical protein,BS:PROKKA_02731,,,ab initio prediction:Prodigal:2.6,2859452,2860181
S1A_contig_018,CDS,17813,18449,+,636,PROKKA_02732,albC_2,Putative ABC transporter ATP-binding protein AlbC,BS:PROKKA_02732,,,ab initio prediction:Prodigal:2.6;similar to AA sequence:UniProtKB:P71009,2860194,2860830
S1A_contig_018,CDS,18438,18963,+,525,PROKKA_02733,,hypothetical protein,BS:PROKKA_02733,,,ab initio prediction:Prodigal:2.6,2860819,2861344
S1A_contig_018,CDS,18994,19384,+,390,PROKKA_02734,,hypothetical protein,BS:PROKKA_02734,,,ab initio prediction:Prodigal:2.6,2861375,2861765
S1A_contig_018,CDS,19466,20183,-,717,PROKKA_02735,,Rhomboid family protein,BS:PROKKA_02735,,,ab initio prediction:Prodigal:2.6;protein motif:Pfam:PF01694.16,2861847,2862564
S1A_contig_018,CDS,20216,20915,-,699,PROKKA_02736,,hypothetical protein,BS:PROKKA_02736,,,ab initio prediction:Prodigal:2.6,2862597,2863296
S1A_contig_018,CDS,21720,21936,-,216,PROKKA_02737,,hypothetical protein,BS:PROKKA_02737,,,ab initio prediction:Prodigal:2.6,2864101,2864317
S1A_contig_018,CDS,21948,22512,-,564,PROKKA_02738,,hypothetical protein,BS:PROKKA_02738,,,ab initio prediction:Prodigal:2.6,2864329,2864893
S1A_contig_018,CDS,22508,22943,-,435,PROKKA_02739,,transcriptional regulator SlyA,BS:PROKKA_02739,,,ab initio prediction:Prodigal:2.6;protein motif:CLUSTERS:PRK03573,2864889,2865324
S1A_contig_018,CDS,22923,24306,-,1383,PROKKA_02740,emrB_5,Multidrug export protein EmrB,BS:PROKKA_02740,,,ab initio prediction:Prodigal:2.6;similar to AA sequence:UniProtKB:P0AEJ0,2865304,2866687
S1A_contig_018,CDS,24480,26472,+,1992,PROKKA_02741,pbp,Beta-lactam-inducible penicillin-binding protein,BS:PROKKA_02741,,,ab initio prediction:Prodigal:2.6;similar to AA sequence:UniProtKB:P07944,2866861,2868853
S1A_contig_018,CDS,26508,26757,+,249,PROKKA_02742,relJ,Antitoxin RelJ,BS:PROKKA_02742,,,ab initio prediction:Prodigal:2.6;similar to AA sequence:UniProtKB:P65067,2868889,2869138
S1A_contig_018,CDS,26890,27820,-,930,PROKKA_02743,rbsK,Ribokinase,BS:PROKKA_02743,2.7.1.15,,ab initio prediction:Prodigal:2.6;similar to AA sequence:UniProtKB:P0A9J6,2869271,2870201
S1A_contig_018,CDS,27959,28919,-,960,PROKKA_02744,rbsB,D-ribose-binding periplasmic protein precursor,BS:PROKKA_02744,,,ab initio prediction:Prodigal:2.6;similar to AA sequence:UniProtKB:P44737,2870340,2871300
S1A_contig_018,CDS,28975,29956,-,981,PROKKA_02745,rbsC,Ribose transport system permease protein RbsC,BS:PROKKA_02745,,,ab initio prediction:Prodigal:2.6;similar to AA sequence:UniProtKB:P0AGI1,2871356,2872337
S1A_contig_018,CDS,29939,31442,-,1503,PROKKA_02746,rbsA,Ribose import ATP-binding protein RbsA,BS:PROKKA_02746,3.6.3.17,,ab initio prediction:Prodigal:2.6;similar to AA sequence:UniProtKB:P04983,2872320,2873823
S1A_contig_018,CDS,31510,31903,-,393,PROKKA_02747,rbsD,D-ribose pyranase,BS:PROKKA_02747,5.5.1.-,,ab initio prediction:Prodigal:2.6;similar to AA sequence:UniProtKB:Q2G1A5,2873891,2874284
S1A_contig_018,CDS,31962,32970,-,1008,PROKKA_02748,degA,HTH-type transcriptional regulator DegA,BS:PROKKA_02748,,,ab initio prediction:Prodigal:2.6;similar to AA sequence:UniProtKB:P37947,2874343,2875351
S1A_contig_018,CDS,33350,33599,-,249,PROKKA_02749,,hypothetical protein,BS:PROKKA_02749,,,ab initio prediction:Prodigal:2.6,2875731,2875980
S1A_contig_018,CDS,33903,35352,-,1449,PROKKA_02750,ycaM_3,Inner membrane transporter YcaM,BS:PROKKA_02750,,,ab initio prediction:Prodigal:2.6;similar to AA sequence:UniProtKB:P75835,2876284,2877733
S1A_contig_018,CDS,35736,36564,-,828,PROKKA_02751,thiD_2,Hydroxymethylpyrimidine/phosphomethylpyrimidine kinase,BS:PROKKA_02751,2.7.1.49,,ab initio prediction:Prodigal:2.6;similar to AA sequence:UniProtKB:O31620,2878117,2878945
S1A_contig_018,CDS,36553,37195,-,642,PROKKA_02752,thiE,Thiamine-phosphate synthase,BS:PROKKA_02752,2.5.1.3,,ab initio prediction:Prodigal:2.6;similar to AA sequence:UniProtKB:P71350,2878934,2879576
S1A_contig_018,CDS,37191,38034,-,843,PROKKA_02753,thiM,Hydroxyethylthiazole kinase,BS:PROKKA_02753,2.7.1.50,,ab initio prediction:Prodigal:2.6;similar to AA sequence:UniProtKB:Q830K4,2879572,2880415
S1A_contig_018,CDS,38046,38547,-,501,PROKKA_02754,,Thiamine-precursor transporter protein (ThiW),BS:PROKKA_02754,,,ab initio prediction:Prodigal:2.6;protein motif:Pfam:PF09512.4,2880427,2880928
S1A_contig_018,CDS,38527,39220,-,693,PROKKA_02755,tenA,Thiaminase-2,BS:PROKKA_02755,3.5.99.2,,ab initio prediction:Prodigal:2.6;similar to AA sequence:UniProtKB:P25052,2880908,2881601
S1A_contig_018,CDS,39307,39955,-,648,PROKKA_02756,,hypothetical protein,BS:PROKKA_02756,,,ab initio prediction:Prodigal:2.6,2881688,2882336
S1A_contig_018,CDS,39959,41303,-,1344,PROKKA_02757,ykoD_2,Putative HMP/thiamine import ATP-binding protein YkoD,BS:PROKKA_02757,3.6.3.-,,ab initio prediction:Prodigal:2.6;similar to AA sequence:UniProtKB:O34362,2882340,2883684
S1A_contig_018,CDS,41309,41876,-,567,PROKKA_02758,ykoE,Putative HMP/thiamine permease protein YkoE,BS:PROKKA_02758,,,ab initio prediction:Prodigal:2.6;similar to AA sequence:UniProtKB:O34738,2883690,2884257
S1A_contig_018,CDS,42145,42352,+,207,PROKKA_02759,,hypothetical protein,BS:PROKKA_02759,,,ab initio prediction:Prodigal:2.6,2884526,2884733
S1A_contig_019,CDS,171,516,-,345,PROKKA_02760,,hypothetical protein,BS:PROKKA_02760,,,ab initio prediction:Prodigal:2.6,2885097,2885442
S1A_contig_019,CDS,537,2580,-,2043,PROKKA_02761,pbpF_2,Penicillin-binding protein 1F,BS:PROKKA_02761,,,ab initio prediction:Prodigal:2.6;similar to AA sequence:UniProtKB:P38050,2885463,2887506
S1A_contig_019,CDS,2691,3525,+,834,PROKKA_02762,rluD_4,Ribosomal large subunit pseudouridine synthase D,BS:PROKKA_02762,5.4.99.23,,ab initio prediction:Prodigal:2.6;similar to AA sequence:UniProtKB:P33643,2887617,2888451
S1A_contig_019,CDS,3658,4114,-,456,PROKKA_02763,argR_2,Arginine repressor,BS:PROKKA_02763,,,ab initio prediction:Prodigal:2.6;similar to AA sequence:UniProtKB:O31408,2888584,2889040
S1A_contig_019,CDS,4284,5967,-,1683,PROKKA_02764,argS,Arginine--tRNA ligase,BS:PROKKA_02764,6.1.1.19,,ab initio prediction:Prodigal:2.6;similar to AA sequence:UniProtKB:Q54869,2889210,2890893
S1A_contig_019,tRNA,6187,6258,-,71,PROKKA_02765,,tRNA-Gly,,,,COORDINATES: profile:Aragorn:1.2,2891113,2891184
S1A_contig_019,CDS,6424,6811,+,387,PROKKA_02766,,hypothetical protein,BS:PROKKA_02766,,,ab initio prediction:Prodigal:2.6,2891350,2891737
S1A_contig_019,CDS,6824,7007,+,183,PROKKA_02767,,hypothetical protein,BS:PROKKA_02767,,,ab initio prediction:Prodigal:2.6,2891750,2891933
S1A_contig_019,CDS,7293,8232,+,939,PROKKA_02768,pyrDA,Dihydroorotate dehydrogenase A (fumarate),BS:PROKKA_02768,1.3.98.1,,ab initio prediction:Prodigal:2.6;similar to AA sequence:UniProtKB:A2RJT9,2892219,2893158
S1A_contig_019,CDS,8228,10043,+,1815,PROKKA_02769,,cytoplasmic glycerophosphodiester phosphodiesterase,BS:PROKKA_02769,,,ab initio prediction:Prodigal:2.6;protein motif:CLUSTERS:PRK09454,2893154,2894969
S1A_contig_019,CDS,10109,10796,-,687,PROKKA_02770,mecA,Adapter protein MecA 1,BS:PROKKA_02770,,,ab initio prediction:Prodigal:2.6;similar to AA sequence:UniProtKB:P37958,2895035,2895722
S1A_contig_019,CDS,11075,11474,-,399,PROKKA_02771,spxA_2,Regulatory protein Spx,BS:PROKKA_02771,,,ab initio prediction:Prodigal:2.6;similar to AA sequence:UniProtKB:O31602,2896001,2896400
S1A_contig_019,CDS,11726,12464,-,738,PROKKA_02772,,ribonuclease Z,BS:PROKKA_02772,,,ab initio prediction:Prodigal:2.6;protein motif:CLUSTERS:PRK00055,2896652,2897390
S1A_contig_019,CDS,12531,13038,+,507,PROKKA_02773,,hypothetical protein,BS:PROKKA_02773,,,ab initio prediction:Prodigal:2.6,2897457,2897964
S1A_contig_019,CDS,13191,15267,-,2076,PROKKA_02774,bceB_2,Bacitracin export permease protein BceB,BS:PROKKA_02774,,,ab initio prediction:Prodigal:2.6;similar to AA sequence:UniProtKB:O34741,2898117,2900193
S1A_contig_019,CDS,15250,16021,-,771,PROKKA_02775,bceA_3,Bacitracin export ATP-binding protein BceA,BS:PROKKA_02775,,,ab initio prediction:Prodigal:2.6;similar to AA sequence:UniProtKB:O34697,2900176,2900947
S1A_contig_019,CDS,16274,16949,+,675,PROKKA_02776,graR_2,Response regulator protein GraR,BS:PROKKA_02776,,,ab initio prediction:Prodigal:2.6;similar to AA sequence:UniProtKB:Q5HI09,2901200,2901875
S1A_contig_019,CDS,16960,18061,+,1101,PROKKA_02777,graS_2,Sensor histidine kinase GraS,BS:PROKKA_02777,2.7.13.3,,ab initio prediction:Prodigal:2.6;similar to AA sequence:UniProtKB:Q7A6Z3,2901886,2902987
S1A_contig_019,CDS,18209,18788,-,579,PROKKA_02778,,anaerobic ribonucleotide reductase-activating protein,BS:PROKKA_02778,,,ab initio prediction:Prodigal:2.6;protein motif:CLUSTERS:PRK11121,2903135,2903714
S1A_contig_019,CDS,18987,21234,-,2247,PROKKA_02779,copB,Copper-exporting P-type ATPase B,BS:PROKKA_02779,3.6.3.54,,ab initio prediction:Prodigal:2.6;similar to AA sequence:UniProtKB:P05425,2903913,2906160
S1A_contig_019,CDS,21226,21667,-,441,PROKKA_02780,copY,Transcriptional repressor CopY,BS:PROKKA_02780,,,ab initio prediction:Prodigal:2.6;similar to AA sequence:UniProtKB:Q47839,2906152,2906593
S1A_contig_019,CDS,21804,23043,-,1239,PROKKA_02781,purD,Phosphoribosylamine--glycine ligase,BS:PROKKA_02781,6.3.4.13,,ab initio prediction:Prodigal:2.6;similar to AA sequence:UniProtKB:P65896,2906730,2907969
S1A_contig_019,CDS,23251,24775,-,1524,PROKKA_02782,purH,Bifunctional purine biosynthesis protein PurH,BS:PROKKA_02782,,,ab initio prediction:Prodigal:2.6;similar to AA sequence:UniProtKB:P67544,2908177,2909701
S1A_contig_019,CDS,24775,25345,-,570,PROKKA_02783,purN,Phosphoribosylglycinamide formyltransferase,BS:PROKKA_02783,2.1.2.2,,ab initio prediction:Prodigal:2.6;similar to AA sequence:UniProtKB:P99162,2909701,2910271
S1A_contig_019,CDS,25341,26352,-,1011,PROKKA_02784,purM,Phosphoribosylformylglycinamidine cyclo-ligase,BS:PROKKA_02784,6.3.3.1,,ab initio prediction:Prodigal:2.6;similar to AA sequence:UniProtKB:P08178,2910267,2911278
S1A_contig_019,CDS,26348,27803,-,1455,PROKKA_02785,purF,Amidophosphoribosyltransferase precursor,BS:PROKKA_02785,2.4.2.14,,ab initio prediction:Prodigal:2.6;similar to AA sequence:UniProtKB:P99164,2911274,2912729
S1A_contig_019,CDS,27778,29995,-,2217,PROKKA_02786,purL,Phosphoribosylformylglycinamidine synthase 2,BS:PROKKA_02786,6.3.5.3,,ab initio prediction:Prodigal:2.6;similar to AA sequence:UniProtKB:P65901,2912704,2914921
S1A_contig_019,CDS,29981,30668,-,687,PROKKA_02787,purQ,Phosphoribosylformylglycinamidine synthase 1,BS:PROKKA_02787,6.3.5.3,,ab initio prediction:Prodigal:2.6;similar to AA sequence:UniProtKB:P99166,2914907,2915594
S1A_contig_019,CDS,30664,30925,-,261,PROKKA_02788,,phosphoribosylformylglycinamidine synthase subunit PurS,BS:PROKKA_02788,,,ab initio prediction:Prodigal:2.6;protein motif:CLUSTERS:PRK05974,2915590,2915851
S1A_contig_019,CDS,30917,31646,-,729,PROKKA_02789,purC,Phosphoribosylaminoimidazole-succinocarboxamide synthase,BS:PROKKA_02789,6.3.2.6,,ab initio prediction:Prodigal:2.6;similar to AA sequence:UniProtKB:P12046,2915843,2916572
S1A_contig_019,CDS,31639,32755,-,1116,PROKKA_02790,purK_2,N5-carboxyaminoimidazole ribonucleotide synthase,BS:PROKKA_02790,6.3.4.18,,ab initio prediction:Prodigal:2.6;similar to AA sequence:UniProtKB:Q7A695,2916565,2917681
S1A_contig_019,CDS,32751,33237,-,486,PROKKA_02791,purE,N5-carboxyaminoimidazole ribonucleotide mutase,BS:PROKKA_02791,5.4.99.18,,ab initio prediction:Prodigal:2.6;similar to AA sequence:UniProtKB:Q9WYS7,2917677,2918163
S1A_contig_019,CDS,33521,34127,-,606,PROKKA_02792,thiT,Thiamine transporter ThiT,BS:PROKKA_02792,,,ab initio prediction:Prodigal:2.6;similar to AA sequence:UniProtKB:Q037U3,2918447,2919053
S1A_contig_019,CDS,34348,35761,-,1413,PROKKA_02793,iolT_2,Major myo-inositol transporter IolT,BS:PROKKA_02793,,,ab initio prediction:Prodigal:2.6;similar to AA sequence:UniProtKB:O34718,2919274,2920687
S1A_contig_019,CDS,36059,37787,-,1728,PROKKA_02794,ptsI,Phosphoenolpyruvate-protein phosphotransferase,BS:PROKKA_02794,2.7.3.9,,ab initio prediction:Prodigal:2.6;similar to AA sequence:UniProtKB:P23530,2920985,2922713
S1A_contig_019,CDS,37786,38053,-,267,PROKKA_02795,ptsH,Phosphocarrier protein HPr,BS:PROKKA_02795,2.7.11.-,,ab initio prediction:Prodigal:2.6;similar to AA sequence:UniProtKB:Q9KJV3,2922712,2922979
S1A_contig_019,CDS,38196,38388,-,192,PROKKA_02796,,hypothetical protein,BS:PROKKA_02796,,,ab initio prediction:Prodigal:2.6,2923122,2923314
S1A_contig_019,CDS,38736,40833,+,2097,PROKKA_02797,clpE,ATP-dependent Clp protease ATP-binding subunit ClpE,BS:PROKKA_02797,,,ab initio prediction:Prodigal:2.6;similar to AA sequence:UniProtKB:Q9S5Z2,2923662,2925759
S1A_contig_019,CDS,40953,41247,+,294,PROKKA_02798,,hypothetical protein,BS:PROKKA_02798,,,ab initio prediction:Prodigal:2.6,2925879,2926173
S1A_contig_020,CDS,152,2288,+,2136,PROKKA_02799,,hypothetical protein,BS:PROKKA_02799,,,ab initio prediction:Prodigal:2.6,2926513,2928649
S1A_contig_020,CDS,2334,3141,+,807,PROKKA_02800,,hypothetical protein,BS:PROKKA_02800,,,ab initio prediction:Prodigal:2.6,2928695,2929502
S1A_contig_020,CDS,3201,3822,+,621,PROKKA_02801,,Hydantoinase/oxoprolinase,BS:PROKKA_02801,,,ab initio prediction:Prodigal:2.6;protein motif:Pfam:PF01968.12,2929562,2930183
S1A_contig_020,CDS,4144,4957,+,813,PROKKA_02802,frlD,Fructosamine kinase FrlD,BS:PROKKA_02802,2.7.1.-,,ab initio prediction:Prodigal:2.6;similar to AA sequence:UniProtKB:O32153,2930505,2931318
S1A_contig_020,CDS,5643,6249,-,606,PROKKA_02803,,hypothetical protein,BS:PROKKA_02803,,,ab initio prediction:Prodigal:2.6,2932004,2932610
S1A_contig_020,CDS,6674,7265,+,591,PROKKA_02804,,hypothetical protein,BS:PROKKA_02804,,,ab initio prediction:Prodigal:2.6,2933035,2933626
S1A_contig_020,CDS,7305,9888,+,2583,PROKKA_02805,recD2_2,ATP-dependent RecD-like DNA helicase,BS:PROKKA_02805,3.6.4.12,,ab initio prediction:Prodigal:2.6;similar to AA sequence:UniProtKB:Q9RT63,2933666,2936249
S1A_contig_020,CDS,10234,10981,-,747,PROKKA_02806,,hypothetical protein,BS:PROKKA_02806,,,ab initio prediction:Prodigal:2.6,2936595,2937342
S1A_contig_020,CDS,11258,12002,-,744,PROKKA_02807,,hypothetical protein,BS:PROKKA_02807,,,ab initio prediction:Prodigal:2.6;protein motif:CLUSTERS:PRK02101,2937619,2938363
S1A_contig_020,CDS,12064,14287,-,2223,PROKKA_02808,rafA_2,Alpha-galactosidase,BS:PROKKA_02808,3.2.1.22,,ab initio prediction:Prodigal:2.6;similar to AA sequence:UniProtKB:P16551,2938425,2940648
S1A_contig_020,CDS,15151,16576,+,1425,PROKKA_02809,gmuC_4,Oligo-beta-mannoside permease IIC component,BS:PROKKA_02809,,,ab initio prediction:Prodigal:2.6;similar to AA sequence:UniProtKB:O05507,2941512,2942937
S1A_contig_020,CDS,16572,16779,+,207,PROKKA_02810,,hypothetical protein,BS:PROKKA_02810,,,ab initio prediction:Prodigal:2.6,2942933,2943140
S1A_contig_020,CDS,16750,17161,+,411,PROKKA_02811,,hypothetical protein,BS:PROKKA_02811,,,ab initio prediction:Prodigal:2.6,2943111,2943522
S1A_contig_020,CDS,17270,18371,+,1101,PROKKA_02812,,hypothetical protein,BS:PROKKA_02812,,,ab initio prediction:Prodigal:2.6,2943631,2944732
S1A_contig_020,CDS,18427,18763,+,336,PROKKA_02813,licA_6,Lichenan-specific phosphotransferase enzyme IIA component,BS:PROKKA_02813,2.7.1.-,,ab initio prediction:Prodigal:2.6;similar to AA sequence:UniProtKB:P46319,2944788,2945124
S1A_contig_020,CDS,19014,19581,-,567,PROKKA_02814,,hypothetical protein,BS:PROKKA_02814,,,ab initio prediction:Prodigal:2.6,2945375,2945942
S1A_contig_020,CDS,20051,20834,+,783,PROKKA_02815,lutA,Lactate utilization protein A,BS:PROKKA_02815,,,ab initio prediction:Prodigal:2.6;similar to AA sequence:UniProtKB:O07020,2946412,2947195
S1A_contig_020,CDS,20830,22315,+,1485,PROKKA_02816,lutB,Lactate utilization protein B,BS:PROKKA_02816,,,ab initio prediction:Prodigal:2.6;similar to AA sequence:UniProtKB:O07021,2947191,2948676
S1A_contig_020,CDS,22307,23015,+,708,PROKKA_02817,lutC,Lactate utilization protein C,BS:PROKKA_02817,,,ab initio prediction:Prodigal:2.6;similar to AA sequence:UniProtKB:O32259,2948668,2949376
S1A_contig_021,CDS,12,630,+,618,PROKKA_02818,,Pesticidal crystal protein cry22Aa,BS:PROKKA_02818,,,ab initio prediction:Prodigal:2.6;similar to AA sequence:UniProtKB:P56957,2949581,2950199
S1A_contig_021,CDS,2059,2236,+,177,PROKKA_02819,,hypothetical protein,BS:PROKKA_02819,,,ab initio prediction:Prodigal:2.6,2951628,2951805
S1A_contig_021,CDS,2241,2640,-,399,PROKKA_02820,,Pyridoxamine 5'-phosphate oxidase,BS:PROKKA_02820,,,ab initio prediction:Prodigal:2.6;protein motif:Pfam:PF01243.14,2951810,2952209
S1A_contig_021,CDS,2752,3124,-,372,PROKKA_02821,,Pyrimidine dimer DNA glycosylase,BS:PROKKA_02821,,,ab initio prediction:Prodigal:2.6;protein motif:Pfam:PF03013.8,2952321,2952693
S1A_contig_021,CDS,5050,5980,+,930,PROKKA_02822,,hypothetical protein,BS:PROKKA_02822,,,ab initio prediction:Prodigal:2.6,2954619,2955549
S1A_contig_021,CDS,6076,6787,-,711,PROKKA_02823,,hypothetical protein,BS:PROKKA_02823,,,ab initio prediction:Prodigal:2.6,2955645,2956356
S1A_contig_021,CDS,6870,7854,-,984,PROKKA_02824,lacR_3,HTH-type transcriptional regulator LacR,BS:PROKKA_02824,,,ab initio prediction:Prodigal:2.6;similar to AA sequence:UniProtKB:Q7WTB0,2956439,2957423
S1A_contig_021,CDS,8212,9037,+,825,PROKKA_02825,agaC_5,N-acetylgalactosamine permease IIC component 1,BS:PROKKA_02825,,,ab initio prediction:Prodigal:2.6;similar to AA sequence:UniProtKB:P42910,2957781,2958606
S1A_contig_021,CDS,9023,9860,+,837,PROKKA_02826,manZ_10,Mannose permease IID component,BS:PROKKA_02826,,,ab initio prediction:Prodigal:2.6;similar to AA sequence:UniProtKB:P69805,2958592,2959429
S1A_contig_021,CDS,9884,11372,+,1488,PROKKA_02827,,Arylsulfatase,BS:PROKKA_02827,3.1.6.1,,ab initio prediction:Prodigal:2.6;similar to AA sequence:UniProtKB:Q0TUK6,2959453,2960941
S1A_contig_021,CDS,11397,12216,+,819,PROKKA_02828,pkn1,Serine/threonine-protein kinase pkn1,BS:PROKKA_02828,2.7.11.1,,ab initio prediction:Prodigal:2.6;similar to AA sequence:UniProtKB:O84147,2960966,2961785
S1A_contig_021,CDS,12218,12998,+,780,PROKKA_02829,,Sulfite exporter TauE/SafE,BS:PROKKA_02829,,,ab initio prediction:Prodigal:2.6;protein motif:Pfam:PF01925.13,2961787,2962567
S1A_contig_021,CDS,13010,14135,+,1125,PROKKA_02830,,Anaerobic sulfatase-maturating enzyme,BS:PROKKA_02830,1.8.98.-,,ab initio prediction:Prodigal:2.6;similar to AA sequence:UniProtKB:Q0TTH1,2962579,2963704
S1A_contig_021,CDS,14482,15418,+,936,PROKKA_02831,rihC,Non-specific ribonucleoside hydrolase RihC,BS:PROKKA_02831,3.2.-.-,,ab initio prediction:Prodigal:2.6;similar to AA sequence:UniProtKB:P22564,2964051,2964987
S1A_contig_021,CDS,15429,16824,+,1395,PROKKA_02832,dcuD,Putative cryptic C4-dicarboxylate transporter DcuD,BS:PROKKA_02832,,,ab initio prediction:Prodigal:2.6;similar to AA sequence:UniProtKB:P45428,2964998,2966393
S1A_contig_021,CDS,16839,17337,+,498,PROKKA_02833,,Acetyltransferase (GNAT) family protein,BS:PROKKA_02833,,,ab initio prediction:Prodigal:2.6;protein motif:Pfam:PF00583.18,2966408,2966906
S1A_contig_021,CDS,17379,18120,+,741,PROKKA_02834,mngR,Mannosyl-D-glycerate transport/metabolism system repressor MngR,BS:PROKKA_02834,,,ab initio prediction:Prodigal:2.6;similar to AA sequence:UniProtKB:P13669,2966948,2967689
S1A_contig_021,CDS,18264,19062,-,798,PROKKA_02835,fbpC,Diacylglycerol acyltransferase/mycolyltransferase Ag85C precursor,BS:PROKKA_02835,2.3.1.122,,ab initio prediction:Prodigal:2.6;similar to AA sequence:UniProtKB:P0A4V4,2967833,2968631
S1A_contig_021,CDS,19072,19915,-,843,PROKKA_02836,manZ_11,Mannose permease IID component,BS:PROKKA_02836,,,ab initio prediction:Prodigal:2.6;similar to AA sequence:UniProtKB:P69805,2968641,2969484
S1A_contig_021,CDS,19918,20686,-,768,PROKKA_02837,agaC_6,N-acetylgalactosamine permease IIC component 1,BS:PROKKA_02837,,,ab initio prediction:Prodigal:2.6;similar to AA sequence:UniProtKB:P42910,2969487,2970255
S1A_contig_021,CDS,20711,21221,-,510,PROKKA_02838,manX_9,PTS system mannose-specific EIIAB component,BS:PROKKA_02838,,,ab initio prediction:Prodigal:2.6;similar to AA sequence:UniProtKB:Q5XAF5,2970280,2970790
S1A_contig_021,CDS,21248,21656,-,408,PROKKA_02839,manX_10,PTS system mannose-specific EIIAB component,BS:PROKKA_02839,,,ab initio prediction:Prodigal:2.6;similar to AA sequence:UniProtKB:P69797,2970817,2971225
S1A_contig_022,CDS,156,969,+,813,PROKKA_02840,,hypothetical protein,BS:PROKKA_02840,,,ab initio prediction:Prodigal:2.6,2971631,2972444
S1A_contig_022,CDS,1111,1960,+,849,PROKKA_02841,,homoserine kinase,BS:PROKKA_02841,,,ab initio prediction:Prodigal:2.6;protein motif:CLUSTERS:PRK05231,2972586,2973435
S1A_contig_022,CDS,2178,3024,-,846,PROKKA_02842,,hypothetical protein,BS:PROKKA_02842,,,ab initio prediction:Prodigal:2.6,2973653,2974499
S1A_contig_022,CDS,3252,4002,+,750,PROKKA_02843,,hypothetical protein,BS:PROKKA_02843,,,ab initio prediction:Prodigal:2.6,2974727,2975477
S1A_contig_022,CDS,4583,4841,-,258,PROKKA_02844,yoeB,Toxin YoeB,BS:PROKKA_02844,3.1.-.-,,ab initio prediction:Prodigal:2.6;similar to AA sequence:UniProtKB:P69348,2976058,2976316
S1A_contig_022,CDS,4833,5106,-,273,PROKKA_02845,yefM,Antitoxin YefM,BS:PROKKA_02845,,,ab initio prediction:Prodigal:2.6;similar to AA sequence:UniProtKB:P69346,2976308,2976581
S1A_contig_022,CDS,5386,6037,+,651,PROKKA_02846,bin3,Putative transposon Tn552 DNA-invertase bin3,BS:PROKKA_02846,,,ab initio prediction:Prodigal:2.6;similar to AA sequence:UniProtKB:P20384,2976861,2977512
S1A_contig_022,CDS,6042,6327,+,285,PROKKA_02847,ligA_2,DNA ligase,BS:PROKKA_02847,6.5.1.2,,ab initio prediction:Prodigal:2.6;protein motif:HAMAP:MF_01588,2977517,2977802
S1A_contig_022,CDS,6356,6866,+,510,PROKKA_02848,,hypothetical protein,BS:PROKKA_02848,,,ab initio prediction:Prodigal:2.6,2977831,2978341
S1A_contig_022,CDS,7403,7802,+,399,PROKKA_02849,,Pyridoxamine 5'-phosphate oxidase,BS:PROKKA_02849,,,ab initio prediction:Prodigal:2.6;protein motif:Pfam:PF01243.14,2978878,2979277
S1A_contig_022,CDS,8135,9518,-,1383,PROKKA_02850,ltrA,Group II intron-encoded protein LtrA,BS:PROKKA_02850,,,ab initio prediction:Prodigal:2.6;similar to AA sequence:UniProtKB:P0A3U1,2979610,2980993
S1A_contig_022,CDS,10070,16256,-,6186,PROKKA_02851,cna,Collagen adhesin precursor,BS:PROKKA_02851,,,ab initio prediction:Prodigal:2.6;similar to AA sequence:UniProtKB:Q53654,2981545,2987731
S1A_contig_023,CDS,805,3001,+,2196,PROKKA_02852,bglX,Periplasmic beta-glucosidase precursor,BS:PROKKA_02852,3.2.1.21,,ab initio prediction:Prodigal:2.6;similar to AA sequence:UniProtKB:P33363,2991991,2994187
S1A_contig_023,CDS,2981,6104,+,3123,PROKKA_02853,,hypothetical protein,BS:PROKKA_02853,,,ab initio prediction:Prodigal:2.6,2994167,2997290
S1A_contig_023,CDS,6231,7473,+,1242,PROKKA_02854,cycB,Cyclodextrin-binding protein precursor,BS:PROKKA_02854,,,ab initio prediction:Prodigal:2.6;similar to AA sequence:UniProtKB:O07009,2997417,2998659
S1A_contig_023,CDS,7537,8428,+,891,PROKKA_02855,lacF_3,Lactose transport system permease protein LacF,BS:PROKKA_02855,,,ab initio prediction:Prodigal:2.6;similar to AA sequence:UniProtKB:P29823,2998723,2999614
S1A_contig_023,CDS,8440,9283,+,843,PROKKA_02856,araQ_3,L-arabinose transport system permease protein AraQ,BS:PROKKA_02856,,,ab initio prediction:Prodigal:2.6;similar to AA sequence:UniProtKB:P94530,2999626,3000469
S1A_contig_023,CDS,9315,10293,+,978,PROKKA_02857,ccpA_3,Catabolite control protein A,BS:PROKKA_02857,,,ab initio prediction:Prodigal:2.6;similar to AA sequence:UniProtKB:P46828,3000501,3001479
S1A_contig_023,CDS,10292,11036,+,744,PROKKA_02858,,Putative esterase,BS:PROKKA_02858,,,ab initio prediction:Prodigal:2.6;protein motif:Pfam:PF00756.14,3001478,3002222
S1A_contig_023,CDS,11194,12328,+,1134,PROKKA_02859,sugC_3,Trehalose import ATP-binding protein SugC,BS:PROKKA_02859,3.6.3.-,,ab initio prediction:Prodigal:2.6;similar to AA sequence:UniProtKB:O50454,3002380,3003514
S1A_contig_023,CDS,13233,15039,-,1806,PROKKA_02860,,hypothetical protein,BS:PROKKA_02860,,,ab initio prediction:Prodigal:2.6,3004419,3006225
S1A_contig_023,CDS,15050,16136,-,1086,PROKKA_02861,,hypothetical protein,BS:PROKKA_02861,,,ab initio prediction:Prodigal:2.6,3006236,3007322
S1A_contig_023,CDS,16155,16734,-,579,PROKKA_02862,,hypothetical protein,BS:PROKKA_02862,,,ab initio prediction:Prodigal:2.6,3007341,3007920
S1A_contig_023,CDS,17758,18712,-,954,PROKKA_02863,,Helix-turn-helix domain protein,BS:PROKKA_02863,,,ab initio prediction:Prodigal:2.6;protein motif:Pfam:PF12844.1,3008944,3009898
S1A_contig_023,CDS,18804,19275,+,471,PROKKA_02864,,hypothetical protein,BS:PROKKA_02864,,,ab initio prediction:Prodigal:2.6,3009990,3010461
S1A_contig_024,CDS,376,817,-,441,PROKKA_02865,perR,Peroxide operon regulator,BS:PROKKA_02865,,,ab initio prediction:Prodigal:2.6;similar to AA sequence:UniProtKB:P71086,3010887,3011328
S1A_contig_024,CDS,1009,3103,-,2094,PROKKA_02866,ltaS1_2,Lipoteichoic acid synthase 1,BS:PROKKA_02866,,,ab initio prediction:Prodigal:2.6;similar to AA sequence:UniProtKB:Q797B3,3011520,3013614
S1A_contig_024,CDS,3333,3612,-,279,PROKKA_02867,,hypothetical protein,BS:PROKKA_02867,,,ab initio prediction:Prodigal:2.6,3013844,3014123
S1A_contig_024,CDS,3857,5033,+,1176,PROKKA_02868,patA_3,Putative N-acetyl-LL-diaminopimelate aminotransferase,BS:PROKKA_02868,2.6.1.-,,ab initio prediction:Prodigal:2.6;similar to AA sequence:UniProtKB:P16524,3014368,3015544
S1A_contig_024,CDS,5118,5472,-,354,PROKKA_02869,,hypothetical protein,BS:PROKKA_02869,,,ab initio prediction:Prodigal:2.6,3015629,3015983
S1A_contig_024,CDS,5507,6521,-,1014,PROKKA_02870,,hypothetical protein,BS:PROKKA_02870,,,ab initio prediction:Prodigal:2.6,3016018,3017032
S1A_contig_024,CDS,6533,7562,-,1029,PROKKA_02871,cpoA,Alpha-galactosylglucosyldiacylglycerol synthase,BS:PROKKA_02871,2.4.1.-,,ab initio prediction:Prodigal:2.6;similar to AA sequence:UniProtKB:Q8DPV9,3017044,3018073
S1A_contig_024,CDS,7564,8773,-,1209,PROKKA_02872,mgs,Alpha-monoglucosyldiacylglycerol synthase,BS:PROKKA_02872,2.4.1.-,,ab initio prediction:Prodigal:2.6;similar to AA sequence:UniProtKB:Q93P60,3018075,3019284
S1A_contig_024,CDS,9059,10778,-,1719,PROKKA_02873,yveA,Aspartate-proton symporter,BS:PROKKA_02873,,,ab initio prediction:Prodigal:2.6;similar to AA sequence:UniProtKB:O07002,3019570,3021289
S1A_contig_024,CDS,11155,11704,+,549,PROKKA_02874,,RNA polymerase factor sigma-70,BS:PROKKA_02874,,,ab initio prediction:Prodigal:2.6;protein motif:CLUSTERS:PRK08295,3021666,3022215
S1A_contig_024,tRNA,11975,12062,-,87,PROKKA_02875,,tRNA-Leu,,,,COORDINATES: profile:Aragorn:1.2,3022486,3022573
S1A_contig_024,tRNA,12107,12178,-,71,PROKKA_02876,,tRNA-Cys,,,,COORDINATES: profile:Aragorn:1.2,3022618,3022689
S1A_contig_024,tRNA,12220,12292,-,72,PROKKA_02877,,tRNA-Gln,,,,COORDINATES: profile:Aragorn:1.2,3022731,3022803
S1A_contig_024,tRNA,12299,12373,-,74,PROKKA_02878,,tRNA-His,,,,COORDINATES: profile:Aragorn:1.2,3022810,3022884
S1A_contig_024,tRNA,12383,12455,-,72,PROKKA_02879,,tRNA-Trp,,,,COORDINATES: profile:Aragorn:1.2,3022894,3022966
S1A_contig_024,tRNA,12460,12543,-,83,PROKKA_02880,,tRNA-Tyr,,,,COORDINATES: profile:Aragorn:1.2,3022971,3023054
S1A_contig_024,tRNA,12546,12619,-,73,PROKKA_02881,,tRNA-Phe,,,,COORDINATES: profile:Aragorn:1.2,3023057,3023130
S1A_contig_024,tRNA,12660,12737,-,77,PROKKA_02882,,tRNA-Asp,,,,COORDINATES: profile:Aragorn:1.2,3023171,3023248
S1A_contig_024,tRNA,12742,12818,-,76,PROKKA_02883,,tRNA-Met,,,,COORDINATES: profile:Aragorn:1.2,3023253,3023329
S1A_contig_024,tRNA,12827,12919,-,92,PROKKA_02884,,tRNA-Ser,,,,COORDINATES: profile:Aragorn:1.2,3023338,3023430
S1A_contig_024,tRNA,12927,13001,-,74,PROKKA_02885,,tRNA-Glu,,,,COORDINATES: profile:Aragorn:1.2,3023438,3023512
S1A_contig_024,tRNA,13003,13093,-,90,PROKKA_02886,,tRNA-Ser,,,,COORDINATES: profile:Aragorn:1.2,3023514,3023604
S1A_contig_024,tRNA,13120,13196,-,76,PROKKA_02887,,tRNA-Ile,,,,COORDINATES: profile:Aragorn:1.2,3023631,3023707
S1A_contig_024,tRNA,13209,13280,-,71,PROKKA_02888,,tRNA-Gly,,,,COORDINATES: profile:Aragorn:1.2,3023720,3023791
S1A_contig_024,tRNA,13299,13372,-,73,PROKKA_02889,,tRNA-Phe,,,,COORDINATES: profile:Aragorn:1.2,3023810,3023883
S1A_contig_024,tRNA,13376,13452,-,76,PROKKA_02890,,tRNA-Asp,,,,COORDINATES: profile:Aragorn:1.2,3023887,3023963
S1A_contig_024,tRNA,13457,13533,-,76,PROKKA_02891,,tRNA-Met,,,,COORDINATES: profile:Aragorn:1.2,3023968,3024044
S1A_contig_024,tRNA,13578,13655,-,77,PROKKA_02892,,tRNA-Met,,,,COORDINATES: profile:Aragorn:1.2,3024089,3024166
S1A_contig_024,tRNA,13661,13737,-,76,PROKKA_02893,,tRNA-Met,,,,COORDINATES: profile:Aragorn:1.2,3024172,3024248
S1A_contig_024,tRNA,13761,13837,-,76,PROKKA_02894,,tRNA-Pro,,,,COORDINATES: profile:Aragorn:1.2,3024272,3024348
S1A_contig_024,tRNA,13839,13915,-,76,PROKKA_02895,,tRNA-Arg,,,,COORDINATES: profile:Aragorn:1.2,3024350,3024426
S1A_contig_024,tRNA,13974,14046,-,72,PROKKA_02896,,tRNA-Gly,,,,COORDINATES: profile:Aragorn:1.2,3024485,3024557
S1A_contig_025,CDS,157,592,+,435,PROKKA_02897,,Integrase core domain protein,BS:PROKKA_02897,,,ab initio prediction:Prodigal:2.6;protein motif:Pfam:PF00665.20,3024716,3025151
S1A_contig_025,CDS,920,2477,-,1557,PROKKA_02898,,Integrase core domain protein,BS:PROKKA_02898,,,ab initio prediction:Prodigal:2.6;protein motif:Pfam:PF00665.20,3025479,3027036
S1A_contig_025,CDS,3038,4958,-,1920,PROKKA_02899,ybbD,putative lipoprotein YbbD precursor,BS:PROKKA_02899,,,ab initio prediction:Prodigal:2.6;similar to AA sequence:UniProtKB:P40406,3027597,3029517
S1A_contig_025,CDS,5888,7367,-,1479,PROKKA_02900,,hypothetical protein,BS:PROKKA_02900,,,ab initio prediction:Prodigal:2.6;protein motif:Pfam:PF08708.5,3030447,3031926
S1A_contig_025,CDS,7979,8879,+,900,PROKKA_02901,parA,Chromosome partitioning protein ParA,BS:PROKKA_02901,,,ab initio prediction:Prodigal:2.6;similar to AA sequence:UniProtKB:B8GW31,3032538,3033438
S1A_contig_025,CDS,8871,9207,+,336,PROKKA_02902,,hypothetical protein,BS:PROKKA_02902,,,ab initio prediction:Prodigal:2.6,3033430,3033766
S1A_contig_026,CDS,1188,1356,-,168,PROKKA_02903,,hypothetical protein,BS:PROKKA_02903,,,ab initio prediction:Prodigal:2.6,3035083,3035251
S1A_contig_026,CDS,1956,2352,+,396,PROKKA_02904,,hypothetical protein,BS:PROKKA_02904,,,ab initio prediction:Prodigal:2.6,3035851,3036247
S1A_contig_027,CDS,223,790,-,567,PROKKA_02905,pinR_2,Putative DNA-invertase from lambdoid prophage Rac,BS:PROKKA_02905,,,ab initio prediction:Prodigal:2.6;similar to AA sequence:UniProtKB:P0ADI0,3037166,3037733
S1A_contig_027,CDS,1206,1458,-,252,PROKKA_02906,,hypothetical protein,BS:PROKKA_02906,,,ab initio prediction:Prodigal:2.6,3038149,3038401
S1A_contig_027,CDS,1535,1766,-,231,PROKKA_02907,,hypothetical protein,BS:PROKKA_02907,,,ab initio prediction:Prodigal:2.6,3038478,3038709
S1A_contig_027,CDS,1795,2044,-,249,PROKKA_02908,,hypothetical protein,BS:PROKKA_02908,,,ab initio prediction:Prodigal:2.6,3038738,3038987
S1A_contig_027,CDS,2049,2250,-,201,PROKKA_02909,,hypothetical protein,BS:PROKKA_02909,,,ab initio prediction:Prodigal:2.6,3038992,3039193
S1A_contig_028,CDS,124,952,+,828,PROKKA_02910,,Integrase core domain protein,BS:PROKKA_02910,,,ab initio prediction:Prodigal:2.6;protein motif:Pfam:PF00665.20,3040043,3040871
S1A_contig_029,CDS,59,191,-,132,PROKKA_02911,,hypothetical protein,BS:PROKKA_02911,,,ab initio prediction:Prodigal:2.6,3042822,3042954
S1A_contig_029,CDS,183,474,-,291,PROKKA_02912,,hypothetical protein,BS:PROKKA_02912,,,ab initio prediction:Prodigal:2.6,3042946,3043237
S1A_contig_029,CDS,475,2482,-,2007,PROKKA_02913,,hypothetical protein,BS:PROKKA_02913,,,ab initio prediction:Prodigal:2.6,3043238,3045245
S1A_contig_030,CDS,15,609,+,594,PROKKA_02914,,Type I restriction modification DNA specificity domain protein,BS:PROKKA_02914,,,ab initio prediction:Prodigal:2.6;protein motif:Pfam:PF01420.13,3045334,3045928
S1A_contig_030,CDS,687,1614,+,927,PROKKA_02915,Int-Tn_4,Transposase from transposon Tn916,BS:PROKKA_02915,,,ab initio prediction:Prodigal:2.6;similar to AA sequence:UniProtKB:P22886,3046006,3046933
S1A_contig_030,CDS,1661,2048,-,387,PROKKA_02916,,Type I restriction modification DNA specificity domain protein,BS:PROKKA_02916,,,ab initio prediction:Prodigal:2.6;protein motif:Pfam:PF01420.13,3046980,3047367
S1A_contig_031,CDS,525,759,+,234,PROKKA_02917,,hypothetical protein,BS:PROKKA_02917,,,ab initio prediction:Prodigal:2.6,3048084,3048318
S1A_contig_033,CDS,9,735,-,726,PROKKA_02918,,Transposase,BS:PROKKA_02918,,,ab initio prediction:Prodigal:2.6;protein motif:Pfam:PF01610.11,3050502,3051228
S1A_contig_037,CDS,150,549,-,399,PROKKA_02919,,hypothetical protein,BS:PROKKA_02919,,,ab initio prediction:Prodigal:2.6,3053552,3053951
S1A_contig_039,CDS,22,466,-,444,PROKKA_02920,,Phage tail protein,BS:PROKKA_02920,,,ab initio prediction:Prodigal:2.6;protein motif:Pfam:PF05709.5,3054534,3054978
S1A_contig_040,CDS,22,466,-,444,PROKKA_02921,,Phage tail protein,BS:PROKKA_02921,,,ab initio prediction:Prodigal:2.6;protein motif:Pfam:PF05709.5,3055037,3055481
S1A_contig_046,tRNA,89,164,-,75,PROKKA_02922,,tRNA-Ala,,,,COORDINATES: profile:Aragorn:1.2,3057819,3057894
S1A_contig_046,tRNA,197,271,-,74,PROKKA_02923,,tRNA-Ile,,,,COORDINATES: profile:Aragorn:1.2,3057927,3058001
S1A_contig_052,tRNA,86,159,-,73,PROKKA_02924,,tRNA-Thr,,,,COORDINATES: profile:Aragorn:1.2,3059711,3059784
